ASSISTED BY,Timestamp,Client number,Surname,Given Name,Middle Name,Sex,Age,Types of Clients,Transaction / Service ,"Bilis ng Sebisyo (Timeliness)
Ang oras ng pagproseso ng inyong application/request ay akma o mas mabilis kaysa sa inaasahan","Pakikitungo sa Kliyente (Client Handilng)
Magalang at propesyonal ang pakikitungo ng kawani na nagbibigay ng serbisyo","Kalidad ng Serbisyo (Quality of Service)
Ang Serbisyo o dokumentong natanggap ko ay tumpak, kumpleto, at walang kamalian","Overall Satisfaction
Lubos akong nasiyahan sa serbisyong aking natanggap",Mga Komento o Suhestiyon kung paano pa mapapabuti ang aming mga serbisyo (Comment or Suggestion)
JOHN,8/7/2026 11:24:11,46241,Lopez,Daniel,Teodoro,Male,22,Pasigueño,SCSR,4. Strong Agree,4. Strong Agree,4. Strong Agree,4. Strong Agree,0
JOHN,8/7/2026 11:42:24,46241,Tan,Ian,Aragon,Female,48,Pasigueño,SCSR,4. Strong Agree,4. Strong Agree,4. Strong Agree,4. Strong Agree,GOOD
JOHN,8/7/2026 11:45:38,46241,Ortega,Nina,Valerio,Female,72,Pasigueño,SCSR,4. Strong Agree,4. Strong Agree,4. Strong Agree,4. Strong Agree,SALAMAT PO
JOHN,8/7/2026 12:19:51,46241,Bautista,Nathan,Cuenca,Male,66,Pasigueño,SCSR,4. Strong Agree,4. Strong Agree,4. Strong Agree,4. Strong Agree,VERY GOOD IN SERVICE !!! THANK U
KENNETH,8/7/2026 13:00:54,46241,Pascual,Janine,Ferrer,Male,77,Pasigueño,SCSR,4. Strong Agree,4. Strong Agree,4. Strong Agree,4. Strong Agree,Salamat sa mabilis na proseso
KENNETH,8/7/2026 13:06:38,46241,David,Angela,Serrano,Male,3,Pasigueño,SCSR,4. Strong Agree,4. Strong Agree,4. Strong Agree,4. Strong Agree,Salamat sa mabilis na transaksyon!
JOHN,8/7/2026 14:00:36,46241,Camacho,Pauline,Isidro,Female,46,Pasigueño,SCSR,2. DisAgree,4. Strong Agree,3. Agree,4. Strong Agree,TIME LANG PO TALGANG MATAGAL
JOHN,8/7/2026 14:43:57,46241,Dumlao,Nicole,Sebastian,Female,43,Pasigueño,SCSR,4. Strong Agree,4. Strong Agree,4. Strong Agree,4. Strong Agree,FAST  SERVICE
JOHN,8/7/2026 14:55:54,46241,Vargas,Karen,Nolasco,Female,62,Pasigueño,SCSR,3. Agree,4. Strong Agree,3. Agree,3. Agree,SANA MAY INTERNET CONNECTION PARA SA MGA CLENT .THANK U
JOHN,8/7/2026 15:24:23,46241,Magsino,Carmela,Galang,Female,7 DAYS,Pasigueño,SCSR,2. DisAgree,3. Agree,2. DisAgree,2. DisAgree,"MABAGAL PROCESS NILA, PURO MALI-MALI DOCS NILA"
JOHN,8/7/2026 15:26:42,46241,Santos,Lara,Eusebio,Male,57,Pasigueño,Others,4. Strong Agree,4. Strong Agree,4. Strong Agree,4. Strong Agree,VERY GOOD ( SATISFIDED )
JOHN,8/7/2026 15:34:32,46241,Ilagan,Kevin,Villar,Male,52,Pasigueño,SCSR,1. Strong Disagree,1. Strong Disagree,1. Strong Disagree,1. Strong Disagree,SUPER BAGAL PROCESS
JOHN,8/7/2026 15:36:06,46241,Arellano,Nina,Isidro,Male,51,Pasigueño,SCSR,4. Strong Agree,4. Strong Agree,4. Strong Agree,4. Strong Agree,GOOD
JOHN,8/7/2026 15:38:11,46241,Ramos,Stephanie,Briones,Female,38,Pasigueño,SCSR,4. Strong Agree,4. Strong Agree,4. Strong Agree,4. Strong Agree,SANA PO  MY FREE WIFI PARA SA MGA ONLINE CLIENT TO SUBMITTED
JOHN,8/7/2026 16:42:01,46241,Navarro,Janelle,Baluyot,Male,32,Pasigueño,SCSR,4. Strong Agree,4. Strong Agree,4. Strong Agree,4. Strong Agree,MABILIS NA PROCESS
JOHN,8/7/2026 16:44:20,46241,Del Rosario,Anna,Bayani,Female,46,Pasigueño,SCSR,4. Strong Agree,4. Strong Agree,4. Strong Agree,4. Strong Agree,GOOD SERVICE THANK YOU
JOHN,8/7/2026 16:48:30,46241,Concepcion,Bea,Esguerra,Male,56,Pasigueño,SCSR,4. Strong Agree,4. Strong Agree,4. Strong Agree,4. Strong Agree,GOOD
KENNETH,8/7/2026 17:17:58,46241,Ortega,Marvin,Briones,Male,32,Pasigueño,SCSR,4. Strong Agree,4. Strong Agree,4. Strong Agree,4. Strong Agree,None
RHEA,8/10/2026 15:07:28,46244,Mendoza,Clarisse,Estrella,Male,38,Pasigueño,SCSR,4. Strong Agree,4. Strong Agree,4. Strong Agree,4. Strong Agree,None
RHEA,8/10/2026 15:19:33,46244,Santiago,Joshua,Amador,Male,53,Pasigueño,SCSR,4. Strong Agree,4. Strong Agree,4. Strong Agree,4. Strong Agree,None
RHEA,8/10/2026 15:21:50,46244,Lim,Bryan,Fajardo,Male,37,Pasigueño,SCSR,4. Strong Agree,4. Strong Agree,4. Strong Agree,4. Strong Agree,None
RHEA,8/10/2026 16:11:20,46244,Cruz,Carmela,Padilla,Female,46,Pasigueño,SCSR,4. Strong Agree,4. Strong Agree,4. Strong Agree,4. Strong Agree,Maayos at mabilis na naisagawa
RHEA,8/10/2026 16:47:19,46244,Velasco,Phoebe,Pineda,Female,46,Pasigueño,SCSR,4. Strong Agree,4. Strong Agree,4. Strong Agree,4. Strong Agree,good service 
RHEA,8/10/2026 16:49:04,46244,Camacho,Bianca,Lazaro,Male,16,Pasigueño,SCSR,4. Strong Agree,4. Strong Agree,4. Strong Agree,4. Strong Agree,mam Rhea assist me so well...better service now
RHEA,8/10/2026 16:52:26,46244,Villanueva,Erica,Ilustre,Male,70,Pasigueño,SCSR,4. Strong Agree,4. Strong Agree,4. Strong Agree,4. Strong Agree,GOOD JOB MAM RHEA
CECIL,8/11/2026 8:55:59,46245,Abad,Cedric,Ventura,Female,58,Pasigueño,SCSR,4. Strong Agree,4. Strong Agree,4. Strong Agree,4. Strong Agree,
CECIL,8/11/2026 8:58:23,46245,Aquino,Hannah,Ilustre,Male,1,Pasigueño,SCSR,4. Strong Agree,3. Agree,3. Agree,3. Agree,
KENNETH,8/11/2026 10:48:38,46245,Concepcion,Nina,Granada,Male,72,Pasigueño,SCSR,4. Strong Agree,4. Strong Agree,4. Strong Agree,4. Strong Agree,THANK YOU ;)
KENNETH,8/11/2026 10:51:02,46245,David,Marco,Eusebio,Male,15 DAYS,Pasigueño,SCSR,4. Strong Agree,4. Strong Agree,4. Strong Agree,4. Strong Agree,MAAYOS NA SERVICE
KENNETH,8/11/2026 10:53:01,46245,Legaspi,Isabel,Cayanan,Female,55,Pasigueño,SCSR,4. Strong Agree,4. Strong Agree,4. Strong Agree,4. Strong Agree,SATISFY :)
KENNETH,8/11/2026 10:55:43,46245,Robles,Danica,Arceo,Male,65,Pasigueño,SCSR,4. Strong Agree,4. Strong Agree,4. Strong Agree,4. Strong Agree,EXCELLENT SERVICE
KENNETH,8/11/2026 10:57:45,46245,Abella,Hannah,Neri,Female,65,Pasigueño,SCSR,4. Strong Agree,4. Strong Agree,4. Strong Agree,4. Strong Agree,EXCELLENT SERVICE
KENNETH,8/11/2026 11:03:50,46245,Robles,Kimberly,Sarmiento,Male,33,Pasigueño,CERTIFICATE OF INDIGENCY,4. Strong Agree,4. Strong Agree,4. Strong Agree,4. Strong Agree,NO COMENT
KENNETH,8/11/2026 11:06:25,46245,Reyes,Danica,Hidalgo,Male,2 MONTH OLD,Pasigueño,SCSR,4. Strong Agree,4. Strong Agree,4. Strong Agree,4. Strong Agree,CONVENTENT AND VERY FAST..THANK YOU VERY MUCH
KENNETH,8/11/2026 11:08:11,46245,Lopez,Kimberly,Imperial,Female,13,Pasigueño,SCSR,4. Strong Agree,4. Strong Agree,4. Strong Agree,4. Strong Agree,MABILIS AND PROSESO
KENNETH,8/11/2026 12:46:35,46245,Calderon,Julia,Granada,Female,72,Pasigueño,SCSR,3. Agree,3. Agree,3. Agree,3. Agree,SANA MEDYO MABILIS NA SA SUSUNOD
RHEA,8/11/2026 12:48:07,46245,Fabian,Benedict,Delos Reyes,Male,76,Pasigueño,SCSR,4. Strong Agree,4. Strong Agree,4. Strong Agree,4. Strong Agree,Mas mabilis na Po kesa sa dati .. 
JOHN,8/11/2026 12:55:05,46245,Santiago,Rafael,Valerio,Male,36,Pasigueño,SCSR,4. Strong Agree,4. Strong Agree,4. Strong Agree,4. Strong Agree,MAAYOS FIT MAASIKESO
KENNETH,8/11/2026 12:57:37,46245,Flores,Isabel,Quizon,Male,.,Pasigueño,SCSR,3. Agree,3. Agree,3. Agree,3. Agree,MATAGAL LANG AND PROSESO
KENNETH,8/11/2026 13:00:36,46245,Castillo,Samantha,Roxas,Female,64,Pasigueño,SCSR,3. Agree,3. Agree,3. Agree,3. Agree,NAP AT THIS TIME
KENNETH,8/11/2026 13:03:40,46245,Ortega,Elaine,Jalandoni,Male,61,Pasigueño,SCSR,4. Strong Agree,4. Strong Agree,4. Strong Agree,4. Strong Agree,VERY GOOD THANK YOU!
KENNETH,8/11/2026 13:06:12,46245,Mendoza,Carlo,Esteban,Female,73,Pasigueño,SCSR,4. Strong Agree,4. Strong Agree,4. Strong Agree,4. Strong Agree,MAAYOS NA PAG TANGGAP
KENNETH,8/11/2026 13:09:16,46245,Canlas,Vincent,Eusebio,Male,56,Pasigueño,SCSR,4. Strong Agree,4. Strong Agree,4. Strong Agree,4. Strong Agree,ANCOMADATION
KENNETH,8/11/2026 13:11:16,46245,Fernandez,Daniel,Pineda,Male,60,Pasigueño,SCSR,4. Strong Agree,4. Strong Agree,4. Strong Agree,4. Strong Agree,VERY GOOD
KENNETH,8/11/2026 13:13:13,46245,Castro,Sophia,Hilario,Male,61,Pasigueño,SCSR,3. Agree,3. Agree,3. Agree,3. Agree,THANK YOU FOR ALWAYS ASSISTING US !! KEEP UP THE GOOD WORK
KENNETH,8/12/2026 9:25:34,46245,Fabian,Paolo,Villar,Male,63,Pasigueño,SCSR,4. Strong Agree,4. Strong Agree,4. Strong Agree,4. Strong Agree,MAAYOS AT MABILIS ANG MGA PROSESO
KENNETH,8/11/2026 0:00:00,46245,Castro,Carlo,Nolasco,Female,56,Pasigueño,SCSR,4. Strong Agree,4. Strong Agree,4. Strong Agree,4. Strong Agree,TY
KENNETH,8/11/2026 0:00:00,46245,Evangelista,Diana,Arceo,Male,78,Pasigueño,SCSR,2. DisAgree,3. Agree,4. Strong Agree,4. Strong Agree,
KENNETH,8/12/2026 9:30:56,46245,Navarro,Bea,Guevarra,Male,71,Pasigueño,SCSR,4. Strong Agree,4. Strong Agree,4. Strong Agree,4. Strong Agree,MABILIS AT MAAYOS NA SERBISYO ANG NAIBIBIGAY
KENNETH,8/11/2026 0:00:00,46245,Manalo,Cedric,Villar,Female,56,Pasigueño,SCSR,4. Strong Agree,4. Strong Agree,4. Strong Agree,4. Strong Agree,THANK YOU 
KENNETH,8/11/2026 0:00:00,46245,Guerrero,Alvin,Panganiban,Female,21,Pasigueño,SCSR,4. Strong Agree,4. Strong Agree,4. Strong Agree,4. Strong Agree,TY
KENNETH,8/11/2026 0:00:00,46245,Reyes,Mikaela,Katigbak,Male,38,Pasigueño,SCSR,4. Strong Agree,4. Strong Agree,4. Strong Agree,4. Strong Agree,TY
KENNETH,8/11/2026 0:00:00,46245,Dumlao,Renzo,Katigbak,Male,46,Pasigueño,SCSR,4. Strong Agree,4. Strong Agree,4. Strong Agree,4. Strong Agree,SATISFACTORY
KENNETH,8/11/2026 0:00:00,46245,Aguilar,Mikaela,Sandejas,Female,32,Pasigueño,SCSR,4. Strong Agree,4. Strong Agree,4. Strong Agree,4. Strong Agree,MABILIS AND SERBISYO
KENNETH,8/12/2026 9:41:55,46246,Ilagan,Sophia,Madrigal,Female,61,Pasigueño,SCSR,3. Agree,3. Agree,3. Agree,3. Agree,
KENNETH,8/11/2026 0:00:00,46245,Corpuz,Clarisse,Casilao,Female,42,Pasigueño,SCSR,4. Strong Agree,4. Strong Agree,4. Strong Agree,4. Strong Agree,GOOD SERVICE THANK YOU
KENNETH,8/11/2026 0:00:00,46245,Tan,Camille,Almario,Male,5,Pasigueño,SCSR,4. Strong Agree,4. Strong Agree,4. Strong Agree,4. Strong Agree,GOOD JOB !!
KENNETH,8/11/2026 0:00:00,46245,Valencia,Kevin,Ventura,Female,22,Pasigueño,SCSR,4. Strong Agree,4. Strong Agree,4. Strong Agree,4. Strong Agree,MAAYOS AT FRIENDLY MGA STAFF
KENNETH,8/11/2026 0:00:00,46245,Torres,Mariel,Macaraeg,Male,76,Pasigueño,INQUIRY,4. Strong Agree,4. Strong Agree,4. Strong Agree,4. Strong Agree,GOOD  JOB
KENNETH,8/12/2026 9:55:55,46246,Soriano,Hazel,Padilla,Female,84,Pasigueño,SCSR,4. Strong Agree,4. Strong Agree,4. Strong Agree,4. Strong Agree,GOOD JOB
KENNETH,8/12/2026 9:57:33,46245,Velasco,Justin,Tiongson,Female,50,Pasigueño,SCSR,4. Strong Agree,4. Strong Agree,4. Strong Agree,4. Strong Agree,GOOD SERVICE
KENNETH,8/12/2026 9:59:12,46246,Fernandez,Karen,Sison,Female,44,Pasigueño,SCSR,4. Strong Agree,4. Strong Agree,4. Strong Agree,4. Strong Agree,GOOD JOB
KENNETH,8/12/2026 10:01:52,46246,Francisco,Lea,Serrano,Male,57,Pasigueño,SCSR,2. DisAgree,4. Strong Agree,3. Agree,3. Agree,FAST ACCOMODATION AT SOME CASES ARE URGENT
KENNETH,8/12/2026 10:03:54,46246,Corpuz,Sophia,Dalisay,Male,67,Pasigueño,SCSR,3. Agree,3. Agree,3. Agree,3. Agree,OKEY NAMAN PO THANK YOU
KENNETH,8/12/2026 10:05:59,46246,Hernandez,Phoebe,Tiongson,Female,62,Pasigueño,SCSR,4. Strong Agree,4. Strong Agree,4. Strong Agree,4. Strong Agree,GOOD JOB SATISFIED INDEED
KENNETH,8/12/2026 10:07:38,46246,Santos,Renzo,Briones,Male,53,Pasigueño,SCSR,4. Strong Agree,4. Strong Agree,4. Strong Agree,4. Strong Agree,GOOD SERVICE
KENNETH,8/12/2026 11:05:06,46246,Manalo,Patricia,Montemayor,Female,61,Pasigueño,SCSR,4. Strong Agree,4. Strong Agree,4. Strong Agree,4. Strong Agree,GOOD JOB
KENNETH,8/12/2026 11:08:54,46246,Del Rosario,Mariel,Capili,Male,5  MONTHS OLD,Pasigueño,SCSR,4. Strong Agree,4. Strong Agree,4. Strong Agree,4. Strong Agree,MABILIS PROSESO
KENNETH,8/12/2026 11:10:23,46246,Beltran,Nicole,Lansangan,Female,49,Pasigueño,SCSR,4. Strong Agree,4. Strong Agree,4. Strong Agree,4. Strong Agree,TY
KENNETH,8/12/2026 11:12:15,46246,Tolentino,Vincent,Gamboa,Male,66,Pasigueño,SCSR,4. Strong Agree,4. Strong Agree,4. Strong Agree,4. Strong Agree,TY
KENNETH,8/12/2026 11:13:51,46246,Camacho,Danica,Jalandoni,Male,69,Pasigueño,SCSR,4. Strong Agree,4. Strong Agree,4. Strong Agree,4. Strong Agree,VERY GOOD 
KENNETH,8/12/2026 11:20:06,46246,Flores,Kyle,Dimaculangan,Female,63,Pasigueño,SCSR,3. Agree,3. Agree,3. Agree,3. Agree,GOOD 
KENNETH,8/12/2026 11:25:15,46246,Ilagan,Ian,Casilao,BOLALIN,38,Pasigueño,SCSR,4. Strong Agree,4. Strong Agree,4. Strong Agree,4. Strong Agree,VERY GOOD SERVICE
KENNETH,8/12/2026 11:26:44,46246,Valdez,Rafael,Pineda,Female,51,Pasigueño,SCSR,4. Strong Agree,4. Strong Agree,4. Strong Agree,4. Strong Agree,VERY GOOD SERVICE
KENNETH,8/12/2026 12:34:58,46246,Magsino,Janine,Valerio,Male,74,Pasigueño,SCSR,4. Strong Agree,4. Strong Agree,4. Strong Agree,4. Strong Agree,SATISFLIED WITH THE SERVICE
KENNETH,8/12/2026 12:36:38,46246,Valencia,Anthony,Macaraeg,Female,89,Pasigueño,SCSR,4. Strong Agree,4. Strong Agree,4. Strong Agree,4. Strong Agree,GOOOD JOB
KENNETH,8/12/2026 12:38:55,46246,Gatchalian,Marco,Isidro,Male,41,Pasigueño,SCSR,3. Agree,3. Agree,3. Agree,3. Agree,GOOD SERVICE
KENNETH,8/12/2026 12:40:28,46246,Salazar,Rina,Marasigan,Female,35,Pasigueño,SCSR,4. Strong Agree,4. Strong Agree,4. Strong Agree,4. Strong Agree,THANK YOU FOR SERVICE
KENNETH,8/12/2026 13:29:38,46246,Morales,Julia,Roldan,Female,59,Pasigueño,SCSR,3. Agree,4. Strong Agree,3. Agree,3. Agree,WALAP O
KENNETH,8/12/2026 16:45:00,46246,Domingo,Janine,Manansala,Male,66,Pasigueño,SCSR,4. Strong Agree,4. Strong Agree,4. Strong Agree,4. Strong Agree,THANKS
KENNETH,8/12/2026 16:50:32,46246,Ramos,Marvin,Villar,Male,64,Pasigueño,SCSR,4. Strong Agree,4. Strong Agree,4. Strong Agree,4. Strong Agree,GOOD JOB
KENNETH,8/12/2026 16:54:31,46246,Castillo,Lorraine,Sison,Female,56,Pasigueño,SCSR,4. Strong Agree,4. Strong Agree,4. Strong Agree,4. Strong Agree,Ty
KENNETH,8/12/2026 16:56:38,46246,Evangelista,Jasmine,Macaraeg,Male,85,Pasigueño,SCSR,4. Strong Agree,4. Strong Agree,4. Strong Agree,4. Strong Agree,Ty
KENNETH,8/12/2026 16:58:48,46246,Abad,Sophia,Dizon,Female,51,Non- Pasigueño,SCSR,4. Strong Agree,4. Strong Agree,4. Strong Agree,"4. Strong Agree, 2. DisAgree",Mabilis process 
KENNETH,8/12/2026 17:01:01,46246,Domingo,Lea,Bayani,Female,56,Pasigueño,SCSR,4. Strong Agree,4. Strong Agree,4. Strong Agree,4. Strong Agree,Very good
KENNETH,8/12/2026 17:03:23,46254,Quezon,Julia,Ventura,Male,78,Pasigueño,SCSR,1. Strong Disagree,4. Strong Agree,1. Strong Disagree,1. Strong Disagree,OK maayos
KENNETH,8/12/2026 17:06:07,46246,Javier,Alvin,Eusebio,Female,33,Pasigueño,SCSR,4. Strong Agree,4. Strong Agree,4. Strong Agree,4. Strong Agree,Ok
KENNETH,8/12/2026 17:08:14,46246,Navarro,Emmanuel,Vergara,Male,22,Pasigueño,SCSR,3. Agree,3. Agree,3. Agree,3. Agree,Good service
KENNETH,8/12/2026 17:10:08,46246,De Guzman,Mikaela,Basco,Female,71,Pasigueño,SCSR,2. DisAgree,4. Strong Agree,3. Agree,3. Agree,Wala
KENNETH,8/12/2026 17:11:58,46246,Castro,Karen,Quijano,Female,63,Pasigueño,SCSR,3. Agree,3. Agree,3. Agree,4. Strong Agree,Thank you
KENNETH,8/12/2026 17:14:48,46246,Robles,Cedric,Macaraeg,Female,44,Pasigueño,SCSR,4. Strong Agree,4. Strong Agree,4. Strong Agree,4. Strong Agree,Very good
KENNETH,8/12/2026 17:17:48,46246,Torres,Clarisse,Yambao,Male,1,Pasigueño,SCSR,3. Agree,4. Strong Agree,4. Strong Agree,4. Strong Agree,Maayos naman ang mga tauhan
KENNETH,8/12/2026 17:21:41,46246,Corpuz,Angela,Umali,Female,44,Pasigueño,SCSR,4. Strong Agree,4. Strong Agree,4. Strong Agree,4. Strong Agree,Thank you po
KENNETH,8/12/2026 17:25:46,46253,De Leon,Janine,Macaraeg,Female,62,Pasigueño,SCSR,4. Strong Agree,4. Strong Agree,4. Strong Agree,4. Strong Agree,Masipag at Mabuting mga staff
KENNETH,8/12/2026 17:42:39,46246,Garcia,Bryan,Bayani,Male,11,Pasigueño,SCSR,4. Strong Agree,4. Strong Agree,4. Strong Agree,4. Strong Agree,Ty
KENNETH,8/12/2026 17:44:51,46246,Andrada,Gabriel,Dimaculangan,Female,59,Pasigueño,SCSR,4. Strong Agree,4. Strong Agree,4. Strong Agree,4. Strong Agree,Very past response ang mga staff 
KENNETH,8/12/2026 17:46:38,46246,Gonzales,Lawrence,Razon,Male,48,Pasigueño,SCSR,4. Strong Agree,4. Strong Agree,4. Strong Agree,4. Strong Agree,Ty
KENNETH,8/12/2026 17:48:24,46246,Javier,Nina,Mallari,Female,59,Pasigueño,SCSR,4. Strong Agree,4. Strong Agree,4. Strong Agree,4. Strong Agree,Considenete and excellent very good
KENNETH,8/12/2026 17:51:05,46246,Fabian,Sophia,Zaragoza,Male,40,Pasigueño,SCSR,4. Strong Agree,4. Strong Agree,4. Strong Agree,4. Strong Agree,Marami salamat
KENNETH,8/12/2026 17:53:08,46246,Labrador,Francis,Padilla,Female,13,Pasigueño,SCSR,4. Strong Agree,4. Strong Agree,4. Strong Agree,4. Strong Agree,Good
KENNETH,8/12/2026 17:55:19,46246,Soriano,Nicole,Pangilinan,Male,43,Pasigueño,SCSR,4. Strong Agree,4. Strong Agree,4. Strong Agree,4. Strong Agree,"Very accommodating, friendly and informative"
KENNETH,8/12/2026 17:57:08,46246,Lacson,Daniel,Alonzo,Male,74,Pasigueño,SCSR,2. DisAgree,4. Strong Agree,4. Strong Agree,4. Strong Agree,Sana Mas mabilis service 
KENNETH,8/12/2026 17:59:06,46246,Arriola,Trisha,Dimaculangan,Male,50,Pasigueño,SCSR,4. Strong Agree,4. Strong Agree,4. Strong Agree,4. Strong Agree,Maganda at mabilis and serbisyo cswdo
KENNETH,8/13/2026 10:40:19,46247,Enriquez,Clarisse,Amador,Female,59,Pasigueño,SCSR,4. Strong Agree,4. Strong Agree,4. Strong Agree,4. Strong Agree,T.Y
KENNETH,8/13/2026 10:43:30,46247,Magsino,Rina,Acevedo,Male,61,Pasigueño,SCSR,4. Strong Agree,4. Strong Agree,4. Strong Agree,4. Strong Agree,MARAMI SALAMAT SANA MARAMI KAYO MATULUGAN
KENNETH,8/13/2026 10:46:08,46247,Cabrera,Angelo,Estrella,Female,55,Pasigueño,SCSR,4. Strong Agree,4. Strong Agree,3. Agree,4. Strong Agree,MARAMI SALAMAT
KENNETH,8/13/2026 10:54:09,46247,Andrada,Hannah,Quijano,Female,64,Pasigueño,SCSR,4. Strong Agree,4. Strong Agree,4. Strong Agree,4. Strong Agree,TNK U
KENNETH,8/13/2026 12:27:49,46247,Camacho,Aileen,Katigbak,Female,32,Pasigueño,SCSR,3. Agree,3. Agree,3. Agree,3. Agree,TY
KENNETH,8/13/2026 12:29:49,46247,Bautista,Lea,Henson,Male,16,Pasigueño,SCSR,3. Agree,3. Agree,3. Agree,3. Agree,TY
KENNETH,8/13/2026 12:33:32,46247,Quezon,Ryan,Gamboa,Female,64,Pasigueño,SCSR,4. Strong Agree,4. Strong Agree,4. Strong Agree,4. Strong Agree,THANK U
KENNETH,8/13/2026 13:26:17,46247,Magsino,Carmela,Dalisay,Male,68,Pasigueño,SCSR,4. Strong Agree,4. Strong Agree,4. Strong Agree,4. Strong Agree,NOT SO FAST
KENNETH,8/13/2026 13:28:47,46247,Alvarado,Sophia,Serrano,Male,60,Pasigueño,SCSR,4. Strong Agree,4. Strong Agree,4. Strong Agree,4. Strong Agree,GOOD
KENNETH,8/13/2026 16:10:14,46247,Fernandez,Justin,Imperial,Male,50,Pasigueño,SCSR,3. Agree,3. Agree,3. Agree,3. Agree,SAFISFACTORY IN MY PART
KENNETH,8/13/2026 16:27:09,46247,Perez,Ella,Jalandoni,Female,57,Pasigueño,SCSR,4. Strong Agree,4. Strong Agree,4. Strong Agree,4. Strong Agree,GOOD AND FASTER
KENNETH,8/13/2026 16:31:54,46247,Rosales,Cedric,Soliman,Male,86,Pasigueño,SCSR,4. Strong Agree,4. Strong Agree,4. Strong Agree,4. Strong Agree,SALAMAT
KENNETH,8/13/2026 16:34:16,46247,Torres,Alvin,Montemayor,Female,24,Pasigueño,SCSR,4. Strong Agree,4. Strong Agree,4. Strong Agree,4. Strong Agree,SALAMAT SERVICE LALO MABILIS
KENNETH,8/13/2026 16:36:16,46247,Lopez,Stephanie,Nepomuceno,Male,71,Pasigueño,SCSR,4. Strong Agree,4. Strong Agree,4. Strong Agree,4. Strong Agree,GOOD
KENNETH,8/13/2026 16:39:14,46247,Borja,Zachary,Marasigan,Female,48,Pasigueño,SCSR,4. Strong Agree,4. Strong Agree,4. Strong Agree,4. Strong Agree,TY
KENNETH,8/13/2026 16:41:28,46247,Arellano,Mikaela,Hidalgo,Female,66,Pasigueño,INQUIRY,1. Strong Disagree,1. Strong Disagree,1. Strong Disagree,1. Strong Disagree,SOBRA BAGAL
KENNETH,8/13/2026 16:42:38,46247,Arellano,Trisha,Tabora,Male,21,Pasigueño,SCSR,4. Strong Agree,4. Strong Agree,4. Strong Agree,4. Strong Agree,SALAMAT
KENNETH,8/13/2026 16:44:11,46247,Fabian,Adrian,Sarmiento,Female,66,Pasigueño,SCSR,4. Strong Agree,4. Strong Agree,4. Strong Agree,4. Strong Agree,THANK YOU
KENNETH,8/13/2026 16:45:18,46247,Yap,Lara,Henson,Male,3,Pasigueño,SCSR,4. Strong Agree,4. Strong Agree,4. Strong Agree,4. Strong Agree,SALAMAT
KENNETH,8/13/2026 16:46:50,46247,Rosales,Justin,Samson,Female,13,Pasigueño,SCSR,2. DisAgree,2. DisAgree,2. DisAgree,2. DisAgree,MABAGAL
KENNETH,8/13/2026 16:49:31,46247,Vargas,Phoebe,Montemayor,Female,38,Pasigueño,SCSR,1. Strong Disagree,1. Strong Disagree,1. Strong Disagree,1. Strong Disagree,SOBRA BAGAL
KENNETH,8/13/2026 16:50:59,46247,Labrador,Carlo,Alonzo,Female,55,Pasigueño,SCSR,1. Strong Disagree,1. Strong Disagree,1. Strong Disagree,1. Strong Disagree,BAGAL
KENNETH,8/13/2026 16:52:32,46247,Soriano,Denise,Delos Reyes,Male,73,Pasigueño,SCSR,4. Strong Agree,4. Strong Agree,4. Strong Agree,4. Strong Agree,GOOD JOB
JOHN,8/13/2026 16:54:25,46247,Bonifacio,Zachary,Guevarra,Female,58,Pasigueño,SCSR,4. Strong Agree,4. Strong Agree,4. Strong Agree,4. Strong Agree,GOOB  JOB
JOHN,8/13/2026 16:58:35,46247,Lacson,Clarisse,Ledesma,Female,51,Pasigueño,SCSR,4. Strong Agree,4. Strong Agree,4. Strong Agree,4. Strong Agree,GOOD JOB
JOHN,8/13/2026 17:17:23,46247,Castro,Aaron,Isidro,Male,59,Pasigueño,SCSR,3. Agree,3. Agree,3. Agree,3. Agree,GOOD
JOHN,8/13/2026 17:19:30,46247,Valdez,Karen,Umali,Male,28,Pasigueño,SCSR,4. Strong Agree,4. Strong Agree,4. Strong Agree,4. Strong Agree,
JOHN,8/13/2026 17:20:50,46247,Abad,Marvin,Esteban,Female,67,Pasigueño,SCSR,4. Strong Agree,4. Strong Agree,4. Strong Agree,4. Strong Agree,GOOD
JOHN,8/13/2026 17:22:11,46247,Hernandez,Leonard,Zaragoza,Female,75,Pasigueño,SCSR,4. Strong Agree,4. Strong Agree,4. Strong Agree,4. Strong Agree,GOOD
JOHN,8/13/2026 17:23:29,46247,Labrador,Aileen,Valerio,Female,44,Pasigueño,SCSR,4. Strong Agree,4. Strong Agree,4. Strong Agree,4. Strong Agree,THANKS !!!
JOHN,8/13/2026 17:24:50,46247,Alcantara,Zachary,Sarmiento,Female,66,Pasigueño,SCSR,4. Strong Agree,4. Strong Agree,4. Strong Agree,4. Strong Agree,OK !
JOHN,8/13/2026 17:57:58,46247,Legaspi,Kevin,Cordero,Male,55,Pasigueño,SCSR,4. Strong Agree,4. Strong Agree,4. Strong Agree,4. Strong Agree,
KENNETH,8/14/2026 7:58:06,46248,Valencia,Leonard,Marasigan,Female,46,Pasigueño,SCSR,4. Strong Agree,4. Strong Agree,4. Strong Agree,4. Strong Agree,Mabilis at maayos ang kanilang pagtugon sa mga concerns o mga katanungan. 
KENNETH,8/14/2026 8:11:36,46248,Borja,Aaron,Pangilinan,Female,78,Pasigueño,INQUIRY,4. Strong Agree,4. Strong Agree,4. Strong Agree,4. Strong Agree,
KENNETH,8/14/2026 8:24:48,46248,Gatchalian,Rafael,Quintos,Female,65,Pasigueño,SCSR,3. Agree,4. Strong Agree,3. Agree,4. Strong Agree,Maganda po ang pakikitungo at maraming natutulungan
KENNETH,8/14/2026 8:31:56,46248,Tolentino,Miguel,Dizon,Male,67,Pasigueño,SCSR,4. Strong Agree,4. Strong Agree,4. Strong Agree,4. Strong Agree,"Nothing more to improve, they're all good public servant"
UNO,8/14/2026 10:59:18,46247,Beltran,Regine,Hilario,Female,41,Pasigueño,SCSR,4. Strong Agree,4. Strong Agree,4. Strong Agree,4. Strong Agree,Paki Bilisan Process
UNO,8/14/2026 11:02:39,46248,Alcantara,Ivan,Razon,Male,4,Pasigueño,SCSR,4. Strong Agree,4. Strong Agree,4. Strong Agree,4. Strong Agree,SATISFIED
UNO,8/14/2026 11:05:23,46248,Gutierrez,Kevin,Jacinto,Female,31,Pasigueño,SCSR,4. Strong Agree,4. Strong Agree,4. Strong Agree,4. Strong Agree,GOOD
UNO,8/14/2026 11:08:25,46248,Gatchalian,Darren,Samson,Female,70,Pasigueño,SCSR,4. Strong Agree,4. Strong Agree,4. Strong Agree,4. Strong Agree,SALAMAT
KENNETH,8/14/2026 11:14:54,46248,Soriano,Anna,San Juan,Female,58,Pasigueño,SCSR,4. Strong Agree,4. Strong Agree,4. Strong Agree,4. Strong Agree,SALAMAT
KENNETH,8/14/2026 11:20:30,46248,Gutierrez,Marco,Isidro,Female,89,Pasigueño,SCSR,4. Strong Agree,4. Strong Agree,4. Strong Agree,4. Strong Agree,GOOD
KENNETH,8/14/2026 11:23:58,46247,Gonzales,Cedric,Aragon,Female,46,Pasigueño,SCSR,4. Strong Agree,4. Strong Agree,4. Strong Agree,4. Strong Agree,SALAMAT
KENNETH,8/14/2026 11:27:17,46247,Guerrero,Camille,Quizon,Female,2,Pasigueño,SCSR,4. Strong Agree,4. Strong Agree,4. Strong Agree,4. Strong Agree,NO COMMENT
KENNETH,8/14/2026 11:28:53,46248,Soriano,Miguel,Mallari,Female,8,Pasigueño,SCSR,4. Strong Agree,4. Strong Agree,4. Strong Agree,4. Strong Agree,Very good service
KENNETH,8/14/2026 11:30:42,46248,Arellano,Ella,Granada,Male,67,Pasigueño,SCSR,4. Strong Agree,4. Strong Agree,4. Strong Agree,"4. Strong Agree, 3. Agree",thanks!
KENNETH,8/14/2026 11:34:28,46247,Ilagan,Karen,Casilao,Female,43,Pasigueño,SCSR,4. Strong Agree,4. Strong Agree,4. Strong Agree,4. Strong Agree,SALAMAT
KENNETH,8/14/2026 11:51:18,46247,Rivera,Kathleen,Soliman,Male,55,Pasigueño,SCSR,4. Strong Agree,4. Strong Agree,4. Strong Agree,4. Strong Agree,THANK YOU
KENNETH,8/14/2026 11:54:46,46247,Miranda,Ysabel,Madrigal,Female,50,Pasigueño,SCSR,4. Strong Agree,4. Strong Agree,4. Strong Agree,4. Strong Agree,GOOD SERVICE
KENNETH,8/14/2026 12:35:16,8/14/0026,Ignacio,Clarisse,Sison,Male,85,Pasigueño,SCSR,4. Strong Agree,4. Strong Agree,4. Strong Agree,4. Strong Agree,mabait
KENNETH,8/14/2026 12:40:39,46248,Aguilar,Bea,San Juan,Female,52,Pasigueño,SCSR,3. Agree,3. Agree,3. Agree,3. Agree,MABAGAL
KENNETH,8/14/2026 12:42:50,46248,Pascual,Stephanie,Roldan,Male,52,Pasigueño,SCSR,4. Strong Agree,4. Strong Agree,4. Strong Agree,4. Strong Agree,OK
KENNETH,8/14/2026 12:43:47,8/14/0026,Borja,Elaine,Roxas,Male,51,Pasigueño,"SCSR, ",4. Strong Agree,4. Strong Agree,4. Strong Agree,4. Strong Agree,ok
KENNETH,8/14/2026 12:45:32,46248,Alvarado,Stephanie,Dimaculangan,Female,74,Pasigueño,SCSR,4. Strong Agree,4. Strong Agree,4. Strong Agree,4. Strong Agree,MABAIT
KENNETH,8/14/2026 12:46:37,8/14/0026,Alvarado,Mikaela,Ferrer,Male,35,Pasigueño,SCSR,4. Strong Agree,4. Strong Agree,4. Strong Agree,4. Strong Agree,very good
KENNETH,8/14/2026 12:47:26,8/14/0026,Guerrero,Carmela,Cabral,Female,64,Pasigueño,SCSR,4. Strong Agree,4. Strong Agree,4. Strong Agree,4. Strong Agree,thanks
KENNETH,8/14/2026 12:48:09,8/14/0026,Zamora,Nina,Sarmiento,Female,38,Pasigueño,SCSR,4. Strong Agree,4. Strong Agree,4. Strong Agree,4. Strong Agree,salamat
KENNETH,8/14/2026 12:49:37,8/14/0026,Lim,Erica,Casilao,Male,51,Pasigueño,SCSR,2. DisAgree,3. Agree,3. Agree,3. Agree,matagal na proceso
KENNETH,8/14/2026 12:50:17,8/14/0026,Lim,Bea,Marasigan,Male,44,Pasigueño,SCSR,4. Strong Agree,4. Strong Agree,4. Strong Agree,4. Strong Agree,ok
KENNETH,8/14/2026 12:51:21,8/14/0026,Santos,Kristine,Isidro,Female,61,Pasigueño,SCSR,4. Strong Agree,4. Strong Agree,4. Strong Agree,4. Strong Agree,mabilis
KENNETH,8/14/2026 12:52:24,8/14/0026,Luna,Dominic,Quintos,Male,14,Pasigueño,SCSR,4. Strong Agree,4. Strong Agree,4. Strong Agree,4. Strong Agree,maraming salamat po
KENNETH,8/14/2026 12:59:02,46248,Malabanan,Christian,Roldan,Male,33,Pasigueño,SCSR,3. Agree,4. Strong Agree,3. Agree,3. Agree,
KENNETH,8/14/2026 13:10:44,21900,Mendoza,Rica,Roxas,Female,66,Pasigueño,SCSR,4. Strong Agree,4. Strong Agree,4. Strong Agree,4. Strong Agree,
KENNETH,8/14/2026 13:21:03,46248,Velasco,Anna,Briones,Male,35,Pasigueño,SCSR,2. DisAgree,4. Strong Agree,3. Agree,3. Agree,Matagal magrelease pinababalik pa kinabukasa 
KENNETH,8/14/2026 13:31:13,46247,David,Hazel,Aragon,Female,44,Pasigueño,SCSR,4. Strong Agree,4. Strong Agree,4. Strong Agree,4. Strong Agree,POLITE 
KENNETH,8/14/2026 13:36:02,46247,Alfonso,Kyle,Balagtas,Male,57,Pasigueño,SCSR,2. DisAgree,4. Strong Agree,3. Agree,3. Agree,"FAST, ACCOMMODATION AS SOME CASES ARE URGENT"
KENNETH,8/14/2026 13:51:32,46248,Bautista,Joanna,Barrientos,Male,39,Pasigueño,SCSR,4. Strong Agree,3. Agree,4. Strong Agree,4. Strong Agree,Ung lnbg po sna po 1day process lang pra hindi n po babalik kinabukasan po pra maasikaso po ung dapat maasikso
KENNETH,8/14/2026 14:13:00,46247,Luna,Bryan,Mallari,Female,53,Pasigueño,SCSR,3. Agree,4. Strong Agree,4. Strong Agree,4. Strong Agree,NONE
KENNETH,8/14/2026 14:16:28,46248,Torres,Nina,Benitez,Male,74,Pasigueño,SCSR,4. Strong Agree,4. Strong Agree,4. Strong Agree,4. Strong Agree,Ok no problem
KENNETH,8/14/2026 14:16:33,46247,Quezon,Ivan,Zaragoza,Male,32,Pasigueño,SCSR,4. Strong Agree,3. Agree,4. Strong Agree,4. Strong Agree,
KENNETH,8/14/2026 14:19:46,46247,Morales,Andrea,Recto,Female,24,Pasigueño,SCSR,4. Strong Agree,3. Agree,4. Strong Agree,4. Strong Agree,
KENNETH,8/14/2026 14:22:35,46247,De Guzman,Julia,Sarmiento,Male,29,Pasigueño,SCSR,4. Strong Agree,4. Strong Agree,4. Strong Agree,4. Strong Agree,
KENNETH,8/14/2026 14:32:31,46248,Alvarado,Grace,Bayani,Female,61,Pasigueño,SCSR,3. Agree,3. Agree,3. Agree,3. Agree,
KENNETH,8/14/2026 14:38:18,46246,Bautista,Mikaela,Acevedo,Female,1 WEEK,Pasigueño,SCSR,4. Strong Agree,4. Strong Agree,4. Strong Agree,4. Strong Agree,
KENNETH,8/14/2026 14:41:19,46248,Alfonso,Denise,Cayanan,Male,37,Pasigueño,SCSR,4. Strong Agree,4. Strong Agree,4. Strong Agree,4. Strong Agree,
KENNETH,8/14/2026 15:00:44,46247,Torres,Benedict,Nepomuceno,Male,35,Pasigueño,SCSR,3. Agree,4. Strong Agree,3. Agree,3. Agree,MABABAIT AT MASIKSO KASO LANG PINABABALIK
KENNETH,8/14/2026 15:03:28,46248,Tan,Ian,Lorenzo,Female,40,Pasigueño,SCSR,4. Strong Agree,4. Strong Agree,4. Strong Agree,4. Strong Agree,
KENNETH,8/14/2026 15:12:32,46248,Manalo,Rafael,Dimaculangan,Female,66,Pasigueño,SCSR,4. Strong Agree,4. Strong Agree,4. Strong Agree,4. Strong Agree,MABILIS NA AKSYON AT SERBISYO MAAYOS NA PAKIKIPAG USAP SA MARAMING SALAMAT PO
KENNETH,8/14/2026 15:21:14,46247,Jimenez,Hazel,Cordero,Male,33,Pasigueño,SCSR,3. Agree,3. Agree,3. Agree,3. Agree,"VERY SATISFIED, TREY WERE ACCOMODATING"
KENNETH,8/14/2026 15:57:25,46247,Legaspi,Noel,Alonzo,Male,14,Pasigueño,SCSR,4. Strong Agree,4. Strong Agree,4. Strong Agree,4. Strong Agree,OK
KENNETH,8/14/2026 16:01:15,46247,Camacho,Marco,Abesamis,Female,61,Pasigueño,SCSR,4. Strong Agree,4. Strong Agree,4. Strong Agree,4. Strong Agree,MABILIS
KENNETH,8/14/2026 16:05:16,46248,Abad,Lea,Sison,Female,47,Pasigueño,SCSR,4. Strong Agree,4. Strong Agree,4. Strong Agree,4. Strong Agree,Magaling magpaliwanag at marunong mag asikaso sa tao
KENNETH,8/14/2026 16:09:11,46248,Gonzales,Shaina,Pineda,Male,44,Pasigueño,SCSR,4. Strong Agree,4. Strong Agree,4. Strong Agree,4. Strong Agree,OK
KENNETH,8/14/2026 16:12:16,8/14/0026,Villanueva,Marvin,Casilao,Female,73,Pasigueño,SCSR,4. Strong Agree,4. Strong Agree,4. Strong Agree,4. Strong Agree,
KENNETH,8/14/2026 16:13:31,46248,Magsino,Kimberly,Pangilinan,Female,27,Pasigueño,Case Study,4. Strong Agree,4. Strong Agree,4. Strong Agree,4. Strong Agree,
KENNETH,8/14/2026 16:21:44,46248,Carandang,Elaine,Tiongson,Female,6,Pasigueño,SCSR,4. Strong Agree,4. Strong Agree,4. Strong Agree,4. Strong Agree,Maayos at mabilis po ang pag assist sa akin
KENNETH,8/14/2026 16:22:48,8/14/0026,Yap,Trisha,Aragon,Female,74,Pasigueño,SCSR,4. Strong Agree,4. Strong Agree,4. Strong Agree,4. Strong Agree,Thank u
KENNETH,8/14/2026 16:46:51,8/14/0026,Castro,Noel,Alonzo,Female,56,City Government Employee,SCSR,3. Agree,3. Agree,3. Agree,3. Agree,Keep it up 
JOHN,8/17/2026 9:27:39,46251,Lacson,Mikaela,Quintos,Female,54,Pasigueño,SCSR,4. Strong Agree,4. Strong Agree,4. Strong Agree,4. Strong Agree,Tnx
JOHN,8/17/2026 9:30:40,46251,Reyes,Miguel,Sison,Female,27,Pasigueño,SCSR,4. Strong Agree,4. Strong Agree,4. Strong Agree,4. Strong Agree,Good
JOHN,8/17/2026 9:51:49,46251,Pascual,Samantha,Amador,Female,55,Pasigueño,SCSR,4. Strong Agree,3. Agree,4. Strong Agree,4. Strong Agree,Marami salamat
KENNETH,8/17/2026 10:04:53,46251,Camacho,Justin,Ferrer,Female,53,Pasigueño,SCSR,4. Strong Agree,4. Strong Agree,4. Strong Agree,4. Strong Agree,Mabilis at mababait po ang mga staff esp Mam cecil
KENNETH,8/17/2026 10:07:22,46251,Soriano,Kathleen,Basco,Female,27,Pasigueño,SCSR,4. Strong Agree,4. Strong Agree,4. Strong Agree,4. Strong Agree,
KENNETH,8/17/2026 10:08:23,46247,Borja,Lara,Villar,Female,88,Pasigueño,SCSR,4. Strong Agree,3. Agree,4. Strong Agree,4. Strong Agree,SALAMAT
KENNETH,8/17/2026 10:10:01,46251,Enriquez,Carlo,Sison,Female,68,Pasigueño,SCSR,3. Agree,3. Agree,3. Agree,3. Agree,
KENNETH,8/17/2026 10:13:02,46251,Nicolas,Ysabel,Balagtas,Female,34,Pasigueño,SCSR,4. Strong Agree,4. Strong Agree,4. Strong Agree,4. Strong Agree,
KENNETH,8/17/2026 10:13:54,46247,Lopez,Darren,Vergara,Male,54,Pasigueño,SCSR,4. Strong Agree,4. Strong Agree,4. Strong Agree,4. Strong Agree,SALAMAT
KENNETH,8/17/2026 10:14:52,8/17/0026,Ramos,Adrian,Recto,Male,67,Pasigueño,SCSR,1. Strong Disagree,1. Strong Disagree,1. Strong Disagree,1. Strong Disagree,Mabilis
KENNETH,8/17/2026 10:20:08,46247,Beltran,Darren,Panganiban,Male,67,Pasigueño,SCSR,4. Strong Agree,4. Strong Agree,4. Strong Agree,4. Strong Agree,SALAMAT
KENNETH,8/17/2026 10:30:54,8/17/0026,Dumlao,Ivan,Hidalgo,Male,48,Pasigueño,SCSR,4. Strong Agree,3. Agree,3. Agree,4. Strong Agree,Serbisyong totoo
KENNETH,8/17/2026 10:35:15,46251,Hernandez,Kevin,Barrientos,Male,56,Pasigueño,SCSR,4. Strong Agree,4. Strong Agree,4. Strong Agree,4. Strong Agree,Improving..
KENNETH,8/17/2026 10:36:44,46248,Macapagal,Kevin,Balagtas,Male,53,Pasigueño,SCSR,4. Strong Agree,4. Strong Agree,4. Strong Agree,4. Strong Agree,EXCELLENT
KENNETH,8/17/2026 10:39:35,46251,Castro,Regine,Nepomuceno,Male,49,Pasigueño,SCSR,4. Strong Agree,4. Strong Agree,4. Strong Agree,4. Strong Agree,More satisfying 
KENNETH,8/17/2026 10:41:42,46247,Cruz,Ian,Jalandoni,Female,14 days old,Pasigueño,SCSR,3. Agree,3. Agree,3. Agree,3. Agree,MABILIS AT MAAYOS 
KENNETH,8/17/2026 10:49:47,43901,Labrador,Denise,Lorenzo,Male,6,Pasigueño,SCSR,4. Strong Agree,4. Strong Agree,4. Strong Agree,4. Strong Agree,"Wala n po msabi,man.bilis ang process"
KENNETH,8/17/2026 10:57:40,46247,Concepcion,Nina,Macaraeg,Female,62,Pasigueño,SCSR,4. Strong Agree,4. Strong Agree,4. Strong Agree,3. Agree,YUN LANG PO SANA PO 1 DAY PROCESS NALANG PO PARA HINDI PABALILIK
KENNETH,8/17/2026 10:58:24,46251,Santos,Bianca,Quintos,Male,69,Pasigueño,SCSR,4. Strong Agree,4. Strong Agree,4. Strong Agree,4. Strong Agree,Very well cooperative thanks for the help 
KENNETH,8/17/2026 11:02:06,46247,Ortega,Stephanie,Roxas,Female,85,Pasigueño,SCSR,4. Strong Agree,4. Strong Agree,4. Strong Agree,4. Strong Agree,MAGALING PO SILA ANG PAG ASIKASO
JOHN,8/17/2026 11:16:56,46247,Canlas,Lawrence,Jacinto,Female,57,Pasigueño,SCSR,4. Strong Agree,4. Strong Agree,4. Strong Agree,4. Strong Agree,SALAMAT
JOHN,8/17/2026 11:27:31,46247,Alvarado,Anna,Delos Reyes,Male,50,Pasigueño,SCSR,4. Strong Agree,4. Strong Agree,4. Strong Agree,4. Strong Agree,
JOHN,8/17/2026 11:51:00,46251,Gutierrez,Kathleen,Teodoro,Male,58,Pasigueño,SCSR,4. Strong Agree,4. Strong Agree,4. Strong Agree,4. Strong Agree,very  good
JOHN,8/17/2026 11:56:46,46251,Francisco,Aira,Lazaro,Female,25,Pasigueño,SCSR,3. Agree,3. Agree,4. Strong Agree,4. Strong Agree,good
JOHN,8/17/2026 12:16:24,46251,Villanueva,Kyle,Teodoro,Female,68,Pasigueño,SCSR,4. Strong Agree,4. Strong Agree,4. Strong Agree,4. Strong Agree,ORGANISADO AT MABILIS
JOHN,8/17/2026 12:19:17,46251,Valdez,Hazel,Sebastian,Male,71,Pasigueño,SCSR,3. Agree,4. Strong Agree,4. Strong Agree,4. Strong Agree,MABABAIT MGA STAFF AT MAGAGALANG PO SILA
JOHN,8/17/2026 12:23:57,46251,Pascual,Dominic,Dimaculangan,Female,59,Pasigueño,SCSR,4. Strong Agree,4. Strong Agree,4. Strong Agree,4. Strong Agree,GOOD
JOHN,8/17/2026 12:40:02,46251,De Leon,Marco,Sarmiento,Female,26,Pasigueño,SCSR,3. Agree,4. Strong Agree,"3. Agree, 2. DisAgree","4. Strong Agree, 3. Agree",
JOHN,8/17/2026 12:51:38,46251,Luna,Leonard,Villar,Female,44,Pasigueño,SCSR,4. Strong Agree,4. Strong Agree,4. Strong Agree,4. Strong Agree,Good service 
KENNETH,8/17/2026 13:25:32,46251,Alcantara,Sophia,Recto,Male,29,Pasigueño,SCSR,4. Strong Agree,4. Strong Agree,4. Strong Agree,4. Strong Agree,
KENNETH,8/17/2026 13:27:42,46251,Malabanan,Danica,Zaragoza,Female,63,Pasigueño,INQUIRY,3. Agree,3. Agree,3. Agree,3. Agree,ok
KENNETH,8/17/2026 13:32:46,8/17/0026,Rosales,Kevin,Sebastian,Female,42,Pasigueño,SCSR,3. Agree,3. Agree,3. Agree,3. Agree,
KENNETH,8/17/2026 13:35:03,46251,Jimenez,Janelle,Valerio,Female,50,Pasigueño,SCSR,4. Strong Agree,4. Strong Agree,4. Strong Agree,4. Strong Agree,Na
KENNETH,8/17/2026 13:44:34,8/17/0026,Alfonso,Paolo,Cabral,Male,74,Pasigueño,SCSR,3. Agree,4. Strong Agree,3. Agree,"3. Agree, 2. DisAgree",Ty po sa mabilis na serbisyo
KENNETH,8/17/2026 13:48:57,46251,Francisco,Mark,Amador,Female,76,Pasigueño,SCSR,4. Strong Agree,4. Strong Agree,4. Strong Agree,4. Strong Agree,Maraming salamat sa patuloy na pagsisilbi sa kabila ng masamang panahon.
KENNETH,8/17/2026 13:53:43,8/17/0026,Arriola,Hannah,Ilustre,Female,50,Pasigueño,SCSR,3. Agree,3. Agree,3. Agree,3. Agree,
KENNETH,8/17/2026 13:59:41,18429,Gutierrez,Hazel,Valerio,Female,76,Pasigueño,SCSR,3. Agree,4. Strong Agree,4. Strong Agree,4. Strong Agree,
KENNETH,8/17/2026 14:44:21,8/17/0026,Labrador,Shaina,Valerio,Male,51,Pasigueño,SCSR,4. Strong Agree,4. Strong Agree,4. Strong Agree,4. Strong Agree,
KENNETH,8/17/2026 14:46:58,8/17/0026,Dumlao,Leonard,Katigbak,Male,46,Pasigueño,SCSR,4. Strong Agree,4. Strong Agree,4. Strong Agree,4. Strong Agree,
KENNETH,8/17/2026 14:49:43,46251,Aquino,Hannah,Razon,Male,8,Pasigueño,SCSR,4. Strong Agree,4. Strong Agree,4. Strong Agree,4. Strong Agree,Wala
KENNETH,8/17/2026 15:14:34,46251,Canlas,Kathleen,Roxas,Female,28,Pasigueño,SCSR,4. Strong Agree,4. Strong Agree,4. Strong Agree,4. Strong Agree,
KENNETH,8/17/2026 19:08:11,46253,Bautista,Clarisse,Manansala,Female,35,Pasigueño,SCSR,3. Agree,3. Agree,3. Agree,3. Agree,Panatilihin lang ang maayos na serbisyo
JOHN,8/19/2026 10:03:16,46253,Arellano,Mark,Manansala,Female,70,Pasigueño,SCSR,4. Strong Agree,4. Strong Agree,4. Strong Agree,4. Strong Agree,Thnx
JOHN,8/19/2026 10:06:23,46253,Macapagal,Emmanuel,Henson,Female,47,Pasigueño,SCSR,4. Strong Agree,4. Strong Agree,4. Strong Agree,4. Strong Agree,
JOHN,8/19/2026 10:11:26,46253,Javier,Renzo,Granada,Male,54,Pasigueño,SCSR,3. Agree,4. Strong Agree,4. Strong Agree,4. Strong Agree,Ok naman ang serbisyo mabilis
JOHN,8/19/2026 10:13:43,46253,Malabanan,Jasmine,Aragon,Male,63,Pasigueño,SCSR,4. Strong Agree,4. Strong Agree,4. Strong Agree,4. Strong Agree,Mabilis
JOHN,8/19/2026 10:16:17,46253,Aguilar,Warren,Guevarra,Female,22,Pasigueño,SCSR,4. Strong Agree,3. Agree,3. Agree,3. Agree,
JOHN,8/19/2026 10:51:52,46253,Malabanan,Anthony,Pineda,Female,70,Pasigueño,SCSR,4. Strong Agree,4. Strong Agree,4. Strong Agree,4. Strong Agree,
JOHN,8/19/2026 11:05:08,46253,Malabanan,Hazel,Casilao,Male,70,Pasigueño,SCSR,4. Strong Agree,4. Strong Agree,4. Strong Agree,4. Strong Agree,Very good sobra bilis ngaun kagaya noon mabagal
JOHN,8/19/2026 11:28:13,46253,Enriquez,Daniel,Estrella,Male,37,Pasigueño,SCSR,4. Strong Agree,4. Strong Agree,4. Strong Agree,4. Strong Agree,
JOHN,8/19/2026 11:38:09,46253,Aguilar,Aaron,Ventura,Male,3,Pasigueño,SCSR,3. Agree,4. Strong Agree,4. Strong Agree,4. Strong Agree,None
JOHN,8/19/2026 11:52:20,46253,Gonzales,Rina,Zaragoza,Male,48,Pasigueño,SCSR,3. Agree,4. Strong Agree,4. Strong Agree,4. Strong Agree,
KENNETH,8/20/2026 8:58:35,46254,Dumlao,Hazel,Henson,Female,44,Pasigueño,SCSR,4. Strong Agree,4. Strong Agree,4. Strong Agree,4. Strong Agree,
KENNETH,8/20/2026 9:00:59,46254,Fabian,Alvin,Sebastian,Female,89,Pasigueño,SCSR,4. Strong Agree,4. Strong Agree,4. Strong Agree,4. Strong Agree,SALAMAT
KENNETH,8/20/2026 9:02:32,46254,De Guzman,Mikaela,Cordero,Male,33,Pasigueño,SCSR,4. Strong Agree,4. Strong Agree,4. Strong Agree,4. Strong Agree,
KENNETH,8/20/2026 9:10:12,46254,Beltran,Isabel,Jacinto,Female,61,Pasigueño,SCSR,4. Strong Agree,3. Agree,3. Agree,3. Agree,
KENNETH,8/20/2026 9:12:45,46254,Villanueva,Miguel,Tiongson,Female,67,Pasigueño,SCSR,3. Agree,3. Agree,3. Agree,3. Agree,
KENNETH,8/20/2026 9:27:25,46254,Javier,Ryan,Galang,Female,24,Pasigueño,SCSR,3. Agree,3. Agree,3. Agree,3. Agree,
KENNETH,8/20/2026 9:29:08,46254,Flores,Mark,Zaragoza,Female,60,Pasigueño,SCSR,3. Agree,3. Agree,3. Agree,3. Agree,
JOHN,8/20/2026 9:37:54,46254,Castro,Denise,Gamboa,Male,44,Pasigueño,SCSR,4. Strong Agree,4. Strong Agree,4. Strong Agree,4. Strong Agree,
JOHN,8/20/2026 9:40:10,46254,Garcia,Nina,Ventura,Female,47,Pasigueño,SCSR,4. Strong Agree,4. Strong Agree,4. Strong Agree,4. Strong Agree,
KENNETH,8/20/2026 9:50:50,46254,Mendoza,Gabriel,Roldan,Male,59,Pasigueño,SCSR,4. Strong Agree,4. Strong Agree,4. Strong Agree,4. Strong Agree,SATISFIED
KENNETH,8/20/2026 9:52:26,46254,Quezon,Noel,Natividad,Male,53,Pasigueño,SCSR,4. Strong Agree,4. Strong Agree,4. Strong Agree,4. Strong Agree,
KENNETH,8/20/2026 10:49:11,46254,Corpuz,Cedric,Cordero,Female,43,Pasigueño,SCSR,3. Agree,3. Agree,3. Agree,3. Agree,
KENNETH,8/20/2026 11:07:42,46254,Javier,Mariel,Magbanua,Male,82,Pasigueño,SCSR,4. Strong Agree,4. Strong Agree,4. Strong Agree,4. Strong Agree,
KENNETH,8/20/2026 11:25:22,46254,Labrador,Lea,Ventura,Male,46,Pasigueño,SCSR,4. Strong Agree,4. Strong Agree,4. Strong Agree,4. Strong Agree,
KENNETH,8/20/2026 11:27:17,46254,Cruz,Kevin,Capili,Female,53,Pasigueño,SCSR,4. Strong Agree,4. Strong Agree,4. Strong Agree,4. Strong Agree,thank u po
KENNETH,8/20/2026 11:45:47,46254,Labrador,Pauline,Imperial,Female,63,Pasigueño,SCSR,3. Agree,4. Strong Agree,3. Agree,4. Strong Agree,
KENNETH,8/20/2026 11:48:01,46254,Gatchalian,Janine,Quijano,Female,35,Pasigueño,SCSR,4. Strong Agree,4. Strong Agree,4. Strong Agree,4. Strong Agree,
JOHN,8/20/2026 11:58:17,46247,Enriquez,Lara,Roldan,Male,53,Pasigueño,SCSR,4. Strong Agree,4. Strong Agree,4. Strong Agree,4. Strong Agree,
KENNETH,8/20/2026 12:04:26,46254,Domingo,Hazel,Cuenca,Female,60,Pasigueño,SCSR,4. Strong Agree,4. Strong Agree,4. Strong Agree,4. Strong Agree,
KENNETH,8/20/2026 12:06:59,46254,De Leon,Rochelle,Galang,Male,19,Pasigueño,SCSR,4. Strong Agree,4. Strong Agree,4. Strong Agree,4. Strong Agree,
KENNETH,8/20/2026 12:08:52,46254,Aquino,Cedric,Dimaculangan,Male,61,Pasigueño,SCSR,4. Strong Agree,4. Strong Agree,4. Strong Agree,4. Strong Agree,
KENNETH,8/20/2026 12:16:50,46254,Canlas,Zachary,Granada,Female,59,Pasigueño,SCSR,4. Strong Agree,4. Strong Agree,4. Strong Agree,4. Strong Agree,
KENNETH,8/20/2026 12:18:26,46254,Dumlao,Joshua,Jalandoni,Male,68,Pasigueño,SCSR,4. Strong Agree,4. Strong Agree,4. Strong Agree,4. Strong Agree,
KENNETH,8/20/2026 13:05:40,46254,Flores,Anna,Natividad,Male,39,Pasigueño,SCSR,3. Agree,3. Agree,3. Agree,3. Agree,
KENNETH,8/20/2026 13:07:34,46254,Reyes,Bryan,Zaragoza,Female,48,Pasigueño,SCSR,3. Agree,3. Agree,3. Agree,3. Agree,
KENNETH,8/20/2026 13:09:59,46254,Cruz,Ryan,Yambao,Female,74,Pasigueño,SCSR,3. Agree,3. Agree,3. Agree,3. Agree,
KENNETH,8/20/2026 13:14:20,46254,Yap,Rica,Quintos,Male,55,Pasigueño,SCSR,4. Strong Agree,4. Strong Agree,4. Strong Agree,4. Strong Agree,
KENNETH,8/20/2026 13:15:30,46254,Canlas,Elaine,Sarmiento,Male,46,Pasigueño,SCSR,3. Agree,4. Strong Agree,4. Strong Agree,4. Strong Agree,
KENNETH,8/20/2026 13:19:53,46254,Magsino,Julia,Recto,Male,69,Pasigueño,SCSR,4. Strong Agree,4. Strong Agree,4. Strong Agree,4. Strong Agree,
KENNETH,8/20/2026 13:41:48,46254,Cruz,Patricia,Granada,Female,28,Pasigueño,SCSR,3. Agree,3. Agree,3. Agree,4. Strong Agree,
KENNETH,8/20/2026 13:52:25,46254,Lopez,Dominic,Tabora,Male,91,Pasigueño,SCSR,4. Strong Agree,4. Strong Agree,4. Strong Agree,4. Strong Agree,
KENNETH,8/20/2026 14:00:49,46254,Aquino,Gabriel,Baluyot,Female,45,Pasigueño,SCSR,4. Strong Agree,4. Strong Agree,4. Strong Agree,4. Strong Agree,
KENNETH,8/20/2026 14:02:44,46254,Alfonso,Renzo,Guevarra,Female,45,Pasigueño,SCSR,4. Strong Agree,4. Strong Agree,4. Strong Agree,4. Strong Agree,
KENNETH,8/20/2026 14:10:09,46254,Camacho,Bea,Arceo,Female,26,Pasigueño,SCSR,4. Strong Agree,4. Strong Agree,4. Strong Agree,4. Strong Agree,
KENNETH,8/20/2026 14:12:06,46254,Manalo,Alvin,Sison,Male,40,Pasigueño,SCSR,4. Strong Agree,4. Strong Agree,4. Strong Agree,4. Strong Agree,
KENNETH,8/20/2026 14:13:12,46254,Mercado,Andrea,Arceo,Male,67,Pasigueño,SCSR,4. Strong Agree,4. Strong Agree,4. Strong Agree,4. Strong Agree,
KENNETH,8/20/2026 14:15:45,46254,Miranda,Jasmine,Cayanan,Male,62,Pasigueño,SCSR,4. Strong Agree,4. Strong Agree,4. Strong Agree,4. Strong Agree,
KENNETH,8/20/2026 14:46:25,46254,Borja,Marco,Hilario,Female,61,Pasigueño,SCSR,4. Strong Agree,4. Strong Agree,4. Strong Agree,4. Strong Agree,
KENNETH,8/20/2026 14:49:21,46254,Soriano,Anna,Madrigal,Female,36,Pasigueño,SCSR,3. Agree,4. Strong Agree,4. Strong Agree,4. Strong Agree,
KENNETH,8/20/2026 14:51:21,46254,Domingo,Andrea,Baluyot,Male,72,Pasigueño,SCSR,3. Agree,4. Strong Agree,4. Strong Agree,4. Strong Agree,
KENNETH,8/20/2026 15:15:22,46254,Arellano,Clarisse,Cordero,Female,62,Pasigueño,SCSR,4. Strong Agree,4. Strong Agree,3. Agree,4. Strong Agree,
KENNETH,8/20/2026 15:40:33,46254,Legaspi,Isabel,Capili,Female,36,Pasigueño,SCSR,4. Strong Agree,4. Strong Agree,4. Strong Agree,4. Strong Agree,
KENNETH,8/20/2026 15:43:03,46254,Fernandez,Elaine,Roldan,Male,71,Pasigueño,SCSR,3. Agree,3. Agree,4. Strong Agree,4. Strong Agree,
KENNETH,8/20/2026 15:50:16,46254,Alvarado,Shaina,Alonzo,Female,49,Pasigueño,SCSR,4. Strong Agree,4. Strong Agree,4. Strong Agree,4. Strong Agree,
KENNETH,8/20/2026 16:10:02,46254,Corpuz,Paolo,Abesamis,Male,22,Pasigueño,SCSR,3. Agree,4. Strong Agree,4. Strong Agree,4. Strong Agree,
KENNETH,8/20/2026 16:11:24,46254,Quezon,Ysabel,Nepomuceno,Female,61,Pasigueño,SCSR,4. Strong Agree,4. Strong Agree,4. Strong Agree,4. Strong Agree,
KENNETH,8/20/2026 16:25:13,46254,Reyes,Janelle,Ledesma,Female,73,Pasigueño,SCSR,4. Strong Agree,4. Strong Agree,4. Strong Agree,4. Strong Agree,
KENNETH,8/20/2026 16:27:16,46254,Morales,Pauline,Yambao,Male,28,Pasigueño,SCSR,3. Agree,4. Strong Agree,4. Strong Agree,4. Strong Agree,
KENNETH,8/20/2026 16:57:20,46254,Andrada,Mikaela,Lazaro,Female,50,Pasigueño,SCSR,4. Strong Agree,4. Strong Agree,4. Strong Agree,4. Strong Agree,
KENNETH,8/20/2026 16:58:47,46254,Quezon,Danica,Abesamis,Male,74,Pasigueño,SCSR,4. Strong Agree,4. Strong Agree,4. Strong Agree,4. Strong Agree,
JOHN,8/20/2026 17:33:49,46254,Bautista,Rafael,Katigbak,Male,96,Pasigueño,SCSR,4. Strong Agree,4. Strong Agree,4. Strong Agree,4. Strong Agree,NUMBERING
JOHN,8/24/2026 9:17:44,46258,Gutierrez,Lance,Abesamis,Male,56,Pasigueño,SCSR,"3. Agree, 2. DisAgree",3. Agree,3. Agree,3. Agree,Very good
JOHN,8/24/2026 9:20:22,46258,Garcia,Nina,Quintos,Male,50,Pasigueño,SCSR,4. Strong Agree,3. Agree,3. Agree,3. Agree,Thank u
JOHN,8/24/2026 9:21:52,46258,Cabrera,Aileen,Eusebio,Male,71,Pasigueño,SCSR,4. Strong Agree,4. Strong Agree,4. Strong Agree,4. Strong Agree,
JOHN,8/24/2026 9:24:41,46258,Canlas,Samantha,Ferrer,Female,56,Pasigueño,SCSR,4. Strong Agree,4. Strong Agree,4. Strong Agree,4. Strong Agree,
JOHN,8/24/2026 9:42:04,46258,Mendoza,Noel,Sarmiento,Female,53,Pasigueño,SCSR,4. Strong Agree,4. Strong Agree,4. Strong Agree,4. Strong Agree,Maganda ang mga palakad
JOHN,8/24/2026 9:46:18,46258,Alcantara,Daniel,Vergara,Female,48,Pasigueño,SCSR,3. Agree,4. Strong Agree,4. Strong Agree,4. Strong Agree,
KENNETH,8/24/2026 9:52:37,8/24/0026,Rivera,Patricia,Recto,Male,57,Pasigueño,SCSR,4. Strong Agree,4. Strong Agree,4. Strong Agree,4. Strong Agree,
KENNETH,8/24/2026 10:03:58,46258,Javier,Danica,Madrigal,Male,39,Pasigueño,SCSR,4. Strong Agree,4. Strong Agree,4. Strong Agree,4. Strong Agree,
KENNETH,8/24/2026 10:40:04,8/24/0026,Ramos,Kevin,Sison,Male,58,Pasigueño,SCSR,4. Strong Agree,4. Strong Agree,4. Strong Agree,4. Strong Agree,
KENNETH,8/24/2026 10:44:16,46258,David,Hannah,Sarmiento,Male,58,Pasigueño,SCSR,4. Strong Agree,4. Strong Agree,4. Strong Agree,4. Strong Agree,
KENNETH,8/24/2026 10:46:47,46258,Abad,Warren,Abesamis,Male,70,Pasigueño,SCSR,4. Strong Agree,4. Strong Agree,4. Strong Agree,4. Strong Agree,
KENNETH,8/24/2026 10:50:44,37788,Beltran,Trisha,Dimaculangan,Female,23,Pasigueño,SCSR,3. Agree,3. Agree,3. Agree,3. Agree,
KENNETH,8/24/2026 10:53:53,46258,Evangelista,Francis,Valerio,Female,42,Pasigueño,SCSR,4. Strong Agree,4. Strong Agree,4. Strong Agree,4. Strong Agree,
KENNETH,8/24/2026 11:24:37,46258,Escobar,Isabel,Roxas,Female,46,Pasigueño,SCSR,4. Strong Agree,4. Strong Agree,4. Strong Agree,4. Strong Agree,
KENNETH,8/24/2026 11:49:03,46258,Mercado,Sean,Ferrer,Female,31,Pasigueño,SCSR,4. Strong Agree,4. Strong Agree,4. Strong Agree,4. Strong Agree,
KENNETH,8/24/2026 11:55:45,46258,Flores,Denise,Roldan,Female,9  Days,Pasigueño,SCSR,4. Strong Agree,4. Strong Agree,4. Strong Agree,4. Strong Agree,
KENNETH,8/24/2026 12:22:56,46258,Francisco,Leonard,Serrano,Female,50,Pasigueño,SCSR,4. Strong Agree,4. Strong Agree,4. Strong Agree,4. Strong Agree,
KENNETH,8/24/2026 12:26:47,46258,Valencia,Christian,Macalino,Male,28,Pasigueño,SCSR,4. Strong Agree,4. Strong Agree,4. Strong Agree,4. Strong Agree,
KENNETH,8/24/2026 12:34:24,46258,Guerrero,Andrea,Lansangan,Male,56,Pasigueño,SCSR,4. Strong Agree,4. Strong Agree,4. Strong Agree,4. Strong Agree,
KENNETH,8/24/2026 12:35:37,46258,Alcantara,Isabel,Dimaculangan,Male,64,Pasigueño,SCSR,4. Strong Agree,4. Strong Agree,4. Strong Agree,4. Strong Agree,
KENNETH,8/24/2026 12:37:20,46258,Luna,Carlo,Tiongson,Female,42,Pasigueño,SCSR,4. Strong Agree,4. Strong Agree,4. Strong Agree,4. Strong Agree,
KENNETH,8/24/2026 12:39:20,46258,Evangelista,Ella,Lazaro,Female,43,Pasigueño,INQUIRY,4. Strong Agree,4. Strong Agree,4. Strong Agree,4. Strong Agree,
KENNETH,8/24/2026 12:42:17,46258,Reyes,Lorraine,Samson,Female,90,Pasigueño,SCSR,4. Strong Agree,4. Strong Agree,4. Strong Agree,4. Strong Agree,
KENNETH,8/24/2026 13:14:21,46258,Ilagan,Ian,Dizon,Female,33,Pasigueño,SCSR,4. Strong Agree,4. Strong Agree,4. Strong Agree,4. Strong Agree,
KENNETH,8/24/2026 13:16:09,46258,Guerrero,Clarisse,Tadeo,Female,72,Pasigueño,SCSR,4. Strong Agree,4. Strong Agree,4. Strong Agree,4. Strong Agree,
KENNETH,8/24/2026 13:18:50,46258,Quezon,Lara,Basco,Female,34,Pasigueño,SCSR,4. Strong Agree,4. Strong Agree,4. Strong Agree,4. Strong Agree,
KENNETH,8/24/2026 13:49:32,46258,Robles,Patricia,Barrientos,Male,65,Pasigueño,SCSR,4. Strong Agree,4. Strong Agree,4. Strong Agree,4. Strong Agree,
KENNETH,8/24/2026 13:52:46,46258,Ocampo,Hazel,Basco,Male,72,Pasigueño,SCSR,4. Strong Agree,4. Strong Agree,4. Strong Agree,4. Strong Agree,
KENNETH,8/24/2026 14:15:05,46258,Santiago,Angelo,Ledesma,Female,63,Pasigueño,SCSR,4. Strong Agree,4. Strong Agree,4. Strong Agree,4. Strong Agree,
KENNETH,8/24/2026 14:22:32,46258,Arriola,Mikaela,Esguerra,Female,62,Pasigueño,SCSR,4. Strong Agree,4. Strong Agree,4. Strong Agree,4. Strong Agree,
KENNETH,8/24/2026 14:31:01,46258,Dumlao,Renzo,Arceo,Male,62,Pasigueño,SCSR,4. Strong Agree,4. Strong Agree,4. Strong Agree,4. Strong Agree,
KENNETH,8/24/2026 14:56:54,46258,Yap,Anna,Quintos,Female,67,Pasigueño,SCSR,4. Strong Agree,4. Strong Agree,4. Strong Agree,4. Strong Agree,
KENNETH,8/24/2026 15:05:06,46258,Borja,Darren,Benitez,Female,53,Pasigueño,SCSR,4. Strong Agree,4. Strong Agree,4. Strong Agree,4. Strong Agree,
KENNETH,8/24/2026 15:11:40,46258,Tan,Noel,Tadeo,Female,35,Pasigueño,SCSR,4. Strong Agree,4. Strong Agree,4. Strong Agree,4. Strong Agree,
KENNETH,8/24/2026 15:29:20,46258,Francisco,Mariel,Bayani,Female,40,Pasigueño,SCSR,4. Strong Agree,4. Strong Agree,4. Strong Agree,4. Strong Agree,
KENNETH,8/24/2026 15:42:33,46258,Valdez,Dominic,Baluyot,Female,64,Pasigueño,SCSR,4. Strong Agree,4. Strong Agree,4. Strong Agree,4. Strong Agree,
KENNETH,8/24/2026 15:45:50,46258,Alfonso,Zachary,Nolasco,Female,44,Pasigueño,SCSR,4. Strong Agree,4. Strong Agree,4. Strong Agree,4. Strong Agree,
KENNETH,8/24/2026 15:48:13,46258,Tan,Miguel,Zaragoza,Male,48,Pasigueño,SCSR,4. Strong Agree,4. Strong Agree,4. Strong Agree,4. Strong Agree,
KENNETH,8/24/2026 15:49:41,46258,Rivera,Darren,Lorenzo,Male,75,Pasigueño,SCSR,4. Strong Agree,4. Strong Agree,4. Strong Agree,4. Strong Agree,
KENNETH,8/24/2026 15:51:03,46258,Aguilar,Mikaela,Delos Reyes,Female,71,Pasigueño,SCSR,4. Strong Agree,4. Strong Agree,4. Strong Agree,4. Strong Agree,
KENNETH,8/24/2026 15:53:00,46258,Camacho,Joanna,Villar,Female,34,Pasigueño,SCSR,4. Strong Agree,4. Strong Agree,4. Strong Agree,4. Strong Agree,
KENNETH,8/24/2026 15:55:04,46258,Javier,Sean,Dizon,Female,35,Pasigueño,SCSR,4. Strong Agree,4. Strong Agree,4. Strong Agree,4. Strong Agree,
KENNETH,8/24/2026 16:12:23,46258,Nicolas,Denise,Gamboa,Female,68,Pasigueño,SCSR,4. Strong Agree,4. Strong Agree,4. Strong Agree,4. Strong Agree,
KENNETH,8/24/2026 16:43:13,46258,Enriquez,Ryan,Pangilinan,Female,67,Pasigueño,SCSR,4. Strong Agree,4. Strong Agree,4. Strong Agree,4. Strong Agree,
KENNETH,8/24/2026 17:10:15,46258,Fabian,Jasmine,Lansangan,Male,61,Pasigueño,SCSR,4. Strong Agree,4. Strong Agree,4. Strong Agree,4. Strong Agree,
KENNETH,8/25/2026 10:02:34,46259,Lopez,Darren,Marasigan,Male,60,Pasigueño,SCSR,4. Strong Agree,4. Strong Agree,4. Strong Agree,4. Strong Agree,
KENNETH,8/25/2026 10:03:40,46259,Luna,Rochelle,Isidro,Female,37,Pasigueño,SCSR,4. Strong Agree,4. Strong Agree,4. Strong Agree,4. Strong Agree,
KENNETH,8/25/2026 10:04:44,46259,Miranda,Carlo,Sison,Female,58,Pasigueño,SCSR,4. Strong Agree,4. Strong Agree,3. Agree,4. Strong Agree,
KENNETH,8/25/2026 10:05:31,46259,Zamora,Angelo,Barrientos,Female,42,Pasigueño,SCSR,3. Agree,3. Agree,3. Agree,3. Agree,
KENNETH,8/25/2026 10:06:39,46259,Ortega,Isabel,Teodoro,Male,1 WEEK OLD,Pasigueño,SCSR,4. Strong Agree,4. Strong Agree,4. Strong Agree,4. Strong Agree,ADDITIONAL MANPOWER
KENNETH,8/25/2026 10:07:46,46259,Quezon,Aira,San Juan,Female,32,Pasigueño,SCSR,4. Strong Agree,4. Strong Agree,4. Strong Agree,4. Strong Agree,ADDITIONAL MAN POWER
KENNETH,8/25/2026 10:15:18,46259,Lim,Angela,Hidalgo,Male,49,Pasigueño,SCSR,4. Strong Agree,4. Strong Agree,4. Strong Agree,4. Strong Agree,
KENNETH,8/25/2026 10:16:48,46259,Reyes,Kimberly,Pineda,Female,64,Pasigueño,SCSR,4. Strong Agree,3. Agree,3. Agree,3. Agree,ACCOMODATED
KENNETH,8/25/2026 10:17:42,46259,Santiago,Aileen,Montemayor,Female,61,Pasigueño,SCSR,4. Strong Agree,4. Strong Agree,4. Strong Agree,4. Strong Agree,
KENNETH,8/25/2026 10:18:30,46259,Rosales,Janine,Esguerra,Female,78,Pasigueño,SCSR,4. Strong Agree,4. Strong Agree,4. Strong Agree,4. Strong Agree,
KENNETH,8/25/2026 10:22:35,46259,Santos,Trisha,Teodoro,Male,54,Pasigueño,SCSR,3. Agree,3. Agree,3. Agree,3. Agree,THANKYOU
KENNETH,8/25/2026 10:29:37,46259,Rivera,Grace,Quintos,Female,44,Pasigueño,SCSR,4. Strong Agree,4. Strong Agree,4. Strong Agree,4. Strong Agree,
KENNETH,8/25/2026 10:30:21,46259,Torres,Angelo,Ventura,Female,38,Pasigueño,SCSR,3. Agree,3. Agree,3. Agree,3. Agree,
KENNETH,8/25/2026 10:37:47,46259,Bautista,Aileen,Tiongson,Male,44,Pasigueño,SCSR,4. Strong Agree,4. Strong Agree,4. Strong Agree,4. Strong Agree,
KENNETH,8/25/2026 10:38:30,46259,Tan,Aileen,Sison,Female,63,Pasigueño,SCSR,3. Agree,3. Agree,3. Agree,3. Agree,
KENNETH,8/25/2026 10:39:19,46259,Ignacio,Zachary,Manansala,Male,65,Pasigueño,SCSR,3. Agree,3. Agree,3. Agree,3. Agree,
KENNETH,8/25/2026 11:28:24,46259,Lacson,Kathleen,Isidro,Female,69,Pasigueño,SCSR,3. Agree,3. Agree,3. Agree,4. Strong Agree,
KENNETH,8/25/2026 11:29:01,46259,Bonifacio,Vincent,Arceo,Male,78,Pasigueño,SCSR,3. Agree,3. Agree,3. Agree,3. Agree,
KENNETH,8/25/2026 11:29:32,46259,Santiago,Mariel,Acevedo,Female,45,Pasigueño,SCSR,3. Agree,3. Agree,3. Agree,3. Agree,
KENNETH,8/25/2026 11:34:06,46259,Calderon,Denise,Baluyot,Male,56,Pasigueño,SCSR,3. Agree,3. Agree,3. Agree,3. Agree,
KENNETH,8/25/2026 11:39:55,46259,Gutierrez,Camille,Roldan,Male,68,Pasigueño,SCSR,3. Agree,3. Agree,3. Agree,3. Agree,
KENNETH,8/25/2026 11:45:41,46259,Arellano,Diana,Bayani,Male,49,Pasigueño,SCSR,3. Agree,3. Agree,3. Agree,3. Agree,
KENNETH,8/25/2026 11:50:42,46259,Cabrera,Mariel,Zaragoza,Female,14,Pasigueño,SCSR,3. Agree,3. Agree,3. Agree,3. Agree,
KENNETH,8/25/2026 12:30:50,46259,Ortega,Lorraine,Ilustre,Female,30,Pasigueño,SCSR,3. Agree,3. Agree,3. Agree,3. Agree,
KENNETH,8/25/2026 12:42:54,46259,Malabanan,Adrian,Panganiban,Female,46,Pasigueño,SCSR,3. Agree,3. Agree,3. Agree,3. Agree,
KENNETH,8/25/2026 12:43:28,46259,Francisco,Christian,Dimaculangan,Female,31,Pasigueño,SCSR,3. Agree,3. Agree,3. Agree,3. Agree,
KENNETH,8/25/2026 12:44:30,46259,Perez,Mark,Nepomuceno,Male,23,Pasigueño,SCSR,3. Agree,3. Agree,3. Agree,3. Agree,
KENNETH,8/25/2026 13:37:54,46259,Quezon,Mark,Pangilinan,Male,59,Pasigueño,SCSR,3. Agree,3. Agree,3. Agree,3. Agree,
KENNETH,8/25/2026 13:38:21,46259,Dumlao,Warren,Quintos,Male,64,Pasigueño,SCSR,3. Agree,3. Agree,3. Agree,3. Agree,
KENNETH,8/25/2026 13:39:30,46259,Tan,Clarisse,Fajardo,Female,58,Pasigueño,SCSR,3. Agree,3. Agree,3. Agree,3. Agree,
KENNETH,8/25/2026 13:41:56,46259,Jimenez,Christian,Guevarra,Male,58,Pasigueño,SCSR,4. Strong Agree,4. Strong Agree,4. Strong Agree,4. Strong Agree,
KENNETH,8/25/2026 13:42:38,46259,Borja,Rochelle,Quijano,Female,42,Pasigueño,SCSR,3. Agree,3. Agree,3. Agree,3. Agree,
KENNETH,8/25/2026 13:53:37,46259,Perez,Kyle,Marasigan,Female,41,Pasigueño,SCSR,3. Agree,3. Agree,3. Agree,4. Strong Agree,
KENNETH,8/25/2026 14:27:21,46259,Lim,Renzo,Macalino,Female,62,Pasigueño,SCSR,3. Agree,3. Agree,3. Agree,3. Agree,
KENNETH,8/25/2026 14:27:58,46259,Tolentino,Dominic,Mallari,Male,38,Pasigueño,SCSR,3. Agree,3. Agree,3. Agree,3. Agree,
KENNETH,8/25/2026 14:28:32,46259,Castro,Mikaela,Macaraeg,Female,72,Pasigueño,SCSR,4. Strong Agree,4. Strong Agree,4. Strong Agree,4. Strong Agree,
KENNETH,8/25/2026 14:29:52,46259,Canlas,Bryan,Mallari,Male,60,Pasigueño,SCSR,4. Strong Agree,4. Strong Agree,4. Strong Agree,4. Strong Agree,
KENNETH,8/25/2026 14:31:14,46259,Nicolas,Angela,Madrigal,Male,34,Pasigueño,SCSR,4. Strong Agree,4. Strong Agree,3. Agree,4. Strong Agree,
KENNETH,8/25/2026 14:48:36,46259,Francisco,Mikaela,Esguerra,Male,57,Pasigueño,SCSR,4. Strong Agree,4. Strong Agree,4. Strong Agree,4. Strong Agree,
KENNETH,8/25/2026 15:00:22,46259,Nicolas,Stephanie,Esteban,Male,2,Pasigueño,SCSR,4. Strong Agree,4. Strong Agree,4. Strong Agree,4. Strong Agree,
KENNETH,8/25/2026 15:03:58,46259,Alcantara,Hazel,Granada,Female,54,Pasigueño,SCSR,4. Strong Agree,4. Strong Agree,4. Strong Agree,4. Strong Agree,
KENNETH,8/25/2026 15:06:32,46259,Bautista,Paolo,Roxas,Male,71,Pasigueño,SCSR,4. Strong Agree,4. Strong Agree,4. Strong Agree,4. Strong Agree,
KENNETH,8/25/2026 15:14:18,46259,Cruz,Ella,Benitez,Female,69,Pasigueño,SCSR,3. Agree,3. Agree,3. Agree,4. Strong Agree,
KENNETH,8/25/2026 15:18:48,46259,Camacho,Julia,Teodoro,Male,55,Pasigueño,SCSR,4. Strong Agree,4. Strong Agree,4. Strong Agree,4. Strong Agree,
KENNETH,8/25/2026 15:26:14,46259,Ignacio,Lea,Amador,Female,65,Pasigueño,SCSR,4. Strong Agree,4. Strong Agree,4. Strong Agree,4. Strong Agree,
KENNETH,8/25/2026 15:29:23,46259,Tan,Denise,Mallari,Male,68,Pasigueño,SCSR,4. Strong Agree,4. Strong Agree,4. Strong Agree,4. Strong Agree,
KENNETH,8/25/2026 15:31:18,46259,Macapagal,Denise,Lansangan,Male,58,Pasigueño,SCSR,4. Strong Agree,4. Strong Agree,4. Strong Agree,4. Strong Agree,
KENNETH,8/25/2026 15:43:25,46259,Vargas,Pauline,Razon,Male,62,Pasigueño,SCSR,4. Strong Agree,4. Strong Agree,3. Agree,4. Strong Agree,
KENNETH,8/25/2026 15:55:51,46259,Manalo,Kyle,Ilustre,Female,51,Pasigueño,SCSR,4. Strong Agree,4. Strong Agree,4. Strong Agree,4. Strong Agree,
KENNETH,8/25/2026 16:15:41,46259,Gutierrez,Emmanuel,Vergara,Female,37,Pasigueño,SCSR,4. Strong Agree,4. Strong Agree,4. Strong Agree,4. Strong Agree,
KENNETH,8/25/2026 16:16:56,46259,Corpuz,Daniel,Cordero,Female,51,Pasigueño,SCSR,4. Strong Agree,4. Strong Agree,4. Strong Agree,4. Strong Agree,
KENNETH,8/25/2026 16:19:06,46259,Velasco,Alvin,Quijano,Female,6 YEARS OLD,Pasigueño,SCSR,4. Strong Agree,3. Agree,4. Strong Agree,4. Strong Agree,
KENNETH,8/26/2026 9:14:34,46260,Lopez,Anna,Bayani,Female,81,Pasigueño,SCSR,4. Strong Agree,4. Strong Agree,4. Strong Agree,4. Strong Agree,
KENNETH,8/26/2026 9:15:07,46260,Navarro,Kyle,Padilla,Male,49,Pasigueño,SCSR,4. Strong Agree,4. Strong Agree,4. Strong Agree,4. Strong Agree,
KENNETH,8/26/2026 9:15:38,46260,Castillo,Anna,Isidro,Female,59,Pasigueño,SCSR,4. Strong Agree,4. Strong Agree,4. Strong Agree,4. Strong Agree,
KENNETH,8/26/2026 9:16:08,46260,Legaspi,Trisha,Sebastian,Female,50,Pasigueño,SCSR,4. Strong Agree,4. Strong Agree,4. Strong Agree,4. Strong Agree,
KENNETH,8/26/2026 9:19:33,46260,Perez,Joanna,Roxas,Female,21,Pasigueño,SCSR,4. Strong Agree,4. Strong Agree,4. Strong Agree,4. Strong Agree,
KENNETH,8/26/2026 9:20:10,46260,Del Rosario,Hazel,Lazaro,Female,82,Pasigueño,SCSR,4. Strong Agree,4. Strong Agree,4. Strong Agree,4. Strong Agree,
KENNETH,8/26/2026 9:31:52,46260,Guerrero,Benedict,Madrigal,Male,78,Pasigueño,SCSR,4. Strong Agree,4. Strong Agree,4. Strong Agree,4. Strong Agree,
KENNETH,8/26/2026 9:43:34,46260,Ortega,Oliver,Pineda,Female,57,Pasigueño,SCSR,4. Strong Agree,4. Strong Agree,4. Strong Agree,4. Strong Agree,
KENNETH,8/26/2026 10:23:25,46260,Alfonso,Mark,Ferrer,Female,35,Pasigueño,SCSR,4. Strong Agree,4. Strong Agree,4. Strong Agree,4. Strong Agree,
KENNETH,8/26/2026 10:25:01,46260,Castro,Marco,Benitez,Male,54,Pasigueño,SCSR,4. Strong Agree,3. Agree,4. Strong Agree,4. Strong Agree,
KENNETH,8/26/2026 10:28:13,46260,Francisco,Vincent,Cayanan,Male,71,Pasigueño,SCSR,4. Strong Agree,4. Strong Agree,4. Strong Agree,4. Strong Agree,
KENNETH,8/26/2026 10:28:53,46260,Tolentino,Francis,Lorenzo,Female,40,Pasigueño,SCSR,4. Strong Agree,4. Strong Agree,4. Strong Agree,4. Strong Agree,
KENNETH,8/26/2026 10:49:31,46260,Corpuz,Lara,Roxas,Male,69,Pasigueño,SCSR,4. Strong Agree,4. Strong Agree,4. Strong Agree,4. Strong Agree,
KENNETH,8/26/2026 10:54:18,46260,Escobar,Renzo,San Juan,Male,58,Pasigueño,SCSR,4. Strong Agree,4. Strong Agree,4. Strong Agree,4. Strong Agree,
KENNETH,8/26/2026 11:07:43,46260,Concepcion,Rina,Neri,Male,39,Pasigueño,SCSR,3. Agree,3. Agree,3. Agree,3. Agree,konting smile at konting pagpapakumbaba po
KENNETH,8/26/2026 11:52:29,46260,Dumlao,Mikaela,Cayanan,Male,58,Pasigueño,SCSR,3. Agree,3. Agree,3. Agree,3. Agree,mabagal
KENNETH,8/26/2026 11:54:54,46260,Flores,Nathan,Sebastian,Male,71,Pasigueño,SCSR,4. Strong Agree,3. Agree,4. Strong Agree,4. Strong Agree,
KENNETH,8/26/2026 11:58:23,46260,Velasco,Kevin,Cordero,Female,67,Pasigueño,SCSR,3. Agree,3. Agree,3. Agree,3. Agree,matagal po
KENNETH,8/26/2026 12:01:46,46260,Mendoza,Gabriel,Bayani,Female,3 months,Pasigueño,SCSR,3. Agree,3. Agree,3. Agree,3. Agree,
KENNETH,8/26/2026 12:05:24,46260,Garcia,Karen,Roldan,Male,28,Pasigueño,SCSR,3. Agree,3. Agree,3. Agree,3. Agree,MABAGAL NA PROSESO
KENNETH,8/26/2026 12:07:37,46260,Beltran,Dominic,Esteban,Female,67,Pasigueño,SCSR,3. Agree,3. Agree,3. Agree,3. Agree,
KENNETH,8/26/2026 12:44:08,46260,Garcia,Lance,Benitez,Male,50,Pasigueño,SCSR,3. Agree,3. Agree,3. Agree,3. Agree,
KENNETH,8/26/2026 13:45:04,46260,Valencia,Rochelle,Benitez,Female,27,Pasigueño,SCSR,3. Agree,3. Agree,3. Agree,3. Agree,
KENNETH,8/26/2026 13:47:30,46260,Tolentino,Jasmine,Montemayor,Female,62,Pasigueño,SCSR,3. Agree,3. Agree,3. Agree,3. Agree,
KENNETH,8/26/2026 13:54:24,46260,Velasco,Andrea,Quintos,Male,70,Pasigueño,SCSR,3. Agree,3. Agree,3. Agree,3. Agree,
KENNETH,8/26/2026 13:55:16,46260,Villanueva,Lance,Tadeo,Female,70,Pasigueño,SCSR,3. Agree,3. Agree,3. Agree,3. Agree,
KENNETH,8/26/2026 13:56:01,46260,Flores,Kyle,Acevedo,Female,51,Pasigueño,SCSR,4. Strong Agree,4. Strong Agree,4. Strong Agree,4. Strong Agree,ONTING BILIS PA PO
KENNETH,8/26/2026 13:59:37,46260,Vargas,Christian,Serrano,Female,55,Pasigueño,SCSR,3. Agree,3. Agree,3. Agree,3. Agree,man power pa po sobra bagal po
KENNETH,8/26/2026 14:13:45,46260,De Leon,Lawrence,Eusebio,Male,52,Pasigueño,SCSR,3. Agree,3. Agree,3. Agree,3. Agree,
KENNETH,8/26/2026 14:18:12,46260,Alcantara,Aileen,Dimaculangan,Female,48,Pasigueño,SCSR,3. Agree,3. Agree,3. Agree,3. Agree,
KENNETH,8/26/2026 14:41:23,46260,Javier,Rochelle,Jacinto,Female,47,Pasigueño,SCSR,3. Agree,3. Agree,3. Agree,3. Agree,THANKS
KENNETH,8/26/2026 15:15:05,46260,Malabanan,Francis,Tabora,Female,85,Pasigueño,SCSR,4. Strong Agree,4. Strong Agree,4. Strong Agree,4. Strong Agree,
KENNETH,8/26/2026 15:16:54,46260,Francisco,Sean,Quijano,Male,66,Pasigueño,SCSR,4. Strong Agree,4. Strong Agree,4. Strong Agree,4. Strong Agree,
KENNETH,8/26/2026 15:19:08,46260,Hernandez,Alvin,Guevarra,Female,55,Pasigueño,SCSR,4. Strong Agree,4. Strong Agree,4. Strong Agree,4. Strong Agree,
KENNETH,8/26/2026 15:20:49,46260,Luna,Lea,Cuenca,Female,63,Pasigueño,SCSR,3. Agree,3. Agree,3. Agree,3. Agree,
KENNETH,8/26/2026 15:23:56,46260,Escobar,Alvin,Guevarra,Male,61,Pasigueño,SCSR,4. Strong Agree,4. Strong Agree,4. Strong Agree,4. Strong Agree,
KENNETH,8/26/2026 15:26:23,46260,Tan,Mariel,San Juan,Male,26,Pasigueño,SCSR,4. Strong Agree,4. Strong Agree,4. Strong Agree,4. Strong Agree,
KENNETH,8/26/2026 15:46:38,46260,Castro,Isabel,Villar,Female,65,Pasigueño,SCSR,4. Strong Agree,4. Strong Agree,4. Strong Agree,4. Strong Agree,
KENNETH,8/26/2026 15:49:15,46260,Rivera,Marvin,Sebastian,Female,72,Pasigueño,SCSR,3. Agree,4. Strong Agree,4. Strong Agree,3. Agree,
KENNETH,8/26/2026 15:52:52,46260,Corpuz,Angela,Montemayor,Male,6 YEARS OLD,Pasigueño,SCSR,4. Strong Agree,4. Strong Agree,4. Strong Agree,4. Strong Agree,
KENNETH,8/26/2026 15:57:07,46260,Alcantara,Julia,Ilustre,Female,6 YEARS OLD,Pasigueño,SCSR,4. Strong Agree,4. Strong Agree,4. Strong Agree,4. Strong Agree,
KENNETH,8/26/2026 15:58:23,46260,Beltran,Ella,Quintos,Female,67,Pasigueño,SCSR,4. Strong Agree,4. Strong Agree,4. Strong Agree,4. Strong Agree,
KENNETH,8/26/2026 16:05:07,46260,Abad,Lara,Almario,Male,12,Pasigueño,SCSR,2. DisAgree,4. Strong Agree,3. Agree,3. Agree,sana bumilis pa ang proseso
KENNETH,8/26/2026 16:09:31,46260,Catapang,Diana,Mallari,Female,53,Pasigueño,SCSR,2. DisAgree,4. Strong Agree,3. Agree,3. Agree,sobrang tagal ng process
KENNETH,8/26/2026 16:18:37,46260,Gatchalian,Kathleen,Madrigal,Female,73,Pasigueño,SCSR,2. DisAgree,4. Strong Agree,4. Strong Agree,4. Strong Agree,kulang sa tao kaya mabagal ang pag proseso ng papel
KENNETH,8/26/2026 16:27:07,46260,Beltran,Julia,Razon,Male,72,Pasigueño,SCSR,2. DisAgree,3. Agree,3. Agree,3. Agree,
KENNETH,8/26/2026 16:30:07,46260,Robles,Miguel,Abesamis,Male,52,Pasigueño,SCSR,3. Agree,3. Agree,3. Agree,3. Agree,
KENNETH,8/27/2026 8:58:59,46261,Gonzales,Dominic,Manansala,Male,73,Pasigueño,SCSR,3. Agree,3. Agree,3. Agree,3. Agree,
KENNETH,8/27/2026 9:00:28,46261,Concepcion,Angela,Mallari,Female,44,Pasigueño,SCSR,3. Agree,3. Agree,3. Agree,3. Agree,SALAMAT
KENNETH,8/27/2026 9:02:31,46261,Salazar,Darren,Casilao,Male,60,Pasigueño,SCSR,3. Agree,3. Agree,3. Agree,3. Agree,
KENNETH,8/27/2026 9:27:28,46261,Salazar,Oliver,Aragon,Female,6 YEARS OLD,Pasigueño,SCSR,4. Strong Agree,4. Strong Agree,4. Strong Agree,4. Strong Agree,thank  u po
KENNETH,8/27/2026 9:29:40,46261,Torres,Darren,Recto,Male,66,Pasigueño,SCSR,3. Agree,3. Agree,3. Agree,3. Agree,ok
KENNETH,8/27/2026 9:31:53,46261,Domingo,Lea,Basco,Female,65,Pasigueño,SCSR,3. Agree,3. Agree,3. Agree,3. Agree,
KENNETH,8/27/2026 9:33:57,46261,Yap,Camille,Acevedo,Male,79,Pasigueño,SCSR,3. Agree,3. Agree,3. Agree,3. Agree,thanks
KENNETH,8/27/2026 9:36:21,46261,Mendoza,Zachary,Lorenzo,Female,53,Pasigueño,SCSR,3. Agree,4. Strong Agree,4. Strong Agree,4. Strong Agree,mabait
KENNETH,8/27/2026 9:37:59,46261,Yap,Hazel,Esteban,Female,71,Pasigueño,SCSR,3. Agree,4. Strong Agree,4. Strong Agree,4. Strong Agree,
KENNETH,8/27/2026 9:40:17,46261,Francisco,Nathan,Benitez,Male,91,Pasigueño,SCSR,3. Agree,4. Strong Agree,3. Agree,3. Agree,
KENNETH,8/27/2026 9:42:53,46261,Domingo,Rochelle,Katigbak,Female,5 YEARS OLD,Pasigueño,SCSR,4. Strong Agree,4. Strong Agree,4. Strong Agree,4. Strong Agree,
KENNETH,8/27/2026 10:11:25,46261,Ocampo,Lance,San Juan,Male,71,Pasigueño,SCSR,3. Agree,3. Agree,3. Agree,3. Agree,
KENNETH,8/27/2026 10:12:43,46261,Gonzales,Ryan,Esteban,Male,71,Pasigueño,SCSR,3. Agree,3. Agree,3. Agree,3. Agree,
KENNETH,8/27/2026 10:15:22,46261,Ocampo,Samantha,Umali,Female,59,Pasigueño,SCSR,3. Agree,3. Agree,3. Agree,3. Agree,salamat po
KENNETH,8/27/2026 10:16:43,46261,Aguilar,Anna,Lorenzo,Female,68,Pasigueño,SCSR,3. Agree,3. Agree,3. Agree,3. Agree,
KENNETH,8/27/2026 10:22:01,46261,Labrador,Janine,Villar,Female,30,Pasigueño,SCSR,3. Agree,3. Agree,3. Agree,3. Agree,
KENNETH,8/27/2026 10:22:59,46261,Beltran,Nathan,Trinidad,Female,27,Pasigueño,SCSR,3. Agree,3. Agree,3. Agree,3. Agree,
KENNETH,8/27/2026 10:25:06,46261,Ocampo,Daniel,Tiongson,Female,51,Pasigueño,SCSR,3. Agree,3. Agree,3. Agree,3. Agree,
KENNETH,8/27/2026 10:26:54,46261,Flores,Ivan,Panganiban,Female,6,Pasigueño,SCSR,3. Agree,3. Agree,3. Agree,3. Agree,
KENNETH,8/27/2026 10:30:24,46261,Aquino,Vincent,Lansangan,Female,84,Pasigueño,SCSR,3. Agree,3. Agree,3. Agree,3. Agree,
KENNETH,8/27/2026 10:35:51,46261,Abella,Carmela,Roxas,Female,48,Pasigueño,SCSR,3. Agree,3. Agree,3. Agree,3. Agree,
KENNETH,8/27/2026 10:42:53,46261,Andrada,Aileen,Arceo,Female,30,Pasigueño,SCSR,4. Strong Agree,4. Strong Agree,4. Strong Agree,4. Strong Agree,
KENNETH,8/27/2026 10:52:52,46261,Nicolas,Cedric,Henson,Male,58,Pasigueño,SCSR,3. Agree,3. Agree,3. Agree,3. Agree,
KENNETH,8/27/2026 11:03:13,46261,Domingo,Bea,Nepomuceno,Male,64,Pasigueño,SCSR,4. Strong Agree,4. Strong Agree,4. Strong Agree,4. Strong Agree,
KENNETH,8/27/2026 11:04:42,46261,Javier,Francis,Roldan,Female,53,Pasigueño,SCSR,4. Strong Agree,4. Strong Agree,4. Strong Agree,4. Strong Agree,
KENNETH,8/27/2026 11:06:25,46261,Mendoza,Erica,Ferrer,Male,56,Pasigueño,SCSR,3. Agree,3. Agree,3. Agree,3. Agree,
KENNETH,8/27/2026 11:09:10,46261,Robles,Rica,Sarmiento,Male,5,Pasigueño,SCSR,3. Agree,3. Agree,3. Agree,3. Agree,
KENNETH,8/27/2026 12:29:57,46261,Santiago,Kristine,Villar,Male,76,Pasigueño,SCSR,3. Agree,4. Strong Agree,4. Strong Agree,3. Agree,
KENNETH,8/27/2026 12:32:31,46261,Luna,Renzo,Cayanan,Male,21,Pasigueño,SCSR,4. Strong Agree,4. Strong Agree,4. Strong Agree,4. Strong Agree,
KENNETH,8/27/2026 12:33:39,46261,De Leon,Kathleen,Zaragoza,Female,41,Pasigueño,SCSR,4. Strong Agree,4. Strong Agree,4. Strong Agree,4. Strong Agree,
KENNETH,8/27/2026 12:34:46,46261,Labrador,Benedict,San Juan,Female,73,Pasigueño,SCSR,4. Strong Agree,4. Strong Agree,4. Strong Agree,4. Strong Agree,
KENNETH,8/27/2026 13:02:20,46261,Luna,Ian,Dalisay,Male,74,Pasigueño,SCSR,4. Strong Agree,4. Strong Agree,4. Strong Agree,4. Strong Agree,
KENNETH,8/27/2026 13:04:02,46261,Aguilar,Hazel,Vergara,Female,52,Pasigueño,SCSR,3. Agree,3. Agree,3. Agree,3. Agree,
KENNETH,8/27/2026 13:13:23,46261,Miranda,Patricia,Esteban,Female,37,Pasigueño,SCSR,3. Agree,3. Agree,3. Agree,3. Agree,ma ayos na pakiki usap 
KENNETH,8/27/2026 13:13:58,46261,Escobar,Ysabel,Trinidad,Female,71,Pasigueño,SCSR,3. Agree,4. Strong Agree,4. Strong Agree,4. Strong Agree,
KENNETH,8/27/2026 13:42:51,46261,Navarro,Stephanie,Sarmiento,Male,80,Pasigueño,SCSR,3. Agree,3. Agree,3. Agree,3. Agree,
KENNETH,8/27/2026 13:48:10,46261,Navarro,Ryan,Samson,Male,70,Pasigueño,SCSR,4. Strong Agree,4. Strong Agree,4. Strong Agree,4. Strong Agree,
KENNETH,8/27/2026 14:15:05,46261,Torres,Kimberly,Natividad,Female,59,Pasigueño,SCSR,4. Strong Agree,4. Strong Agree,3. Agree,4. Strong Agree,
KENNETH,8/27/2026 14:19:42,46261,Legaspi,Paolo,Barrientos,Female,24,Pasigueño,SCSR,4. Strong Agree,4. Strong Agree,4. Strong Agree,4. Strong Agree,
KENNETH,8/27/2026 14:21:52,46261,Fernandez,Ian,Galang,Male,18,Pasigueño,SCSR,4. Strong Agree,4. Strong Agree,4. Strong Agree,4. Strong Agree,
KENNETH,8/27/2026 14:24:51,46261,Alcantara,Clarisse,Eusebio,Male,61,Pasigueño,SCSR,4. Strong Agree,4. Strong Agree,4. Strong Agree,4. Strong Agree,
KENNETH,8/27/2026 14:45:52,46261,Legaspi,Marvin,Villar,Male,31,Pasigueño,SCSR,4. Strong Agree,4. Strong Agree,4. Strong Agree,4. Strong Agree,
KENNETH,8/27/2026 14:47:47,46261,Ignacio,Ian,Teodoro,Female,64,Pasigueño,SCSR,4. Strong Agree,4. Strong Agree,4. Strong Agree,4. Strong Agree,
KENNETH,8/27/2026 14:51:18,46261,Mercado,Camille,Alonzo,Female,65,Pasigueño,SCSR,3. Agree,4. Strong Agree,4. Strong Agree,4. Strong Agree,
KENNETH,8/27/2026 15:13:35,46261,Evangelista,Francis,Granada,Female,66,Pasigueño,SCSR,3. Agree,3. Agree,3. Agree,3. Agree,matagal
KENNETH,8/27/2026 15:15:57,46261,Perez,Lawrence,Katigbak,Female,71,Pasigueño,SCSR,3. Agree,3. Agree,3. Agree,3. Agree,
KENNETH,8/27/2026 15:16:41,46261,Magsino,Diana,Nolasco,Male,45,Pasigueño,SCSR,3. Agree,3. Agree,3. Agree,3. Agree,
KENNETH,8/27/2026 15:18:53,46261,Borja,Elaine,Ventura,Male,50,Pasigueño,SCSR,3. Agree,3. Agree,3. Agree,3. Agree,
KENNETH,8/27/2026 15:20:41,46261,Concepcion,Marvin,Lorenzo,Female,45,Pasigueño,SCSR,3. Agree,3. Agree,3. Agree,3. Agree,
KENNETH,8/27/2026 15:22:29,46261,Aquino,Anna,Dimaculangan,Female,42,Pasigueño,SCSR,3. Agree,3. Agree,3. Agree,3. Agree,
KENNETH,8/27/2026 15:23:58,46261,Lim,Andrea,Tiongson,Female,42,Pasigueño,SCSR,3. Agree,3. Agree,3. Agree,3. Agree,maraming salamat po sa pag aasikaso
KENNETH,8/27/2026 15:26:26,46261,Javier,Karen,San Juan,Male,71,Pasigueño,SCSR,3. Agree,3. Agree,3. Agree,3. Agree,
KENNETH,8/27/2026 15:36:14,46261,Bonifacio,Justin,Esteban,Male,64,Pasigueño,SCSR,3. Agree,3. Agree,3. Agree,3. Agree,
KENNETH,8/27/2026 15:39:12,46261,Villanueva,Ryan,Estrella,Female,55,Pasigueño,SCSR,3. Agree,4. Strong Agree,4. Strong Agree,4. Strong Agree,
KENNETH,8/27/2026 15:41:11,46261,Beltran,Kathleen,Recto,Female,67,Pasigueño,SCSR,2. DisAgree,4. Strong Agree,3. Agree,4. Strong Agree,
KENNETH,8/27/2026 15:42:52,46261,Enriquez,Vincent,Acevedo,Female,37,Pasigueño,SCSR,3. Agree,3. Agree,3. Agree,3. Agree,
KENNETH,8/27/2026 16:04:27,46261,Alcantara,Lance,Mallari,Male,53,Pasigueño,SCSR,3. Agree,3. Agree,3. Agree,3. Agree,
KENNETH,8/27/2026 16:13:04,46261,Nicolas,Noel,Samson,Female,33,Pasigueño,SCSR,3. Agree,3. Agree,3. Agree,3. Agree,
KENNETH,8/27/2026 16:14:08,46261,Calderon,Mikaela,Alonzo,Female,39,Pasigueño,SCSR,3. Agree,3. Agree,3. Agree,3. Agree,
KENNETH,8/27/2026 16:14:48,46261,Yap,Hazel,Quijano,Male,75,Pasigueño,SCSR,3. Agree,3. Agree,3. Agree,3. Agree,
KENNETH,8/27/2026 16:16:29,46261,Fernandez,Dominic,Gamboa,Male,64,Pasigueño,SCSR,3. Agree,3. Agree,3. Agree,3. Agree,
KENNETH,8/27/2026 16:35:07,46261,Flores,Trisha,Macaraeg,Female,17,Pasigueño,SCSR,3. Agree,3. Agree,3. Agree,3. Agree,
KENNETH,8/27/2026 16:36:31,46261,Del Rosario,Carlo,Serrano,Male,62,Pasigueño,SCSR,3. Agree,3. Agree,3. Agree,3. Agree,
RHEA,8/28/2026 9:42:16,46262,Flores,Patricia,Bayani,Male,64,Pasigueño,SCSR,4. Strong Agree,4. Strong Agree,4. Strong Agree,4. Strong Agree,very satisfide
RHEA,8/28/2026 9:44:28,46261,De Guzman,Stephanie,Zaragoza,Male,62,Pasigueño,SCSR,4. Strong Agree,4. Strong Agree,4. Strong Agree,4. Strong Agree,Sana po may xerox machine kahit may bayad
RHEA,8/28/2026 9:49:15,46262,Reyes,Anna,Padilla,Female,65,Pasigueño,SCSR,4. Strong Agree,4. Strong Agree,4. Strong Agree,4. Strong Agree,excellent service
RHEA,8/28/2026 10:20:59,46262,Navarro,Marvin,Roldan,Female,65,Pasigueño,SCSR,4. Strong Agree,4. Strong Agree,4. Strong Agree,4. Strong Agree,Very good
RHEA,8/28/2026 12:14:38,46262,De Leon,Lance,Abesamis,Female,41,Pasigueño,SCSR,4. Strong Agree,4. Strong Agree,4. Strong Agree,4. Strong Agree,
RHEA,8/28/2026 12:18:59,46262,Evangelista,Lea,Imperial,Male,21,Pasigueño,SCSR,4. Strong Agree,4. Strong Agree,4. Strong Agree,4. Strong Agree,
RHEA,8/28/2026 12:21:17,46262,Robles,Ella,Jacinto,Male,37,Pasigueño,SCSR,4. Strong Agree,4. Strong Agree,4. Strong Agree,4. Strong Agree,Good
RHEA,8/28/2026 12:24:09,46262,Robles,Danica,Macalino,Female,48,Pasigueño,SCSR,4. Strong Agree,4. Strong Agree,4. Strong Agree,4. Strong Agree,
RHEA,8/28/2026 12:53:26,46262,Pascual,Anthony,Dizon,Male,73,Pasigueño,SCSR,4. Strong Agree,4. Strong Agree,4. Strong Agree,4. Strong Agree,Good service marami salamat po sa niyo
RHEA,8/28/2026 12:56:22,46262,Tolentino,Jasmine,Imperial,Female,42,Pasigueño,SCSR,4. Strong Agree,4. Strong Agree,4. Strong Agree,4. Strong Agree,Thank you
JOHN,8/28/2026 13:00:50,46262,Valencia,Kevin,Nolasco,Female,26,Pasigueño,INQUIRY,4. Strong Agree,4. Strong Agree,4. Strong Agree,4. Strong Agree,Thnxs
JOHN,8/28/2026 13:04:48,46262,Gonzales,Marvin,San Juan,Female,84,Pasigueño,SCSR,4. Strong Agree,4. Strong Agree,4. Strong Agree,4. Strong Agree,Thank you
JOHN,8/28/2026 13:31:11,46262,Garcia,Ian,Casilao,Female,65,Pasigueño,SCSR,3. Agree,3. Agree,3. Agree,3. Agree,Maayos at mabis na serbisyo. 
JOHN,8/28/2026 13:34:42,46262,Ramos,Rochelle,Manansala,Female,56,Pasigueño,SCSR,4. Strong Agree,4. Strong Agree,4. Strong Agree,4. Strong Agree,
JOHN,8/28/2026 13:36:47,46262,Navarro,Cedric,Katigbak,Female,34,Pasigueño,SCSR,4. Strong Agree,4. Strong Agree,4. Strong Agree,4. Strong Agree,
JOHN,8/28/2026 13:39:03,46262,Hernandez,Alvin,Capili,Male,68,Pasigueño,SCSR,4. Strong Agree,4. Strong Agree,4. Strong Agree,4. Strong Agree,
JOHN,8/28/2026 13:45:55,46262,Borja,Trisha,Lorenzo,Male,78,Pasigueño,SCSR,4. Strong Agree,4. Strong Agree,3. Agree,4. Strong Agree,
JOHN,8/28/2026 13:46:58,46262,Fernandez,Renzo,Barrientos,Male,48,Pasigueño,SCSR,4. Strong Agree,4. Strong Agree,4. Strong Agree,4. Strong Agree,
JOHN,8/28/2026 13:50:21,46262,Cruz,Francis,Sison,Female,47,Pasigueño,SCSR,4. Strong Agree,4. Strong Agree,3. Agree,4. Strong Agree,
JOHN,8/28/2026 13:51:52,46262,Camacho,Aaron,Cayanan,Male,75,Pasigueño,SCSR,4. Strong Agree,3. Agree,4. Strong Agree,3. Agree,
JOHN,8/28/2026 14:17:27,46262,Cabrera,Phoebe,Pineda,Male,51,Pasigueño,SCSR,4. Strong Agree,4. Strong Agree,4. Strong Agree,4. Strong Agree,
JOHN,8/28/2026 14:18:32,46262,Yap,Lea,Aragon,Male,47,Pasigueño,SCSR,4. Strong Agree,4. Strong Agree,4. Strong Agree,4. Strong Agree,
JOHN,8/28/2026 14:41:53,8/28/0026,Castillo,Dominic,Bayani,Female,74,Pasigueño,SCSR,4. Strong Agree,4. Strong Agree,4. Strong Agree,4. Strong Agree,Maayos ang serbisyo
JOHN,8/28/2026 15:49:59,46262,Castillo,Kimberly,Bayani,Male,64,Pasigueño,SCSR,4. Strong Agree,3. Agree,3. Agree,4. Strong Agree,
JOHN,8/28/2026 15:51:00,46262,Soriano,Justin,Galang,Female,54,Pasigueño,SCSR,4. Strong Agree,3. Agree,4. Strong Agree,4. Strong Agree,
JOHN,8/28/2026 15:52:34,46262,Perez,Angela,Benitez,Male,58,Pasigueño,SCSR,4. Strong Agree,4. Strong Agree,3. Agree,3. Agree,
JOHN,8/28/2026 15:56:37,46262,Bernardo,Janine,Umali,Female,51 yrs old,Pasigueño,SCSR,4. Strong Agree,4. Strong Agree,4. Strong Agree,4. Strong Agree,panatilihin ang magandang pakikitungo sa mga humihingi ng tulong
JOHN,8/28/2026 16:25:40,46262,Fabian,Isabel,Nolasco,Female,87,Pasigueño,SCSR,4. Strong Agree,4. Strong Agree,4. Strong Agree,4. Strong Agree,
JOHN,8/28/2026 16:47:50,46262,Hernandez,Joanna,Yambao,Female,78,Pasigueño,SCSR,4. Strong Agree,4. Strong Agree,4. Strong Agree,4. Strong Agree,
RHEA,9/1/2026 10:33:25,C-014,Zamora,Sophia,Yambao,Male,39,Pasigueño,"INQUIRY, ",4. Strong Agree,4. Strong Agree,4. Strong Agree,4. Strong Agree,Magaling at mababait ang mga staff sana po sa ibang branch din ganito 
RHEA,9/1/2026 10:35:28,C-011,Fernandez,Mark,Eusebio,Female,67,Pasigueño,SCSR,4. Strong Agree,4. Strong Agree,4. Strong Agree,4. Strong Agree,
RHEA,9/1/2026 10:38:57,C-010,De Guzman,Benedict,Manansala,Female,25,Pasigueño,SCSR,3. Agree,4. Strong Agree,4. Strong Agree,3. Agree,
KENNETH,9/1/2026 11:13:32,C-015,Mercado,Kimberly,Jalandoni,Female,69,Pasigueño,SCSR,3. Agree,3. Agree,3. Agree,3. Agree,
KENNETH,9/1/2026 11:14:05,C-005,Perez,Ian,Aragon,Male,54,Pasigueño,SCSR,3. Agree,4. Strong Agree,3. Agree,3. Agree,
KENNETH,9/1/2026 11:14:45,C-019,Corpuz,Anthony,Briones,Male,23,Pasigueño,SCSR,3. Agree,4. Strong Agree,3. Agree,3. Agree,
KENNETH,9/1/2026 11:15:19,C-026,Flores,Danica,Umali,Female,47,Pasigueño,SCSR,3. Agree,3. Agree,3. Agree,4. Strong Agree,
KENNETH,9/1/2026 11:16:10,C-025,Nicolas,Angela,Acevedo,Female,78,Pasigueño,SCSR,3. Agree,3. Agree,3. Agree,3. Agree,
KENNETH,9/1/2026 11:16:38,C-009,Abad,Grace,Lansangan,Male,37,Pasigueño,SCSR,3. Agree,3. Agree,3. Agree,4. Strong Agree,
KENNETH,9/1/2026 14:16:53,C-052,De Guzman,Kristine,Madrigal,Female,71,Pasigueño,SCSR,3. Agree,4. Strong Agree,3. Agree,3. Agree,
KENNETH,9/1/2026 14:19:48,C-008,Canlas,Justin,Lansangan,Female,43,Pasigueño,SCSR,3. Agree,3. Agree,3. Agree,3. Agree,
KENNETH,9/1/2026 14:20:31,C-047,De Leon,Sophia,Abesamis,Female,51,Pasigueño,SCSR,3. Agree,3. Agree,3. Agree,3. Agree,
KENNETH,9/1/2026 14:21:22,C-039,Fabian,Lara,Razon,Female,51,Pasigueño,SCSR,3. Agree,4. Strong Agree,3. Agree,3. Agree,
KENNETH,9/1/2026 14:24:07,C-058,Francisco,Samantha,Hilario,Female,49,Pasigueño,SCSR,3. Agree,4. Strong Agree,3. Agree,3. Agree,
KENNETH,9/1/2026 15:06:48,090126-C-001,Domingo,Sophia,Magbanua,Female,8 years old.,Pasigueño,SCSR,3. Agree,3. Agree,3. Agree,3. Agree,
KENNETH,9/1/2026 15:08:19,090126-C-007,Lacson,Joanna,Quintos,Male,63,Pasigueño,SCSR,4. Strong Agree,4. Strong Agree,4. Strong Agree,4. Strong Agree,mabait maayos kausap salamat po
KENNETH,9/1/2026 15:09:01,090126-C-010,Valencia,Jasmine,Roldan,Female,78,Pasigueño,SCSR,3. Agree,3. Agree,3. Agree,3. Agree,
KENNETH,9/1/2026 15:09:48,C-013,Ramos,Ella,Fajardo,Female,74,Pasigueño,SCSR,3. Agree,4. Strong Agree,4. Strong Agree,4. Strong Agree,
KENNETH,9/1/2026 15:54:22,no nuumber,Camacho,Leonard,Dalisay,Female,72,Pasigueño,SCSR,3. Agree,3. Agree,3. Agree,3. Agree,
KENNETH,9/1/2026 15:55:42,090126-C-009,Torres,Lea,Sarmiento,Female,76,Pasigueño,SCSR,3. Agree,3. Agree,3. Agree,3. Agree,
KENNETH,9/1/2026 16:35:48,C-006,Morales,Lance,Neri,Female,60,Pasigueño,SCSR,3. Agree,3. Agree,3. Agree,3. Agree,
KENNETH,9/1/2026 16:36:42,C-010,Luna,Lea,Macaraeg,Female,65,Pasigueño,SCSR,4. Strong Agree,4. Strong Agree,4. Strong Agree,4. Strong Agree,Godbless!
KENNETH,9/1/2026 16:37:24,C-012,Alfonso,Nicole,Almario,Female,65,Pasigueño,SCSR,4. Strong Agree,4. Strong Agree,4. Strong Agree,4. Strong Agree,Godbless!
KENNETH,9/1/2026 16:38:04,no number,Concepcion,Lawrence,Quijano,Male,50,Pasigueño,SCSR,4. Strong Agree,4. Strong Agree,4. Strong Agree,4. Strong Agree,
KENNETH,9/1/2026 16:38:46,090126-C-003,Lim,Mariel,Jacinto,Female,28,Pasigueño,SCSR,4. Strong Agree,4. Strong Agree,4. Strong Agree,4. Strong Agree,
KENNETH,9/1/2026 16:39:29,090126-C-002,Ramos,Janelle,Alonzo,Female,38,Pasigueño,SCSR,4. Strong Agree,4. Strong Agree,4. Strong Agree,4. Strong Agree,Magandang pakikipag usap
KENNETH,9/1/2026 16:40:26,090126-C-004,Ignacio,Lawrence,Vergara,Male,67,Pasigueño,SCSR,4. Strong Agree,4. Strong Agree,4. Strong Agree,4. Strong Agree,
KENNETH,9/1/2026 16:43:11,C-012,Lopez,Zachary,Gamboa,Female,76,Pasigueño,SCSR,4. Strong Agree,4. Strong Agree,4. Strong Agree,4. Strong Agree,
KENNETH,9/1/2026 16:56:44,090126-C-005,De Guzman,Ian,Arceo,Male,65,Pasigueño,SCSR,3. Agree,4. Strong Agree,4. Strong Agree,4. Strong Agree,
KENNETH,9/2/2026 9:09:06,090126-C-013,Lopez,Julia,Cayanan,Female,76,Pasigueño,SCSR,3. Agree,3. Agree,3. Agree,3. Agree,
KENNETH,9/2/2026 9:48:48,090126-C-042,Enriquez,Jerome,Soliman,Male,61,Pasigueño,SCSR,3. Agree,3. Agree,3. Agree,3. Agree,
KENNETH,9/2/2026 10:11:44,090126-C-015,Fernandez,Nina,San Juan,Female,71,Pasigueño,SCSR,3. Agree,3. Agree,3. Agree,3. Agree,
KENNETH,9/2/2026 10:12:25,090126-C-016,Flores,Hazel,Tabora,Female,46,Pasigueño,SCSR,3. Agree,3. Agree,3. Agree,3. Agree,
KENNETH,9/2/2026 10:13:13,090126-C-033,Morales,Trisha,Valerio,Female,62,Pasigueño,SCSR,3. Agree,3. Agree,3. Agree,3. Agree,
KENNETH,9/2/2026 10:19:56,C-007,Manalo,Samantha,Ledesma,Female,27,Pasigueño,SCSR,3. Agree,3. Agree,3. Agree,3. Agree,
KENNETH,9/2/2026 10:21:42,090126-C-040,Borja,Karen,Granada,Female,50,Pasigueño,SCSR,3. Agree,3. Agree,3. Agree,3. Agree,
KENNETH,9/2/2026 10:22:37,090126-C-022,Quezon,Angela,Hidalgo,Male,73,Pasigueño,SCSR,3. Agree,3. Agree,3. Agree,3. Agree,
KENNETH,9/2/2026 10:23:53,090126-C-017,Macapagal,Vincent,Tadeo,Female,49,Pasigueño,SCSR,3. Agree,3. Agree,3. Agree,3. Agree,
KENNETH,9/2/2026 10:24:41,090126-C-019,Aguilar,Bianca,Tabora,Male,78,Pasigueño,SCSR,3. Agree,3. Agree,3. Agree,3. Agree,
KENNETH,9/2/2026 10:25:27,090126-C-031,Arriola,Joanna,Recto,Male,29,Pasigueño,SCSR,3. Agree,3. Agree,3. Agree,3. Agree,
KENNETH,9/2/2026 10:26:42,090226-C-001,Aquino,Benedict,Bayani,Female,58,Pasigueño,SCSR,3. Agree,3. Agree,3. Agree,3. Agree,thank you 
KENNETH,9/2/2026 10:27:26,090126-C-026,Carandang,Patricia,Nolasco,Male,61,Pasigueño,SCSR,3. Agree,3. Agree,3. Agree,3. Agree,
KENNETH,9/2/2026 10:28:06,090226-C-005,Carandang,Anna,Dalisay,Male,77,Pasigueño,SCSR,3. Agree,3. Agree,3. Agree,3. Agree,
KENNETH,9/2/2026 10:29:38,090126-C-032,Francisco,Samantha,Capili,Male,75,Pasigueño,SCSR,3. Agree,3. Agree,3. Agree,3. Agree,
KENNETH,9/2/2026 14:00:10,090226-C-009,Legaspi,Rica,Basco,Female,42,Pasigueño,SCSR,3. Agree,3. Agree,3. Agree,3. Agree,
KENNETH,9/2/2026 14:00:59,090226-C-008,Arriola,Rafael,Jacinto,Female,63,Pasigueño,SCSR,3. Agree,3. Agree,3. Agree,3. Agree,
KENNETH,9/2/2026 14:02:03,090226-C-013,Corpuz,Alvin,Tadeo,Female,77,Pasigueño,SCSR,3. Agree,3. Agree,3. Agree,3. Agree,
KENNETH,9/2/2026 14:43:22,090226-C-004,Concepcion,Kimberly,Arceo,Male,77,Pasigueño,SCSR,3. Agree,3. Agree,3. Agree,3. Agree,
KENNETH,9/2/2026 14:44:01,090226-C-014,Manalo,Clarisse,Sandejas,Male,55,Pasigueño,SCSR,3. Agree,3. Agree,3. Agree,3. Agree,
KENNETH,9/2/2026 14:44:41,090126-C-029,Hernandez,Ivan,Fajardo,Male,70,Pasigueño,SCSR,3. Agree,3. Agree,3. Agree,3. Agree,
KENNETH,9/2/2026 14:45:42,090126-C-034,Aguilar,Rafael,Briones,Female,55,Pasigueño,SCSR,3. Agree,3. Agree,3. Agree,3. Agree,
KENNETH,9/2/2026 14:48:27,090126-C-028,De Guzman,Aaron,Ferrer,Female,68,Pasigueño,SCSR,3. Agree,3. Agree,3. Agree,3. Agree,
KENNETH,9/2/2026 14:49:02,090226-C-007,Ocampo,Benedict,Esguerra,Female,48,Pasigueño,SCSR,3. Agree,3. Agree,3. Agree,3. Agree,
KENNETH,9/2/2026 14:49:34,090226-C-006,Concepcion,Vincent,Samson,Female,44,Pasigueño,SCSR,3. Agree,3. Agree,3. Agree,3. Agree,
KENNETH,9/2/2026 14:50:11,090226-C-021,Catapang,Cedric,Roxas,Male,55,Pasigueño,SCSR,3. Agree,3. Agree,3. Agree,3. Agree,
KENNETH,9/2/2026 14:50:54,090226-C-018,Espino,Nina,Hidalgo,Female,62,Pasigueño,SCSR,3. Agree,3. Agree,3. Agree,3. Agree,
KENNETH,9/2/2026 14:51:38,090226-C-020,Villanueva,Anthony,Montemayor,Female,72,Pasigueño,SCSR,3. Agree,3. Agree,3. Agree,3. Agree,
KENNETH,9/2/2026 14:52:46,090126-C-018,Mercado,Rica,Balagtas,Male,7 Y/O,Pasigueño,SCSR,2. DisAgree,3. Agree,3. Agree,3. Agree,
KENNETH,9/2/2026 14:53:33,090226-C-003,Ocampo,Ella,Quintos,Male,63,Pasigueño,SCSR,4. Strong Agree,4. Strong Agree,4. Strong Agree,4. Strong Agree,
KENNETH,9/2/2026 14:54:19,090226-C-019,Malabanan,Rochelle,Madrigal,Male,52,Pasigueño,SCSR,3. Agree,3. Agree,3. Agree,3. Agree,
KENNETH,9/2/2026 14:55:16,090126-C-041,Santos,Mariel,Estrella,Female,32,Pasigueño,SCSR,3. Agree,3. Agree,3. Agree,3. Agree,
KENNETH,9/2/2026 14:56:22,090126-C-039,Velasco,Lea,Bayani,Female,27,Pasigueño,SCSR,3. Agree,3. Agree,3. Agree,3. Agree,
KENNETH,9/2/2026 14:57:11,090126-C-044,Velasco,Janelle,Lazaro,Female,64,Pasigueño,SCSR,3. Agree,3. Agree,3. Agree,3. Agree,
KENNETH,9/2/2026 14:58:25,C-042,Mendoza,Noel,Ilustre,Female,41,Pasigueño,SCSR,3. Agree,3. Agree,2. DisAgree,2. DisAgree,
KENNETH,9/2/2026 14:59:23,C-039,Luna,Phoebe,Cabral,Female,56,Pasigueño,SCSR,3. Agree,3. Agree,3. Agree,3. Agree,
KENNETH,9/2/2026 15:20:18,090226-C-012,Ilagan,Adrian,Esguerra,Female,79,Pasigueño,SCSR,3. Agree,3. Agree,3. Agree,3. Agree,
KENNETH,9/2/2026 15:21:04,090226-C-017,Guerrero,Miguel,Jacinto,Female,34,Pasigueño,SCSR,3. Agree,3. Agree,3. Agree,3. Agree,
KENNETH,9/2/2026 15:39:09,090226-C-026,Luna,Adrian,Quijano,Male,49,Pasigueño,SCSR,3. Agree,3. Agree,3. Agree,3. Agree,
KENNETH,9/2/2026 15:40:44,090126-C-012,Valdez,Marco,Quijano,Male,32,Pasigueño,SCSR,3. Agree,3. Agree,3. Agree,3. Agree,
KENNETH,9/2/2026 15:42:55,C-040,Domingo,Adrian,Sebastian,Male,65,Pasigueño,SCSR,3. Agree,3. Agree,3. Agree,3. Agree,
KENNETH,9/2/2026 15:43:37,090126-C-043,Dumlao,Camille,Sarmiento,Male,3,Pasigueño,SCSR,3. Agree,3. Agree,3. Agree,3. Agree,
KENNETH,9/2/2026 15:44:35,090126-C-021,Quezon,Alvin,Esguerra,Female,38,Pasigueño,SCSR,3. Agree,3. Agree,3. Agree,3. Agree,
KENNETH,9/2/2026 15:45:31,090126-C-025,Bernardo,Anthony,Tadeo,Male,52,Pasigueño,SCSR,3. Agree,3. Agree,3. Agree,3. Agree,
KENNETH,9/2/2026 15:46:00,090126-C-020,Domingo,Lawrence,Macalino,Female,25,Pasigueño,SCSR,3. Agree,3. Agree,3. Agree,3. Agree,
KENNETH,9/2/2026 16:14:52,C-055,Arellano,Benedict,Eusebio,Male,45,Pasigueño,SCSR,3. Agree,3. Agree,3. Agree,3. Agree,
KENNETH,9/2/2026 16:15:35,C-033,Navarro,Lorraine,Baluyot,Male,7,Pasigueño,SCSR,3. Agree,3. Agree,3. Agree,3. Agree,
KENNETH,9/2/2026 16:17:01,090226-C-015,Domingo,Bryan,Acevedo,Male,72,Pasigueño,SCSR,3. Agree,3. Agree,3. Agree,3. Agree,
KENNETH,9/2/2026 16:18:15,090226-C-016,Malabanan,Anthony,Yambao,Male,77,Pasigueño,SCSR,3. Agree,3. Agree,3. Agree,3. Agree,
KENNETH,9/2/2026 16:20:03,090126-C-036,Ortega,Erica,Imperial,Female,33,Pasigueño,SCSR,3. Agree,3. Agree,3. Agree,3. Agree,
KENNETH,9/2/2026 16:20:39,090126-C-037,Magsino,Aira,Neri,Female,49,Pasigueño,SCSR,3. Agree,3. Agree,3. Agree,3. Agree,
KENNETH,9/2/2026 16:21:30,090226-C-011,Canlas,Darren,Nolasco,Male,1,Pasigueño,SCSR,3. Agree,3. Agree,3. Agree,3. Agree,
KENNETH,9/2/2026 16:22:12,090226-C-002,Legaspi,Paolo,Basco,Female,59,Pasigueño,SCSR,3. Agree,3. Agree,3. Agree,3. Agree,
KENNETH,9/2/2026 16:29:59,C-046,Borja,Aaron,Jacinto,Male,13,Pasigueño,SCSR,3. Agree,3. Agree,3. Agree,3. Agree,
KENNETH,9/2/2026 17:06:37,090226-C-037,Corpuz,Erica,Razon,Male,72,Pasigueño,SCSR,3. Agree,3. Agree,3. Agree,3. Agree,
RHEA,9/2/2026 17:33:18,090226-C-036,Espino,Angelo,Hilario,Male,35,Pasigueño,SCSR,4. Strong Agree,4. Strong Agree,4. Strong Agree,4. Strong Agree,SALAMAT
KENNETH,9/3/2026 10:06:06,090226-C-046,Flores,Kevin,Yambao,Male,7 months old,Pasigueño,SCSR,4. Strong Agree,4. Strong Agree,4. Strong Agree,4. Strong Agree,
KENNETH,9/3/2026 10:06:42,090226-C-044,Arriola,Nathan,Montemayor,Male,51,Pasigueño,SCSR,3. Agree,3. Agree,3. Agree,3. Agree,
KENNETH,9/3/2026 10:13:27,090126-C-045,Abella,Kristine,Pineda,Male,44,Pasigueño,SCSR,4. Strong Agree,4. Strong Agree,4. Strong Agree,4. Strong Agree,
KENNETH,9/3/2026 10:14:10,090226-C-027,Aquino,Kimberly,Umali,Female,62,Pasigueño,SCSR,3. Agree,3. Agree,3. Agree,4. Strong Agree,
KENNETH,9/3/2026 10:48:51,090226-C-032,Bonifacio,Hannah,Lorenzo,Female,69,Pasigueño,SCSR,3. Agree,3. Agree,3. Agree,3. Agree,
KENNETH,9/3/2026 10:49:55,090226-C-038,Tolentino,Ella,Ventura,Female,1 y/o,Pasigueño,SCSR,4. Strong Agree,4. Strong Agree,4. Strong Agree,4. Strong Agree,mabait at maayos ang proseso
KENNETH,9/3/2026 10:50:49,090126-C-014,Canlas,Julia,Nepomuceno,Male,45,Pasigueño,SCSR,3. Agree,3. Agree,3. Agree,3. Agree,
KENNETH,9/3/2026 10:59:10,090226-C-033,Mendoza,Kyle,Delos Reyes,Female,64,Pasigueño,SCSR,4. Strong Agree,4. Strong Agree,4. Strong Agree,4. Strong Agree,sana po may xerox machine kahit may bayad
KENNETH,9/3/2026 11:00:53,090326-C-004,Yap,Kevin,Briones,Male,58,Pasigueño,SCSR,4. Strong Agree,4. Strong Agree,4. Strong Agree,4. Strong Agree,SALAMAT PO
KENNETH,9/3/2026 12:19:33,090326-C-007,Rivera,Noel,Ledesma,Male,69,Pasigueño,SCSR,3. Agree,3. Agree,3. Agree,3. Agree,
KENNETH,9/3/2026 12:20:48,090326-C-011,Flores,Daniel,Fajardo,Female,27,Pasigueño,SCSR,3. Agree,4. Strong Agree,4. Strong Agree,4. Strong Agree,thank u po sa maayos na pakiki tungo
KENNETH,9/3/2026 12:21:31,090326-C-006,Francisco,Denise,Dalisay,Male,40,Pasigueño,SCSR,3. Agree,4. Strong Agree,4. Strong Agree,4. Strong Agree,
KENNETH,9/3/2026 12:23:27,090326-C-005,Rosales,Erica,Nolasco,Female,55,Pasigueño,SCSR,4. Strong Agree,4. Strong Agree,4. Strong Agree,4. Strong Agree,
KENNETH,9/3/2026 12:25:56,090326-C-001,Ignacio,Christian,Eusebio,Female,67,Pasigueño,SCSR,3. Agree,4. Strong Agree,4. Strong Agree,4. Strong Agree,
KENNETH,9/3/2026 12:26:47,090226-C-031,Quezon,Darren,Cayanan,Female,26,Pasigueño,SCSR,4. Strong Agree,4. Strong Agree,4. Strong Agree,4. Strong Agree,
KENNETH,9/3/2026 12:33:20,090226-C-042,Ignacio,Karen,Samson,Male,75,Pasigueño,SCSR,3. Agree,3. Agree,3. Agree,3. Agree,
KENNETH,9/3/2026 12:34:29,090226-C-034,Vargas,Leonard,Hilario,Female,46,Pasigueño,SCSR,2. DisAgree,3. Agree,3. Agree,3. Agree,
KENNETH,9/3/2026 12:39:44,090226-C-045,Valdez,Hannah,Capili,Female,26,Pasigueño,SCSR,2. DisAgree,3. Agree,3. Agree,3. Agree,
KENNETH,9/3/2026 12:45:15,090326-C-003,De Guzman,Grace,Panganiban,Female,36,Pasigueño,SCSR,3. Agree,3. Agree,3. Agree,3. Agree,thank you po
KENNETH,9/3/2026 12:54:48,090226-C-040,Quezon,Karen,Marasigan,Male,4 Y/O,Pasigueño,SCSR,2. DisAgree,4. Strong Agree,4. Strong Agree,4. Strong Agree,
KENNETH,9/3/2026 13:08:35,090326-C-002,Rivera,Warren,Teodoro,Female,28,Pasigueño,SCSR,4. Strong Agree,4. Strong Agree,4. Strong Agree,4. Strong Agree,
KENNETH,9/3/2026 14:14:23,090326-C-008,Mercado,Paolo,Sandejas,Male,73,Pasigueño,SCSR,4. Strong Agree,4. Strong Agree,4. Strong Agree,3. Agree,
KENNETH,9/3/2026 14:15:02,090326-C-017,Aguilar,Julia,Teodoro,Male,36,Pasigueño,SCSR,4. Strong Agree,4. Strong Agree,4. Strong Agree,4. Strong Agree,
KENNETH,9/3/2026 14:15:51,090326-C-016,Flores,Nathan,Nolasco,Male,3 y/o,Pasigueño,SCSR,3. Agree,3. Agree,3. Agree,3. Agree,
KENNETH,9/3/2026 14:16:34,090326-C-015,Cruz,Anna,Cayanan,Female,68,Pasigueño,SCSR,3. Agree,4. Strong Agree,4. Strong Agree,3. Agree,
KENNETH,9/3/2026 14:17:17,090326-C-009,Francisco,Aileen,Eusebio,Male,66,Pasigueño,SCSR,3. Agree,3. Agree,3. Agree,3. Agree,
KENNETH,9/3/2026 14:17:53,090226-C-041,Alcantara,Mikaela,Razon,Male,26,Pasigueño,SCSR,3. Agree,3. Agree,3. Agree,3. Agree,
KENNETH,9/3/2026 14:19:29,090326-C-010,De Guzman,Gabriel,Lazaro,Male,53,Pasigueño,SCSR,3. Agree,4. Strong Agree,4. Strong Agree,4. Strong Agree,good service
KENNETH,9/3/2026 14:20:17,090326-C-019,Villanueva,Phoebe,Dizon,Male,44,Pasigueño,SCSR,4. Strong Agree,4. Strong Agree,4. Strong Agree,4. Strong Agree,
KENNETH,9/3/2026 14:21:29,090226-C-030,Hernandez,Paolo,Galang,Female,46,Pasigueño,SCSR,3. Agree,3. Agree,3. Agree,3. Agree,
KENNETH,9/3/2026 14:23:21,090326-C-012,Castro,Lawrence,Nepomuceno,Female,34,Pasigueño,SCSR,3. Agree,4. Strong Agree,4. Strong Agree,4. Strong Agree,
KENNETH,9/3/2026 14:24:00,090226-C-029,Guerrero,Patricia,Gamboa,Female,46,Pasigueño,SCSR,3. Agree,4. Strong Agree,4. Strong Agree,4. Strong Agree,
KENNETH,9/3/2026 14:46:20,090226-C-048,Zamora,Janine,Madrigal,Female,55,Pasigueño,SCSR,4. Strong Agree,4. Strong Agree,4. Strong Agree,4. Strong Agree,
KENNETH,9/3/2026 14:46:54,090326-C-021,Ilagan,Trisha,Abesamis,Female,53,Pasigueño,SCSR,4. Strong Agree,4. Strong Agree,4. Strong Agree,4. Strong Agree,
KENNETH,9/3/2026 14:47:26,090326-C-022,Aguilar,Francis,Guevarra,Female,47,Pasigueño,SCSR,3. Agree,3. Agree,3. Agree,3. Agree,
KENNETH,9/3/2026 14:48:06,090326-C-023,Valdez,Kristine,Pineda,Female,52,Pasigueño,SCSR,3. Agree,3. Agree,3. Agree,3. Agree,
KENNETH,9/3/2026 14:48:49,090326-C-018,Zamora,Justin,Ferrer,Female,48,Pasigueño,SCSR,3. Agree,3. Agree,3. Agree,4. Strong Agree,
KENNETH,9/3/2026 14:49:25,090226-C-010,Soriano,Ivan,Macalino,Female,52,Pasigueño,SCSR,4. Strong Agree,4. Strong Agree,4. Strong Agree,4. Strong Agree,
KENNETH,9/3/2026 14:59:29,090326-C-020,Flores,Aileen,Imperial,Male,57,Pasigueño,SCSR,2. DisAgree,3. Agree,3. Agree,3. Agree,matagal na process
KENNETH,9/3/2026 15:01:30,090326-C-013,Santiago,Sean,Manansala,Female,66,Pasigueño,SCSR,4. Strong Agree,4. Strong Agree,4. Strong Agree,4. Strong Agree,
KENNETH,9/3/2026 15:04:26,090226-C-047,Abella,Renzo,Manansala,Female,69,Pasigueño,SCSR,3. Agree,3. Agree,3. Agree,3. Agree,
KENNETH,9/3/2026 15:09:23,090326-C-026,Abad,Julia,Arceo,Female,63,Pasigueño,SCSR,4. Strong Agree,4. Strong Agree,4. Strong Agree,4. Strong Agree,
KENNETH,9/3/2026 15:10:15,090326-C-024,Salazar,Bianca,Roldan,Female,9 Y/O,Pasigueño,SCSR,3. Agree,3. Agree,3. Agree,3. Agree,
KENNETH,9/3/2026 15:19:26,090226-C-043,Lopez,Sophia,Serrano,Male,35,Pasigueño,SCSR,3. Agree,3. Agree,3. Agree,3. Agree,
KENNETH,9/3/2026 15:51:25,090226-C-035,Nicolas,Janine,Ilustre,Female,65,Pasigueño,SCSR,3. Agree,3. Agree,3. Agree,3. Agree,
KENNETH,9/3/2026 16:14:01,090226-C-023,Miranda,Lance,Zaragoza,Male,68,Pasigueño,SCSR,3. Agree,3. Agree,3. Agree,3. Agree,
KENNETH,9/3/2026 16:27:49,090126-C-027,Salazar,Sophia,Quintos,Female,57,Pasigueño,SCSR,4. Strong Agree,4. Strong Agree,4. Strong Agree,4. Strong Agree,"SALAMAT po, ang bait nyo po"
JOHN,9/3/2026 17:21:52,C-027,Ilagan,Francis,Macalino,Female,64,Pasigueño,SCSR,4. Strong Agree,4. Strong Agree,4. Strong Agree,4. Strong Agree,Very good mabilis makuha
KENNETH,9/4/2026 11:21:27,090326-C-027,Mendoza,Rina,San Juan,Male,29,Pasigueño,SCSR,4. Strong Agree,4. Strong Agree,4. Strong Agree,4. Strong Agree,
KENNETH,9/4/2026 11:22:44,090326-C-038,Alfonso,Camille,Sarmiento,Female,49,Pasigueño,SCSR,3. Agree,3. Agree,3. Agree,3. Agree,
KENNETH,9/4/2026 11:24:35,090426-C-001,Hernandez,Lea,San Juan,Female,44,Pasigueño,SCSR,3. Agree,3. Agree,3. Agree,3. Agree,
KENNETH,9/4/2026 11:25:34,090226-C-028,Ocampo,Janelle,Manansala,Female,44,Pasigueño,SCSR,3. Agree,4. Strong Agree,4. Strong Agree,4. Strong Agree,
KENNETH,9/4/2026 11:26:30,090226-C-024,Evangelista,Janine,Estrella,Female,74,Pasigueño,SCSR,3. Agree,4. Strong Agree,4. Strong Agree,4. Strong Agree,
KENNETH,9/4/2026 11:27:15,090226-C-049,Lim,Kevin,Macalino,Female,61,Pasigueño,SCSR,3. Agree,3. Agree,3. Agree,4. Strong Agree,
KENNETH,9/4/2026 12:46:24,090326-C-028,Zamora,Ryan,Dalisay,Male,56,Pasigueño,SCSR,3. Agree,4. Strong Agree,4. Strong Agree,4. Strong Agree,
KENNETH,9/4/2026 12:47:11,090426-C-008,Castro,Zachary,Balagtas,Male,49,Pasigueño,SCSR,3. Agree,3. Agree,3. Agree,3. Agree,
KENNETH,9/4/2026 12:47:55,090426-C-004,Velasco,Jerome,Aragon,Male,78,Pasigueño,SCSR,3. Agree,3. Agree,4. Strong Agree,4. Strong Agree,
KENNETH,9/4/2026 12:48:48,090226-C-039,Domingo,Jerome,Eusebio,Female,52,Pasigueño,SCSR,3. Agree,4. Strong Agree,4. Strong Agree,4. Strong Agree,
KENNETH,9/4/2026 12:49:56,090326-C-032,Bonifacio,Kathleen,Benitez,Male,1 y/o,Pasigueño,SCSR,3. Agree,3. Agree,3. Agree,3. Agree,
KENNETH,9/4/2026 12:50:50,090326-C-034,Rivera,Erica,Acevedo,Female,20,Pasigueño,SCSR,4. Strong Agree,4. Strong Agree,4. Strong Agree,4. Strong Agree,
KENNETH,9/4/2026 12:51:37,090126-C-008,Evangelista,Erica,Aragon,Female,59,Pasigueño,SCSR,4. Strong Agree,4. Strong Agree,4. Strong Agree,4. Strong Agree,
KENNETH,9/4/2026 12:52:37,090326-C-041,Enriquez,Vincent,Isidro,Female,42,Pasigueño,SCSR,3. Agree,4. Strong Agree,4. Strong Agree,4. Strong Agree,
KENNETH,9/4/2026 14:10:49,090426-C-014,Yap,Gabriel,Amador,Male,58,Pasigueño,SCSR,3. Agree,4. Strong Agree,4. Strong Agree,4. Strong Agree,
KENNETH,9/4/2026 14:11:30,090326-C-040,Velasco,Carmela,Montemayor,Female,56,Pasigueño,SCSR,3. Agree,3. Agree,3. Agree,3. Agree,
KENNETH,9/4/2026 14:13:13,090426-C-010,Ignacio,Rica,Montemayor,Female,71,Pasigueño,SCSR,3. Agree,3. Agree,3. Agree,3. Agree,
KENNETH,9/4/2026 14:15:39,090326-C-031,Luna,Carmela,Umali,Female,26,Pasigueño,SCSR,3. Agree,4. Strong Agree,4. Strong Agree,4. Strong Agree,
KENNETH,9/4/2026 14:17:57,090326-C-030,Gatchalian,Jerome,Sarmiento,Female,45,Pasigueño,SCSR,4. Strong Agree,4. Strong Agree,4. Strong Agree,4. Strong Agree,
KENNETH,9/4/2026 14:19:11,090326-C-033,Andrada,Aaron,Marasigan,Female,46,Pasigueño,SCSR,3. Agree,3. Agree,3. Agree,3. Agree,
KENNETH,9/4/2026 14:20:16,090426-C-009,Gutierrez,Francis,Sebastian,Female,40,Pasigueño,SCSR,3. Agree,4. Strong Agree,4. Strong Agree,4. Strong Agree,sana po mas bumilis pa ang proseso
KENNETH,9/4/2026 14:21:21,090326-C-036,Salazar,Marvin,Lazaro,Male,30,Pasigueño,SCSR,3. Agree,3. Agree,3. Agree,3. Agree,
KENNETH,9/4/2026 14:24:10,090326-C-029,Soriano,Paolo,Benitez,Female,67,Pasigueño,SCSR,3. Agree,4. Strong Agree,4. Strong Agree,3. Agree,
KENNETH,9/4/2026 14:27:11,090426-C-016,Borja,Rina,Arceo,Male,59,Pasigueño,SCSR,4. Strong Agree,4. Strong Agree,4. Strong Agree,4. Strong Agree,
KENNETH,9/4/2026 14:28:04,090426-C-002,Legaspi,Lara,Acevedo,Female,54,Pasigueño,SCSR,4. Strong Agree,4. Strong Agree,4. Strong Agree,3. Agree,
KENNETH,9/4/2026 15:36:21,090426-C-013,Francisco,Stephanie,Samson,Female,85,Pasigueño,SCSR,4. Strong Agree,4. Strong Agree,4. Strong Agree,4. Strong Agree,
KENNETH,9/4/2026 15:39:48,090126-C-038,Abella,Nina,Umali,Female,66,Pasigueño,SCSR,3. Agree,4. Strong Agree,4. Strong Agree,4. Strong Agree,
KENNETH,9/4/2026 15:42:18,090426-C-021,Arellano,Clarisse,Teodoro,Male,50,Pasigueño,SCSR,3. Agree,3. Agree,3. Agree,3. Agree,
KENNETH,9/4/2026 15:43:08,090426-C-020,Robles,Elaine,Macaraeg,Female,73,Pasigueño,SCSR,3. Agree,4. Strong Agree,4. Strong Agree,4. Strong Agree,
KENNETH,9/4/2026 15:43:55,090426-C-012,Santos,Angela,Hilario,Female,3,Pasigueño,SCSR,3. Agree,4. Strong Agree,4. Strong Agree,4. Strong Agree,
KENNETH,9/4/2026 15:44:39,090426-C-018,Arellano,Noel,Macalino,Female,67,Pasigueño,SCSR,3. Agree,4. Strong Agree,4. Strong Agree,4. Strong Agree,
KENNETH,9/4/2026 15:45:18,090426-C-006,Bonifacio,Janine,Panganiban,Male,88,Pasigueño,SCSR,4. Strong Agree,4. Strong Agree,3. Agree,3. Agree,
KENNETH,9/4/2026 15:46:04,090326-C-039,Javier,Patricia,Mallari,Female,49,Pasigueño,SCSR,3. Agree,4. Strong Agree,4. Strong Agree,4. Strong Agree,
KENNETH,9/4/2026 15:46:52,090426-C-011,Labrador,Nina,Madrigal,Male,5,Pasigueño,SCSR,3. Agree,3. Agree,3. Agree,4. Strong Agree, 
KENNETH,9/4/2026 15:49:40,090326-C-035,Andrada,Gabriel,Granada,Female,50,Pasigueño,SCSR,3. Agree,4. Strong Agree,4. Strong Agree,4. Strong Agree,
KENNETH,9/4/2026 15:54:25,090426-C-017,Villanueva,Samantha,Benitez,Male,70,Pasigueño,SCSR,4. Strong Agree,4. Strong Agree,4. Strong Agree,4. Strong Agree,
KENNETH,9/4/2026 15:56:32,090426-C-007,Yap,Lorraine,Madrigal,Male,6,Pasigueño,SCSR,3. Agree,3. Agree,3. Agree,3. Agree,
KENNETH,9/4/2026 16:13:10,090426-C-015,Arriola,Darren,Gamboa,Male,40,Pasigueño,SCSR,4. Strong Agree,4. Strong Agree,4. Strong Agree,4. Strong Agree,
KENNETH,9/4/2026 16:13:45,090426-C-019,Quezon,Anthony,Tabora,Female,43,Pasigueño,SCSR,3. Agree,3. Agree,3. Agree,3. Agree,
KENNETH,9/4/2026 16:14:25,090426-C-023,Arellano,Aira,Roldan,Male,5,Pasigueño,SCSR,3. Agree,3. Agree,3. Agree,3. Agree,
KENNETH,9/4/2026 16:15:10,090426-C-022,Del Rosario,Kimberly,Sandejas,Male,5,Pasigueño,SCSR,4. Strong Agree,4. Strong Agree,4. Strong Agree,4. Strong Agree,
RHEA,9/7/2026 9:06:54,090726-C-001,Alfonso,Janine,Baluyot,Male,36,Pasigueño,SCSR,4. Strong Agree,4. Strong Agree,4. Strong Agree,4. Strong Agree,Sobrang bait po ni maam rhea ginawan nya ng paraan ma print un docs po na need ko po kahit my problema sa power.salamat po
RHEA,9/7/2026 11:04:42,090726-C-010,Carandang,Joshua,Samson,Male,27,Pasigueño,SCSR,3. Agree,3. Agree,3. Agree,3. Agree,
RHEA,9/7/2026 11:08:37,090726-C-009,Fernandez,Jerome,Arceo,Female,53,Pasigueño,SCSR,4. Strong Agree,4. Strong Agree,4. Strong Agree,4. Strong Agree,n/a
RHEA,9/7/2026 11:11:07,090726-C-007,Quezon,Elaine,Jacinto,Female,41,Pasigueño,SCSR,4. Strong Agree,4. Strong Agree,4. Strong Agree,4. Strong Agree,Ok NAMAN PO
RHEA,9/7/2026 11:18:18,090726-C-008,Carandang,Hannah,Baluyot,Female,70,Pasigueño,SCSR,4. Strong Agree,4. Strong Agree,4. Strong Agree,4. Strong Agree,free wifi
RHEA,9/7/2026 11:20:25,090726-C-011,Rosales,Warren,Madrigal,Male,24-days,Pasigueño,SCSR,4. Strong Agree,4. Strong Agree,4. Strong Agree,4. Strong Agree,Tuloy tuloy lang po ang trabaho
RHEA,9/7/2026 11:37:14,090726-C-012,Lopez,Lara,Montemayor,Male,80,Pasigueño,SCSR,4. Strong Agree,4. Strong Agree,4. Strong Agree,4. Strong Agree,Service is good and fast helpful aswell 
ALEX,9/7/2026 11:54:16,090726-C-013,Cruz,Renzo,Marasigan,Male,55,Pasigueño,SCSR,4. Strong Agree,4. Strong Agree,4. Strong Agree,4. Strong Agree,
ALEX,9/7/2026 12:06:03,090726-C-014,Catapang,Lance,Hidalgo,Female,67,Pasigueño,SCSR,4. Strong Agree,4. Strong Agree,4. Strong Agree,4. Strong Agree,Mabilis na proseso
RHEA,9/7/2026 13:15:13,090426-C-003,Pascual,Janelle,Tabora,Female,59,Pasigueño,SCSR,4. Strong Agree,4. Strong Agree,4. Strong Agree,4. Strong Agree,ANG BAIT PO NG MGA STAFF
ALEX,9/7/2026 13:19:31,090726-C-016,Alvarado,Oliver,Manansala,Female,60,Pasigueño,SCSR,2. DisAgree,2. DisAgree,4. Strong Agree,2. DisAgree,"Tumagal po ang proseso kumpara sa dati. Maayos po yung nag interview sakin. Pero yung lalaki sa 1st step na nagchecheck ng requirements, hindi maayos makipag usap. May ""po"" siya sa salita pero mataas ang boses. Sana pinapakinggan niya yung explanation ng kausap niya hindi yung naririnig niya lang pero di na niya pinapakinggan."
ALEX,9/7/2026 13:20:54,090726-C-015,Soriano,Darren,Quintos,Female,54,Pasigueño,SCSR,4. Strong Agree,4. Strong Agree,4. Strong Agree,4. Strong Agree,
ALEX,9/7/2026 13:55:53,090726-C-018,Guerrero,Miguel,Sandejas,Male,59,Pasigueño,SCSR,4. Strong Agree,4. Strong Agree,4. Strong Agree,4. Strong Agree,
ALEX,9/7/2026 13:56:57,090726-C-020,Gatchalian,Janelle,Soliman,Female,58,Pasigueño,SCSR,4. Strong Agree,4. Strong Agree,4. Strong Agree,4. Strong Agree,GOOD
ALEX,9/7/2026 13:57:59,090726-C-017,Luna,Mikaela,Quizon,Female,29,Pasigueño,SCSR,4. Strong Agree,4. Strong Agree,4. Strong Agree,4. Strong Agree,
ALEX,9/7/2026 14:12:01,090726-C-025,Cabrera,Pauline,Serrano,Male,55,Pasigueño,SCSR,4. Strong Agree,4. Strong Agree,4. Strong Agree,4. Strong Agree,VERY GOOD
ALEX,9/7/2026 14:18:38,090726-C-022,De Guzman,Paolo,Magbanua,Female,32,Pasigueño,SCSR,4. Strong Agree,4. Strong Agree,4. Strong Agree,4. Strong Agree,N/A
ALEX,9/7/2026 14:21:22,090726-C-019,Abad,Renzo,Abesamis,Male,55,Pasigueño,SCSR,4. Strong Agree,4. Strong Agree,4. Strong Agree,4. Strong Agree,
ALEX,9/7/2026 14:26:15,090726-C-002,Fabian,Janine,Guevarra,Male,36,Pasigueño,SCSR,4. Strong Agree,4. Strong Agree,4. Strong Agree,4. Strong Agree,
ALEX,9/7/2026 14:42:14,090726-C-024,Alcantara,Gabriel,Natividad,Female,37,Pasigueño,SCSR,4. Strong Agree,4. Strong Agree,4. Strong Agree,4. Strong Agree,GOOD MABILIS ANG PROSESO
ALEX,9/7/2026 14:54:33,090726-C-026,Evangelista,Jerome,Serrano,Male,38,Pasigueño,SCSR,3. Agree,4. Strong Agree,4. Strong Agree,4. Strong Agree,Maayos na patakaran
ALEX,9/7/2026 15:18:13,090726-C-030,Reyes,Jasmine,Quizon,Female,69,Pasigueño,SCSR,4. Strong Agree,4. Strong Agree,4. Strong Agree,4. Strong Agree,
ALEX,9/7/2026 15:50:18,090726-C-033,Rosales,Anthony,Balagtas,Female,43,Pasigueño,SCSR,4. Strong Agree,4. Strong Agree,4. Strong Agree,4. Strong Agree,
ALEX,9/7/2026 15:59:08,090726-C-036,Aguilar,Bea,Isidro,Female,72,Pasigueño,SCSR,3. Agree,4. Strong Agree,4. Strong Agree,4. Strong Agree,
ALEX,9/7/2026 15:59:16,090126-C-011,Villanueva,Rica,Montemayor,Male,37,Pasigueño,SCSR,4. Strong Agree,4. Strong Agree,4. Strong Agree,4. Strong Agree,
ALEX,9/7/2026 16:46:06,090726-C-027,Vargas,Leonard,Magbanua,Female,62,Pasigueño,SCSR,4. Strong Agree,4. Strong Agree,4. Strong Agree,4. Strong Agree,
ALEX,9/7/2026 16:48:03,090726-C-017,Torres,Cedric,Granada,Female,29,Pasigueño,SCSR,4. Strong Agree,4. Strong Agree,4. Strong Agree,4. Strong Agree,
ALEX,9/7/2026 17:21:18,090726-C-037,Tan,Aileen,Briones,Female,47,Pasigueño,SCSR,4. Strong Agree,4. Strong Agree,4. Strong Agree,4. Strong Agree,
ALEX,9/7/2026 17:22:14,090726-C-040,Miranda,Anthony,Soliman,Male,66,Pasigueño,SCSR,4. Strong Agree,4. Strong Agree,4. Strong Agree,4. Strong Agree,
ALEX,9/7/2026 17:23:03,090326-C-002,Velasco,Noel,Roldan,Female,28,Pasigueño,SCSR,4. Strong Agree,4. Strong Agree,4. Strong Agree,4. Strong Agree,
ALEX,9/7/2026 17:24:36,090726-C-039,Morales,Sean,Esteban,Male,33,Pasigueño,SCSR,4. Strong Agree,4. Strong Agree,4. Strong Agree,4. Strong Agree,
ALEX,9/7/2026 17:29:43,090726-C-035,Manalo,Aira,Bayani,Male,66,Pasigueño,SCSR,4. Strong Agree,4. Strong Agree,4. Strong Agree,4. Strong Agree,
ALEX,9/7/2026 17:30:34,090726-C-031,Magsino,Renzo,Hilario,Male,69,Pasigueño,SCSR,4. Strong Agree,4. Strong Agree,4. Strong Agree,4. Strong Agree,
ALEX,9/7/2026 17:31:41,090726-C-034,Escobar,Lawrence,Esguerra,Female,44,Pasigueño,SCSR,4. Strong Agree,4. Strong Agree,4. Strong Agree,4. Strong Agree,
ALEX,9/7/2026 17:32:40,090326-C-037,Abella,Ivan,Ledesma,Female,44,Pasigueño,SCSR,4. Strong Agree,4. Strong Agree,4. Strong Agree,4. Strong Agree,
ALEX,9/7/2026 17:34:52,090726-C-029,Bautista,Cedric,Soliman,Female,33,Pasigueño,SCSR,4. Strong Agree,4. Strong Agree,4. Strong Agree,4. Strong Agree,
ALEX,9/7/2026 17:35:46,090726-C-032,Lim,Adrian,Mallari,Male,74,Pasigueño,SCSR,4. Strong Agree,4. Strong Agree,4. Strong Agree,4. Strong Agree,
ALEX,9/8/2026 9:15:28,090426-C-005,Alcantara,Aira,Dalisay,Male,29,Pasigueño,SCSR,4. Strong Agree,4. Strong Agree,4. Strong Agree,4. Strong Agree,
ALEX,9/8/2026 9:24:55,090726-C-006,Borja,Gabriel,Ledesma,Female,23,Pasigueño,SCSR,4. Strong Agree,4. Strong Agree,4. Strong Agree,4. Strong Agree,Mabilis na serbisyo kagaya ni ms cecil and mam rhea
ALEX,9/8/2026 9:29:13,090726-C-038,Aquino,Rafael,Basco,Female,21,Pasigueño,SCSR,4. Strong Agree,4. Strong Agree,4. Strong Agree,4. Strong Agree,THANKYOU! CECIL APPRECIATE YOUR ASSISTANCE
RHEA,9/8/2026 9:44:52,090826-C-001,Abella,Rochelle,Ledesma,Male,59,Pasigueño,SCSR,4. Strong Agree,4. Strong Agree,4. Strong Agree,4. Strong Agree,ok naman po
RHEA,9/8/2026 10:05:36,090826-C-002,Borja,Janine,Nepomuceno,Male,54,Pasigueño,SCSR,4. Strong Agree,4. Strong Agree,4. Strong Agree,4. Strong Agree,Go go go pasig city
RHEA,9/8/2026 10:08:30,090726-C-003,Rivera,Lea,Galang,Female,39,Pasigueño,SCSR,4. Strong Agree,4. Strong Agree,4. Strong Agree,4. Strong Agree,mababait ang mga tagapangasiwa at  mabilis ang seribsyo
RHEA,9/8/2026 10:11:24,090826-C-004,Yap,Daniel,Lazaro,Female,38,Pasigueño,SCSR,4. Strong Agree,4. Strong Agree,4. Strong Agree,4. Strong Agree,
RHEA,9/8/2026 10:14:53,090726-C-041,Valencia,Janine,Lorenzo,Male,54,Pasigueño,SCSR,4. Strong Agree,4. Strong Agree,4. Strong Agree,4. Strong Agree,
RHEA,9/8/2026 10:22:32,090826-C-003,Ortega,Jasmine,Aragon,Male,66,Pasigueño,SCSR,3. Agree,3. Agree,3. Agree,3. Agree,maayos na serbisyo
RHEA,9/8/2026 10:28:54,090726-C-046,Abella,Angela,Soliman,Male,13,Pasigueño,SCSR,4. Strong Agree,4. Strong Agree,4. Strong Agree,4. Strong Agree,ako po ay subrang nagpapasalamat s subrang bilis ng serbisyo.tnx 
RHEA,9/8/2026 10:36:51,090826-C-005,Reyes,Camille,Benitez,Female,20,Pasigueño,SCSR,3. Agree,3. Agree,3. Agree,3. Agree,
RHEA,9/8/2026 10:41:44,090226-C-011,Del Rosario,Bryan,Zaragoza,Female,27,Pasigueño,SCSR,4. Strong Agree,4. Strong Agree,4. Strong Agree,4. Strong Agree,magdagdag pa ng ilang tao para mapabilis ang pag interview at pag proseso thank you po 
ALEX,9/8/2026 11:46:31,090826-C-007,Abella,Kathleen,Bayani,Female,13,Pasigueño,SCSR,4. Strong Agree,4. Strong Agree,4. Strong Agree,4. Strong Agree,
ALEX,9/8/2026 11:51:07,090826-C-010,Ocampo,Mark,Cayanan,Female,58,Pasigueño,SCSR,4. Strong Agree,4. Strong Agree,4. Strong Agree,4. Strong Agree,
ALEX,9/8/2026 11:52:10,090826-C-008,Ilagan,Lara,Neri,Female,56,Pasigueño,SCSR,4. Strong Agree,4. Strong Agree,4. Strong Agree,4. Strong Agree,
ALEX,9/8/2026 11:53:00,090126-C-006,Luna,Lance,Lorenzo,Male,39,Pasigueño,SCSR,4. Strong Agree,4. Strong Agree,4. Strong Agree,4. Strong Agree,
ALEX,9/8/2026 11:54:07,090826-C-006,Perez,Ian,Delos Reyes,Female,61,Pasigueño,SCSR,4. Strong Agree,4. Strong Agree,4. Strong Agree,4. Strong Agree,
ALEX,9/8/2026 13:19:08,090826-C-009,Fernandez,Ryan,Tabora,Female,68,Pasigueño,SCSR,4. Strong Agree,4. Strong Agree,4. Strong Agree,4. Strong Agree,
ALEX,9/8/2026 13:20:22,090726-C-049,Rivera,Paolo,Vergara,Male,77,Pasigueño,SCSR,4. Strong Agree,4. Strong Agree,4. Strong Agree,4. Strong Agree,
ALEX,9/8/2026 13:21:17,090726-C-043,Lopez,Rafael,Dimaculangan,Female,91,Pasigueño,SCSR,4. Strong Agree,4. Strong Agree,4. Strong Agree,4. Strong Agree,
ALEX,9/8/2026 13:22:04,090726-C-044,Luna,Leonard,Mallari,Male,60,Pasigueño,SCSR,4. Strong Agree,4. Strong Agree,4. Strong Agree,4. Strong Agree,
ALEX,9/8/2026 13:23:13,090726-C-023,Escobar,Shaina,Pangilinan,Male,41,Pasigueño,SCSR,3. Agree,3. Agree,3. Agree,3. Agree,
ALEX,9/8/2026 13:25:03,090726-C-042,Espino,Regine,Jacinto,Female,46,Pasigueño,SCSR,4. Strong Agree,4. Strong Agree,4. Strong Agree,4. Strong Agree,
ALEX,9/8/2026 13:28:45,090726-C-005,Cabrera,Jerome,Villar,Male,48,Pasigueño,SCSR,4. Strong Agree,4. Strong Agree,4. Strong Agree,4. Strong Agree,
ALEX,9/8/2026 13:30:05,090726-C-004,Tan,Camille,Sarmiento,Male,20,Pasigueño,SCSR,4. Strong Agree,4. Strong Agree,4. Strong Agree,4. Strong Agree,
ALEX,9/8/2026 13:36:29,090726-C-045,Castro,Kathleen,Tadeo,Male,66,Pasigueño,SCSR,4. Strong Agree,4. Strong Agree,4. Strong Agree,4. Strong Agree,
ALEX,9/8/2026 13:47:24,090726-C-028,Camacho,Trisha,Ferrer,Male,45,Pasigueño,SCSR,3. Agree,3. Agree,3. Agree,3. Agree,
ALEX,9/8/2026 14:00:55,090826-C-015,De Guzman,Nicole,Dimaculangan,Female,27,Pasigueño,SCSR,4. Strong Agree,4. Strong Agree,4. Strong Agree,4. Strong Agree,
ALEX,9/8/2026 14:02:45,090826-C-014,De Guzman,Aira,Magbanua,Female,72,Pasigueño,SCSR,4. Strong Agree,4. Strong Agree,4. Strong Agree,4. Strong Agree,
ALEX,9/8/2026 14:03:41,090826-C-013,Valencia,Miguel,Valerio,Male,69,Pasigueño,SCSR,4. Strong Agree,4. Strong Agree,4. Strong Agree,4. Strong Agree,
ALEX,9/8/2026 14:05:33,090826-C-012,Luna,Rafael,Montemayor,Female,48,Pasigueño,SCSR,4. Strong Agree,3. Agree,3. Agree,3. Agree,
ALEX,9/8/2026 14:35:21,090826-C-011,Espino,Rica,Lorenzo,Female,38,Pasigueño,SCSR,4. Strong Agree,4. Strong Agree,4. Strong Agree,4. Strong Agree,
ALEX,9/8/2026 14:36:36,090826-C-017,Vargas,Angela,Padilla,Male,74,Pasigueño,SCSR,4. Strong Agree,4. Strong Agree,4. Strong Agree,4. Strong Agree,
ALEX,9/8/2026 14:37:27,090826-C-018,Salazar,Kimberly,Basco,Female,32,Pasigueño,SCSR,4. Strong Agree,4. Strong Agree,4. Strong Agree,4. Strong Agree,
ALEX,9/8/2026 14:38:22,090226-C-025,Gutierrez,Elaine,Padilla,Male,58,Pasigueño,SCSR,4. Strong Agree,4. Strong Agree,4. Strong Agree,4. Strong Agree,
ALEX,9/8/2026 14:39:27,090726-C-050,Borja,Dominic,Tiongson,Female,68,Pasigueño,SCSR,4. Strong Agree,4. Strong Agree,4. Strong Agree,4. Strong Agree,
ALEX,9/8/2026 14:40:34,090726-C-047,Flores,Marvin,Tabora,Female,59,Pasigueño,SCSR,4. Strong Agree,4. Strong Agree,4. Strong Agree,4. Strong Agree,
ALEX,9/8/2026 14:59:15,090826-C-020,Alfonso,Emmanuel,Granada,Female,39,Pasigueño,SCSR,4. Strong Agree,4. Strong Agree,4. Strong Agree,4. Strong Agree,
ALEX,9/8/2026 15:01:11,090826-C-019,Enriquez,Rica,Tadeo,Male,28,Pasigueño,SCSR,3. Agree,3. Agree,3. Agree,4. Strong Agree,
ALEX,9/8/2026 15:02:37,090826-C-021,Villanueva,Camille,Abesamis,Female,33,Pasigueño,SCSR,3. Agree,4. Strong Agree,4. Strong Agree,4. Strong Agree,SATISFIED
ALEX,9/8/2026 15:04:17,090826-C-016,Bonifacio,Angelo,Lansangan,Male,47,Pasigueño,SCSR,4. Strong Agree,4. Strong Agree,4. Strong Agree,4. Strong Agree,
ALEX,9/8/2026 15:06:35,090826-C-023,Salazar,Nina,Tadeo,Male,61,Pasigueño,SCSR,4. Strong Agree,4. Strong Agree,4. Strong Agree,4. Strong Agree,
ALEX,9/8/2026 15:32:52,090826-C-024,Tan,Christian,Eusebio,Female,15 DAYS OLD,Pasigueño,SCSR,3. Agree,3. Agree,3. Agree,3. Agree,SALAMAT PO
ALEX,9/8/2026 15:49:05,090826-C-025,Javier,Sean,Tiongson,Male,56,Pasigueño,SCSR,4. Strong Agree,4. Strong Agree,4. Strong Agree,4. Strong Agree,
ALEX,9/8/2026 16:03:12,090826-C-029,Alvarado,Denise,Mallari,Female,80,Pasigueño,SCSR,4. Strong Agree,4. Strong Agree,4. Strong Agree,4. Strong Agree,ang bait
ALEX,9/8/2026 16:16:48,090826-C-028,Soriano,Justin,Villar,Female,69,Pasigueño,SCSR,4. Strong Agree,4. Strong Agree,4. Strong Agree,4. Strong Agree,MABILIS 
ALEX,9/8/2026 16:18:12,090826-C-027,Velasco,Lara,Teodoro,Female,36,Pasigueño,SCSR,3. Agree,4. Strong Agree,4. Strong Agree,4. Strong Agree,MAAYOS ANG PROSESO
ALEX,9/8/2026 16:21:33,090826-C-026,Andrada,Stephanie,Roldan,Male,59,Pasigueño,SCSR,1. Strong Disagree,4. Strong Agree,4. Strong Agree,4. Strong Agree,
ALEX,9/8/2026 16:22:30,090826-C-030,Castro,Francis,Tiongson,Male,81,Pasigueño,SCSR,4. Strong Agree,4. Strong Agree,4. Strong Agree,4. Strong Agree,
ALEX,9/8/2026 16:31:41,090826-C-031,Concepcion,Daniel,Dizon,Male,54,Pasigueño,SCSR,4. Strong Agree,4. Strong Agree,4. Strong Agree,4. Strong Agree,VERY GOOD
ALEX,9/8/2026 16:48:13,090826-C-032,Ortega,Grace,Zaragoza,Male,3,Pasigueño,SCSR,3. Agree,4. Strong Agree,4. Strong Agree,4. Strong Agree,
ALEX,9/8/2026 16:49:12,090826-C-022,Del Rosario,Nicole,San Juan,Male,5,Pasigueño,SCSR,4. Strong Agree,4. Strong Agree,4. Strong Agree,4. Strong Agree,
ALEX,9/8/2026 16:58:42,090826-C-033,Vargas,Rina,Cayanan,Male,78,Pasigueño,SCSR,4. Strong Agree,4. Strong Agree,4. Strong Agree,4. Strong Agree,THANKYOU 
ALEX,9/8/2026 16:59:48,090826-C-035,Rivera,Sean,Basco,Female,69,Pasigueño,SCSR,4. Strong Agree,4. Strong Agree,4. Strong Agree,4. Strong Agree,
KENNETH,9/9/2026 9:24:18,090926-C-001,Nicolas,Dominic,Cuenca,Female,32,Pasigueño,SCSR,4. Strong Agree,4. Strong Agree,4. Strong Agree,4. Strong Agree,thankyou po
KENNETH,9/9/2026 9:26:20,090926-C-002,Rivera,Ella,Trinidad,Female,2 y/o,Pasigueño,SCSR,4. Strong Agree,4. Strong Agree,4. Strong Agree,4. Strong Agree,MABAIT THANKYOU!
KENNETH,9/9/2026 9:39:08,090926-C-004,Magsino,Kyle,San Juan,Female,29,Pasigueño,SCSR,4. Strong Agree,4. Strong Agree,4. Strong Agree,4. Strong Agree,
KENNETH,9/9/2026 10:16:30,090926-C-006,De Leon,Jerome,Ventura,Male,24,Pasigueño,SCSR,4. Strong Agree,4. Strong Agree,4. Strong Agree,4. Strong Agree,
KENNETH,9/9/2026 10:17:47,090926-C-008,Tan,Dominic,Magbanua,Female,23,Pasigueño,SCSR,4. Strong Agree,4. Strong Agree,4. Strong Agree,4. Strong Agree,
KENNETH,9/9/2026 10:43:51,090926-C-009,Ramos,Anna,Estrella,Male,60,Pasigueño,SCSR,4. Strong Agree,4. Strong Agree,4. Strong Agree,4. Strong Agree,
KENNETH,9/9/2026 10:45:42,090926-C-005,Reyes,Lawrence,Balagtas,Female,42,Pasigueño,SCSR,4. Strong Agree,4. Strong Agree,4. Strong Agree,4. Strong Agree,OK NAMAN!
KENNETH,9/9/2026 10:47:08,090926-C-007,Garcia,Kathleen,Mallari,Female,40,Pasigueño,SCSR,4. Strong Agree,4. Strong Agree,4. Strong Agree,4. Strong Agree,
KENNETH,9/9/2026 10:59:39,090926-C-010,Reyes,Vincent,Recto,Male,65,Pasigueño,SCSR,4. Strong Agree,4. Strong Agree,4. Strong Agree,4. Strong Agree,
KENNETH,9/9/2026 11:01:43,090926-C-011,Bonifacio,Jerome,Ventura,Male,64,Pasigueño,SCSR,4. Strong Agree,4. Strong Agree,4. Strong Agree,4. Strong Agree,
KENNETH,9/9/2026 11:02:25,090926-C-012,Garcia,Sophia,Benitez,Female,31,Pasigueño,SCSR,4. Strong Agree,4. Strong Agree,4. Strong Agree,4. Strong Agree,
KENNETH,9/9/2026 11:33:26,090926-C-013,Salazar,Cedric,Panganiban,Male,69,Pasigueño,SCSR,4. Strong Agree,4. Strong Agree,4. Strong Agree,4. Strong Agree,
KENNETH,9/9/2026 11:33:59,090926-C-014,Vargas,Darren,Natividad,Female,67,Pasigueño,SCSR,4. Strong Agree,4. Strong Agree,4. Strong Agree,4. Strong Agree,
KENNETH,9/9/2026 12:14:33,090926-C-015,Robles,Justin,Dizon,Male,39,Pasigueño,SCSR,4. Strong Agree,4. Strong Agree,4. Strong Agree,4. Strong Agree,SALAMAT PO
KENNETH,9/9/2026 13:29:53,090926-C-018,Ocampo,Nicole,Teodoro,Female,60,Pasigueño,SCSR,4. Strong Agree,4. Strong Agree,4. Strong Agree,4. Strong Agree,
KENNETH,9/9/2026 13:30:40,090926-C-016,Tan,Patricia,Jalandoni,Female,60,Pasigueño,SCSR,4. Strong Agree,4. Strong Agree,4. Strong Agree,4. Strong Agree,
KENNETH,9/9/2026 13:31:19,090926-C-017,Abella,Angela,Roldan,Female,33,Pasigueño,SCSR,4. Strong Agree,4. Strong Agree,4. Strong Agree,4. Strong Agree,
KENNETH,9/9/2026 13:31:58,090226-C-022,Bernardo,Rica,Basco,Male,75,Pasigueño,SCSR,4. Strong Agree,4. Strong Agree,4. Strong Agree,4. Strong Agree,
KENNETH,9/9/2026 13:40:13,090926-C-021,Garcia,Phoebe,Dimaculangan,Male,78,Pasigueño,SCSR,4. Strong Agree,4. Strong Agree,4. Strong Agree,4. Strong Agree,
KENNETH,9/9/2026 14:25:27,090926-C-027,Valdez,Francis,Lansangan,Female,70,Pasigueño,SCSR,4. Strong Agree,4. Strong Agree,4. Strong Agree,4. Strong Agree,
KENNETH,9/9/2026 14:26:02,090926-C-024,Luna,Bryan,Ferrer,Male,64,Pasigueño,SCSR,4. Strong Agree,3. Agree,4. Strong Agree,4. Strong Agree,
KENNETH,9/9/2026 14:26:34,090926-C-020,Fabian,Sean,Macalino,Female,33,Pasigueño,SCSR,4. Strong Agree,4. Strong Agree,4. Strong Agree,4. Strong Agree,
KENNETH,9/9/2026 14:27:13,090926-C-022,Calderon,Adrian,Montemayor,Female,71,Pasigueño,SCSR,4. Strong Agree,4. Strong Agree,4. Strong Agree,4. Strong Agree,
KENNETH,9/9/2026 15:16:06,090926-C-019,Castro,Carmela,Pangilinan,Female,54,Pasigueño,SCSR,4. Strong Agree,4. Strong Agree,4. Strong Agree,4. Strong Agree,SALAMAT PO ANG BABAIT PO NG MGA TAO
KENNETH,9/9/2026 15:33:17,090926-C-025,Ocampo,Miguel,Delos Reyes,Female,47,Pasigueño,SCSR,4. Strong Agree,4. Strong Agree,4. Strong Agree,4. Strong Agree,SALAMAT
KENNETH,9/9/2026 15:34:00,090926-C-029,Santos,Pauline,Briones,Female,58,Pasigueño,SCSR,4. Strong Agree,4. Strong Agree,4. Strong Agree,4. Strong Agree,
KENNETH,9/9/2026 15:34:56,C - 036,Enriquez,Phoebe,Recto,Male,19,Pasigueño,SCSR,4. Strong Agree,4. Strong Agree,4. Strong Agree,4. Strong Agree,
KENNETH,9/9/2026 15:35:48,090926-C-028,Santos,Rica,Cayanan,Female,76,Pasigueño,SCSR,4. Strong Agree,4. Strong Agree,4. Strong Agree,4. Strong Agree,
KENNETH,9/9/2026 15:36:30,090926-C-026,Vargas,Rica,Tabora,Female,63,Pasigueño,SCSR,4. Strong Agree,4. Strong Agree,4. Strong Agree,4. Strong Agree,
KENNETH,9/9/2026 15:37:14,090926-C-023,Ortega,Bea,Gamboa,Female,43,Pasigueño,SCSR,4. Strong Agree,4. Strong Agree,4. Strong Agree,4. Strong Agree,
KENNETH,9/9/2026 15:43:38,090926-C-031,De Guzman,Bea,Casilao,Male,65,Pasigueño,SCSR,4. Strong Agree,4. Strong Agree,4. Strong Agree,4. Strong Agree,
KENNETH,9/9/2026 15:56:11,090926-C-033,Flores,Dominic,Neri,Male,64,Pasigueño,SCSR,4. Strong Agree,4. Strong Agree,4. Strong Agree,4. Strong Agree,OK PO ANG SERBISYO
KENNETH,9/9/2026 16:41:02,090926-C-032,Manalo,Diana,Sebastian,Male,46,Pasigueño,SCSR,4. Strong Agree,4. Strong Agree,4. Strong Agree,4. Strong Agree, 
KENNETH,9/9/2026 16:42:44,090926-C-035,Catapang,Renzo,Cayanan,Female,3,Pasigueño,SCSR,4. Strong Agree,4. Strong Agree,4. Strong Agree,4. Strong Agree,OK
KENNETH,9/9/2026 16:43:15,090926-C-034,Valencia,Angelo,Briones,Female,54,Pasigueño,SCSR,4. Strong Agree,4. Strong Agree,4. Strong Agree,4. Strong Agree,
KENNETH,9/10/2026 9:54:38,091026-C-001,Jimenez,Andrea,Baluyot,Male,73,Pasigueño,SCSR,4. Strong Agree,4. Strong Agree,4. Strong Agree,4. Strong Agree,
KENNETH,9/10/2026 9:56:05,091026-C-003,Ocampo,Lorraine,Cabral,Female,57,Pasigueño,SCSR,4. Strong Agree,4. Strong Agree,4. Strong Agree,4. Strong Agree,EXCELENT
KENNETH,9/10/2026 9:56:42,090926-C-041,Ocampo,Renzo,Mallari,Male,51,Pasigueño,SCSR,4. Strong Agree,4. Strong Agree,4. Strong Agree,4. Strong Agree,
KENNETH,9/10/2026 10:17:18,091026-C-004,Castro,Anthony,Trinidad,Female,34,Pasigueño,SCSR,4. Strong Agree,4. Strong Agree,4. Strong Agree,4. Strong Agree,MAS MABILIS ANG PROSESO
KENNETH,9/10/2026 10:29:47,090826-C-034,Domingo,Mikaela,Serrano,Female,59,Pasigueño,SCSR,4. Strong Agree,4. Strong Agree,4. Strong Agree,4. Strong Agree,
KENNETH,9/10/2026 10:37:51,091026-C-005,Borja,Lawrence,Jalandoni,Male,32,Pasigueño,SCSR,4. Strong Agree,4. Strong Agree,4. Strong Agree,4. Strong Agree,
KENNETH,9/10/2026 11:22:33,091026-C-006,Valdez,Angela,Marasigan,Male,35,Pasigueño,SCSR,4. Strong Agree,4. Strong Agree,4. Strong Agree,4. Strong Agree,MABABAIT STAFF
KENNETH,9/10/2026 11:23:20,091026-C-007,Francisco,Kevin,Basco,Female,41,Pasigueño,SCSR,4. Strong Agree,4. Strong Agree,4. Strong Agree,4. Strong Agree,
KENNETH,9/10/2026 12:38:37,091026-C-011,De Guzman,Vincent,Umali,Male,72,Pasigueño,SCSR,4. Strong Agree,4. Strong Agree,4. Strong Agree,4. Strong Agree,
KENNETH,9/10/2026 12:41:11,091026-C-010,Garcia,Kevin,Madrigal,Female,57,Pasigueño,SCSR,4. Strong Agree,4. Strong Agree,4. Strong Agree,4. Strong Agree,
KENNETH,9/10/2026 13:12:25,090926-C-040,Catapang,Cedric,Yambao,Male,31,Pasigueño,SCSR,4. Strong Agree,4. Strong Agree,4. Strong Agree,4. Strong Agree,
KENNETH,9/10/2026 13:13:48,091026-C-017,Cruz,Ryan,Panganiban,Male,67,Pasigueño,SCSR,4. Strong Agree,4. Strong Agree,4. Strong Agree,4. Strong Agree,
KENNETH,9/10/2026 13:14:26,091026-C-015,Zamora,Kevin,Recto,Female,67,Pasigueño,SCSR,4. Strong Agree,4. Strong Agree,4. Strong Agree,4. Strong Agree,
KENNETH,9/10/2026 13:14:56,090926-C-003,Arellano,Julia,Dizon,Male,50,Pasigueño,SCSR,4. Strong Agree,4. Strong Agree,4. Strong Agree,4. Strong Agree,
KENNETH,9/10/2026 14:20:44,091026-C-013,Canlas,Rina,Benitez,Female,91,Pasigueño,SCSR,4. Strong Agree,4. Strong Agree,4. Strong Agree,4. Strong Agree,
KENNETH,9/10/2026 14:21:40,091026-C-014,Ortega,Trisha,Tadeo,Female,72,Pasigueño,SCSR,4. Strong Agree,4. Strong Agree,4. Strong Agree,4. Strong Agree,
KENNETH,9/10/2026 14:22:59,091026-C-016,Reyes,Kimberly,Esteban,Female,69,Pasigueño,SCSR,4. Strong Agree,4. Strong Agree,4. Strong Agree,4. Strong Agree,
KENNETH,9/10/2026 14:51:28,091026-C-025,Rivera,Anthony,Magbanua,Male,2,Pasigueño,SCSR,4. Strong Agree,4. Strong Agree,4. Strong Agree,4. Strong Agree,
KENNETH,9/10/2026 14:52:04,091026-C-019,Labrador,Mark,Soliman,Male,27,Pasigueño,SCSR,4. Strong Agree,4. Strong Agree,4. Strong Agree,4. Strong Agree, 
KENNETH,9/10/2026 15:33:57,090926-C-036,Corpuz,Mariel,Soliman,Male,28,Pasigueño,SCSR,4. Strong Agree,4. Strong Agree,4. Strong Agree,4. Strong Agree,
KENNETH,9/10/2026 16:32:27,091026-C-031,Castro,Ian,Abesamis,Female,54,Pasigueño,SCSR,4. Strong Agree,4. Strong Agree,4. Strong Agree,4. Strong Agree,
KENNETH,9/10/2026 16:32:58,091026-C-029,Bonifacio,Noel,Dizon,Female,79,Pasigueño,SCSR,4. Strong Agree,4. Strong Agree,4. Strong Agree,4. Strong Agree,
KENNETH,9/10/2026 16:33:30,091026-C-012,Ocampo,Lawrence,Almario,Female,68,Pasigueño,SCSR,4. Strong Agree,4. Strong Agree,4. Strong Agree,4. Strong Agree,
KENNETH,9/10/2026 16:34:08,091026-C-009,Castro,Darren,Manansala,Male,55,Pasigueño,SCSR,4. Strong Agree,4. Strong Agree,4. Strong Agree,4. Strong Agree,
KENNETH,9/10/2026 16:34:51,091026-C-026,Valdez,Zachary,Panganiban,Male,60,Pasigueño,SCSR,4. Strong Agree,3. Agree,4. Strong Agree,4. Strong Agree,
KENNETH,9/10/2026 16:35:36,091026-C-024,Bautista,Hazel,Imperial,Male,5,Pasigueño,SCSR,4. Strong Agree,4. Strong Agree,4. Strong Agree,4. Strong Agree,
KENNETH,9/10/2026 16:36:11,091026-C-028,Francisco,Benedict,Abesamis,Female,11,Pasigueño,SCSR,3. Agree,3. Agree,3. Agree,3. Agree,
KENNETH,9/10/2026 16:37:23,091026-C-020,De Leon,Hannah,Dalisay,Male,50,Pasigueño,SCSR,4. Strong Agree,4. Strong Agree,4. Strong Agree,4. Strong Agree,
KENNETH,9/10/2026 16:40:17,091026-C-021,Reyes,Emmanuel,Umali,Female,62,Pasigueño,SCSR,4. Strong Agree,4. Strong Agree,4. Strong Agree,4. Strong Agree,
KENNETH,9/11/2026 9:29:16,091026-C-036,Andrada,Nicole,Vergara,Female,17,Pasigueño,SCSR,4. Strong Agree,4. Strong Agree,4. Strong Agree,4. Strong Agree,
KENNETH,9/11/2026 9:30:07,091026-C-039,Reyes,Clarisse,Cayanan,Female,56,Pasigueño,SCSR,4. Strong Agree,4. Strong Agree,4. Strong Agree,4. Strong Agree,
KENNETH,9/11/2026 9:32:20,091026-C-034,Hernandez,Anna,Roldan,Female,29,Pasigueño,SCSR,4. Strong Agree,4. Strong Agree,4. Strong Agree,4. Strong Agree,
KENNETH,9/11/2026 9:36:15,091026-C-032,De Leon,Nina,Roldan,Male,71,Pasigueño,SCSR,4. Strong Agree,4. Strong Agree,4. Strong Agree,4. Strong Agree,
KENNETH,9/11/2026 9:36:45,091026-C-022,Magsino,Cedric,Mallari,Female,76,Pasigueño,SCSR,4. Strong Agree,4. Strong Agree,4. Strong Agree,4. Strong Agree,
KENNETH,9/11/2026 9:37:34,091026-C-037,Mendoza,Joanna,Vergara,Male,48,Pasigueño,SCSR,4. Strong Agree,4. Strong Agree,4. Strong Agree,4. Strong Agree,
KENNETH,9/11/2026 9:38:09,090726-C-021,Jimenez,Cedric,San Juan,Male,55,Pasigueño,SCSR,4. Strong Agree,4. Strong Agree,4. Strong Agree,4. Strong Agree,
KENNETH,9/11/2026 11:02:47,091126-C-005,Lopez,Janelle,Sandejas,Male,74,Pasigueño,SCSR,4. Strong Agree,4. Strong Agree,4. Strong Agree,4. Strong Agree,
KENNETH,9/11/2026 11:03:23,091126-C-004,Ortega,Mark,Acevedo,Male,39,Pasigueño,SCSR,4. Strong Agree,4. Strong Agree,4. Strong Agree,4. Strong Agree,
KENNETH,9/11/2026 11:03:57,091126-C-001,Evangelista,Alvin,Abesamis,Male,51,Pasigueño,SCSR,4. Strong Agree,4. Strong Agree,4. Strong Agree,4. Strong Agree, 
KENNETH,9/11/2026 11:05:01,091026-C-044,Corpuz,Mark,Ledesma,Female,57,Pasigueño,SCSR,4. Strong Agree,4. Strong Agree,4. Strong Agree,3. Agree, 
KENNETH,9/11/2026 11:05:57,091026-C-045,Evangelista,Gabriel,Acevedo,Male,42,Pasigueño,SCSR,4. Strong Agree,4. Strong Agree,4. Strong Agree,4. Strong Agree,
KENNETH,9/11/2026 11:06:51,091026-C-035,Lacson,Hannah,Ilustre,Female,73,Pasigueño,SCSR,4. Strong Agree,4. Strong Agree,4. Strong Agree,4. Strong Agree,
KENNETH,9/11/2026 11:07:31,091026-C-042,Soriano,Mark,Tabora,Male,62,Pasigueño,SCSR,4. Strong Agree,4. Strong Agree,4. Strong Agree,4. Strong Agree,
KENNETH,9/11/2026 11:16:13,091126-C-006,Gutierrez,Denise,San Juan,Female,65,Pasigueño,SCSR,4. Strong Agree,4. Strong Agree,4. Strong Agree,4. Strong Agree,
KENNETH,9/11/2026 11:20:02,091126-C-009,Garcia,Bianca,Sandejas,Female,46,Pasigueño,SCSR,4. Strong Agree,4. Strong Agree,4. Strong Agree,4. Strong Agree,
KENNETH,9/11/2026 11:24:48,091126-C-008,Domingo,Stephanie,Lorenzo,Male,23,Pasigueño,SCSR,4. Strong Agree,4. Strong Agree,4. Strong Agree,4. Strong Agree,
KENNETH,9/11/2026 11:25:32,091026-C-018,Concepcion,Daniel,Delos Reyes,Female,58,Pasigueño,SCSR,4. Strong Agree,4. Strong Agree,4. Strong Agree,4. Strong Agree,
KENNETH,9/11/2026 13:05:03,091126-C-010,Yap,Patricia,Ferrer,Male,63,Pasigueño,SCSR,4. Strong Agree,4. Strong Agree,4. Strong Agree,4. Strong Agree,
KENNETH,9/11/2026 13:05:40,091026-C-033,Dumlao,Vincent,Hidalgo,Female,62,Pasigueño,SCSR,4. Strong Agree,4. Strong Agree,4. Strong Agree,4. Strong Agree,
KENNETH,9/11/2026 13:06:21,090926-C-037,Tolentino,Nina,Ferrer,Male,69,Pasigueño,SCSR,4. Strong Agree,4. Strong Agree,4. Strong Agree,4. Strong Agree,
KENNETH,9/11/2026 13:07:07,091026-C-027,Zamora,Lara,Mallari,Male,53,Pasigueño,SCSR,4. Strong Agree,4. Strong Agree,4. Strong Agree,4. Strong Agree,
KENNETH,9/11/2026 14:01:00,091126-C-016,Jimenez,Jasmine,Tiongson,Male,34,Pasigueño,SCSR,4. Strong Agree,4. Strong Agree,4. Strong Agree,4. Strong Agree,
KENNETH,9/11/2026 14:01:40,091126-C-013,Valencia,Julia,Quintos,Male,25,Pasigueño,SCSR,4. Strong Agree,4. Strong Agree,4. Strong Agree,4. Strong Agree,
KENNETH,9/11/2026 14:02:17,091126-C-012,Aquino,Ivan,Montemayor,Male,53,Pasigueño,SCSR,3. Agree,4. Strong Agree,4. Strong Agree,4. Strong Agree,
KENNETH,9/11/2026 14:02:51,091126-C-003,Reyes,Rafael,Roldan,Female,50,Pasigueño,SCSR,4. Strong Agree,4. Strong Agree,4. Strong Agree,4. Strong Agree,
KENNETH,9/11/2026 14:03:38,090926-C-030,Macapagal,Bianca,Quijano,Male,50,Pasigueño,SCSR,4. Strong Agree,4. Strong Agree,4. Strong Agree,4. Strong Agree,
KENNETH,9/11/2026 14:04:13,091026-C-038,Lacson,Camille,Cayanan,Female,41,Pasigueño,SCSR,4. Strong Agree,4. Strong Agree,4. Strong Agree,4. Strong Agree,
KENNETH,9/11/2026 14:28:33,091126-C-015,Javier,Aileen,Tadeo,Female,77,Pasigueño,SCSR,4. Strong Agree,4. Strong Agree,4. Strong Agree,4. Strong Agree,
KENNETH,9/11/2026 14:31:06,091126-C-014,Ocampo,Kristine,Roxas,Male,42,Pasigueño,SCSR,4. Strong Agree,4. Strong Agree,4. Strong Agree,4. Strong Agree,
KENNETH,9/11/2026 14:31:45,091026-C-043,Guerrero,Nathan,Tabora,Male,72,Pasigueño,SCSR,4. Strong Agree,4. Strong Agree,4. Strong Agree,4. Strong Agree, 
KENNETH,9/11/2026 14:44:48,091026-C-030,Magsino,Angelo,Hilario,Male,48,Pasigueño,SCSR,4. Strong Agree,4. Strong Agree,4. Strong Agree,4. Strong Agree,
KENNETH,9/11/2026 14:55:45,091126-C-011,Perez,Kimberly,Delos Reyes,Female,43,Pasigueño,SCSR,4. Strong Agree,4. Strong Agree,4. Strong Agree,4. Strong Agree,
KENNETH,9/11/2026 14:56:22,091126-C-018,Arriola,Ian,Almario,Female,54,Pasigueño,SCSR,4. Strong Agree,4. Strong Agree,4. Strong Agree,4. Strong Agree,
KENNETH,9/11/2026 14:57:08,091126-C-017,Luna,Andrea,Arceo,Female,69,Pasigueño,SCSR,4. Strong Agree,4. Strong Agree,4. Strong Agree,4. Strong Agree,
KENNETH,9/11/2026 16:27:40,091126-C-020,Beltran,Adrian,Madrigal,Male,74,Pasigueño,SCSR,4. Strong Agree,4. Strong Agree,4. Strong Agree,4. Strong Agree,
KENNETH,9/11/2026 16:36:15,091126-C-021,De Leon,Joshua,Baluyot,Male,42,Pasigueño,SCSR,4. Strong Agree,4. Strong Agree,4. Strong Agree,4. Strong Agree,
KENNETH,9/11/2026 17:00:15,091026-C-008,Labrador,Rica,Guevarra,Male,65,Pasigueño,SCSR,4. Strong Agree,4. Strong Agree,4. Strong Agree,4. Strong Agree,
KENNETH,9/11/2026 17:00:46,091126-C-022,Espino,Kathleen,Ledesma,Female,52,Pasigueño,SCSR,4. Strong Agree,4. Strong Agree,4. Strong Agree,4. Strong Agree,
KENNETH,9/14/2026 9:01:45,091426-C-001,Manalo,Patricia,Alonzo,Male,41,Pasigueño,SCSR,4. Strong Agree,4. Strong Agree,4. Strong Agree,4. Strong Agree,
KENNETH,9/14/2026 9:07:23,091026-C-023,Magsino,Aira,Baluyot,Male,64,Pasigueño,SCSR,4. Strong Agree,4. Strong Agree,4. Strong Agree,4. Strong Agree,
KENNETH,9/14/2026 9:23:25,091426-C-002,Borja,Bea,Isidro,Female,43,Pasigueño,SCSR,4. Strong Agree,4. Strong Agree,4. Strong Agree,4. Strong Agree,
KENNETH,9/14/2026 9:41:31,091426-C-003,Malabanan,Bianca,Lansangan,Female,71,Pasigueño,SCSR,4. Strong Agree,4. Strong Agree,4. Strong Agree,4. Strong Agree,
KENNETH,9/14/2026 10:03:55,091426-C-004,Espino,Anna,Casilao,Male,58,Pasigueño,SCSR,4. Strong Agree,4. Strong Agree,4. Strong Agree,4. Strong Agree,
KENNETH,9/14/2026 10:39:55,091426-C-007,Beltran,Kimberly,Abesamis,Female,23,Pasigueño,SCSR,4. Strong Agree,4. Strong Agree,4. Strong Agree,4. Strong Agree,
KENNETH,9/14/2026 10:40:30,091426-C-006,De Leon,Angela,Sebastian,Female,76,Pasigueño,SCSR,4. Strong Agree,4. Strong Agree,4. Strong Agree,4. Strong Agree, 
KENNETH,9/14/2026 10:41:21,091126-C-019,Dumlao,Vincent,Vergara,Male,66,Pasigueño,SCSR,4. Strong Agree,4. Strong Agree,4. Strong Agree,4. Strong Agree, 
KENNETH,9/14/2026 10:42:03,091426-C-005,Ilagan,Lawrence,Galang,Male,29,Pasigueño,SCSR,4. Strong Agree,4. Strong Agree,4. Strong Agree,4. Strong Agree,
KENNETH,9/14/2026 11:12:40,091426-C-009,Fernandez,Camille,Vergara,Female,36,Pasigueño,SCSR,4. Strong Agree,4. Strong Agree,4. Strong Agree,4. Strong Agree,
KENNETH,9/14/2026 11:13:55,091426-C-008,Pascual,Benedict,Madrigal,Male,48,Pasigueño,SCSR,4. Strong Agree,4. Strong Agree,4. Strong Agree,4. Strong Agree,
KENNETH,9/14/2026 11:14:46,091026-C-046,Concepcion,Julia,Ferrer,Female,50,Pasigueño,SCSR,4. Strong Agree,4. Strong Agree,4. Strong Agree,4. Strong Agree,
KENNETH,9/14/2026 13:36:41,091426-C-016,Perez,Camille,Trinidad,Male,51,Pasigueño,SCSR,4. Strong Agree,4. Strong Agree,4. Strong Agree,4. Strong Agree,
KENNETH,9/14/2026 13:37:18,091026-C-040,Calderon,Grace,Dalisay,Female,74,Pasigueño,SCSR,4. Strong Agree,4. Strong Agree,4. Strong Agree,4. Strong Agree,
KENNETH,9/14/2026 13:38:02,091426-C-015,Rivera,Lawrence,Isidro,Male,3,Pasigueño,SCSR,4. Strong Agree,4. Strong Agree,4. Strong Agree,4. Strong Agree,
KENNETH,9/14/2026 13:38:45,091426-C-013,Canlas,Janine,Soliman,Male,34,Pasigueño,SCSR,4. Strong Agree,4. Strong Agree,4. Strong Agree,4. Strong Agree,
KENNETH,9/14/2026 15:04:19,091426-C-012,Gutierrez,Grace,Pangilinan,Female,27,Pasigueño,SCSR,4. Strong Agree,4. Strong Agree,4. Strong Agree,4. Strong Agree,
KENNETH,9/14/2026 15:05:03,091426-C-030,Arellano,Danica,Magbanua,Female,42,Pasigueño,SCSR,4. Strong Agree,4. Strong Agree,4. Strong Agree,4. Strong Agree, 
KENNETH,9/14/2026 15:05:45,091426-C-029,Hernandez,Sean,Villar,Male,58,Pasigueño,SCSR,4. Strong Agree,4. Strong Agree,4. Strong Agree,4. Strong Agree,
KENNETH,9/14/2026 15:06:32,091426-C-024,Legaspi,Grace,Tadeo,Female,71,Pasigueño,SCSR,4. Strong Agree,4. Strong Agree,4. Strong Agree,4. Strong Agree,
KENNETH,9/14/2026 15:07:16,091426-C-026,Reyes,Regine,Estrella,Male,84,Pasigueño,SCSR,4. Strong Agree,4. Strong Agree,4. Strong Agree,4. Strong Agree,
KENNETH,9/14/2026 15:08:20,091426-C-027,Enriquez,Marvin,Delos Reyes,Male,31,Pasigueño,SCSR,4. Strong Agree,4. Strong Agree,4. Strong Agree,4. Strong Agree,
KENNETH,9/14/2026 15:09:17,091426-C-021,Del Rosario,Janelle,Galang,Female,72,Pasigueño,SCSR,4. Strong Agree,4. Strong Agree,4. Strong Agree,4. Strong Agree,
KENNETH,9/14/2026 15:10:14,091426-C-025,Navarro,Janelle,Balagtas,Female,66,Pasigueño,SCSR,4. Strong Agree,4. Strong Agree,4. Strong Agree,4. Strong Agree,MAAYOS NAMAN PO ANG MGA NAMAMAHALA
KENNETH,9/14/2026 15:11:11,091426-C-018,Torres,Carlo,Alonzo,Female,80,Pasigueño,SCSR,4. Strong Agree,4. Strong Agree,4. Strong Agree,4. Strong Agree,
KENNETH,9/14/2026 15:12:15,091426-C-023,Bautista,Camille,Estrella,Female,53,Pasigueño,SCSR,4. Strong Agree,4. Strong Agree,4. Strong Agree,4. Strong Agree,
KENNETH,9/14/2026 15:13:05,091426-C-022,Luna,Vincent,Dalisay,Male,51,Pasigueño,SCSR,4. Strong Agree,4. Strong Agree,3. Agree,4. Strong Agree,
KENNETH,9/14/2026 15:13:52,091426-C-019,Escobar,Ivan,Basco,Male,72,Pasigueño,SCSR,4. Strong Agree,4. Strong Agree,4. Strong Agree,4. Strong Agree,
KENNETH,9/14/2026 16:30:49,091426-C-032,Dumlao,Aira,Mallari,Female,46,Pasigueño,SCSR,4. Strong Agree,4. Strong Agree,4. Strong Agree,4. Strong Agree,
KENNETH,9/14/2026 16:31:39,091426-C-028,Ortega,Joanna,Macaraeg,Female,24,Pasigueño,SCSR,4. Strong Agree,4. Strong Agree,4. Strong Agree,4. Strong Agree,
KENNETH,9/14/2026 16:32:13,091426-C-035,Javier,Christian,Dizon,Female,39,Pasigueño,SCSR,4. Strong Agree,4. Strong Agree,4. Strong Agree,4. Strong Agree, 
KENNETH,9/14/2026 16:33:14,091426-C-033,Tan,Karen,Katigbak,Male,5,Pasigueño,SCSR,4. Strong Agree,4. Strong Agree,4. Strong Agree,4. Strong Agree,
KENNETH,9/14/2026 16:34:05,091426-C-031,De Guzman,Denise,Jacinto,Male,58,Pasigueño,SCSR,4. Strong Agree,4. Strong Agree,4. Strong Agree,4. Strong Agree,
KENNETH,9/14/2026 16:34:43,091426-C-034,Zamora,Jerome,Katigbak,Female,69,Pasigueño,SCSR,3. Agree,4. Strong Agree,4. Strong Agree,4. Strong Agree,
KENNETH,9/14/2026 16:35:23,091426-C-011,Cruz,Ryan,Sarmiento,Female,71,Pasigueño,SCSR,4. Strong Agree,4. Strong Agree,4. Strong Agree,4. Strong Agree,
KENNETH,9/14/2026 16:36:00,091426-C-010,Canlas,Nicole,Casilao,Female,72,Pasigueño,SCSR,3. Agree,4. Strong Agree,4. Strong Agree,4. Strong Agree,
KENNETH,9/14/2026 16:36:38,090926-C-041,Espino,Grace,Capili,Male,51,Pasigueño,SCSR,4. Strong Agree,4. Strong Agree,4. Strong Agree,4. Strong Agree,
KENNETH,9/14/2026 16:37:24,091426-C-017,Gutierrez,Francis,Barrientos,Male,65,Pasigueño,SCSR,4. Strong Agree,4. Strong Agree,4. Strong Agree,4. Strong Agree,
KENNETH,9/14/2026 16:38:35,091426-C-014,Ortega,Shaina,Tiongson,Female,37,Pasigueño,SCSR,4. Strong Agree,4. Strong Agree,4. Strong Agree,4. Strong Agree,
JOHN,9/14/2026 17:49:54,091426-C-038,Guerrero,Anna,Hilario,Male,61,Pasigueño,SCSR,4. Strong Agree,4. Strong Agree,4. Strong Agree,4. Strong Agree,ANG BAIT PO 
JOHN,9/14/2026 17:51:09,091426-C-037,Beltran,Denise,Cayanan,Male,77,Pasigueño,SCSR,4. Strong Agree,4. Strong Agree,4. Strong Agree,4. Strong Agree,
KENNETH,9/15/2026 9:55:40,091526-C-002,Alcantara,Rafael,Jalandoni,Female,64,Pasigueño,SCSR,4. Strong Agree,4. Strong Agree,4. Strong Agree,4. Strong Agree,
KENNETH,9/15/2026 9:57:13,091526-C-003,Miranda,Mariel,Briones,Male,68,Pasigueño,SCSR,4. Strong Agree,4. Strong Agree,4. Strong Agree,4. Strong Agree,MAAYOS NAMAN PO ANG KASALUKUYANG SERBISYO
KENNETH,9/15/2026 9:59:03,091526-C-001,Cabrera,Julia,Villar,Female,57,Pasigueño,SCSR,4. Strong Agree,4. Strong Agree,4. Strong Agree,4. Strong Agree,MADALING MGA KAUSAP ANG MGA STAFF
KENNETH,9/15/2026 11:29:52,091526-C-006,Abella,Warren,Guevarra,Female,56,Pasigueño,SCSR,4. Strong Agree,4. Strong Agree,4. Strong Agree,4. Strong Agree,
KENNETH,9/15/2026 11:30:36,091526-C-008,Mercado,Rica,Razon,Female,60,Pasigueño,SCSR,3. Agree,3. Agree,3. Agree,3. Agree,
KENNETH,9/15/2026 11:31:54,091426-C-043,Carandang,Julia,Sarmiento,Male,26,Pasigueño,SCSR,3. Agree,4. Strong Agree,4. Strong Agree,3. Agree,MAAYOS PO ANG SERBISYO AT PAKIKITUNGO SA CLIENT
KENNETH,9/15/2026 11:32:41,091426-C-044,Pascual,Camille,Quintos,Male,32,Pasigueño,SCSR,4. Strong Agree,4. Strong Agree,4. Strong Agree,4. Strong Agree,
KENNETH,9/15/2026 11:34:44,091526-C-004,Borja,Ysabel,Benitez,Male,26,Pasigueño,SCSR,4. Strong Agree,4. Strong Agree,4. Strong Agree,4. Strong Agree,MAAYOS ANG SERBISYO AT SANA PO MAGLAGAY NG XEROXAN PO DITO PARA PO HINDI SA LABAS PUMUNTA
KENNETH,9/15/2026 11:35:58,091526-C-005,Morales,Carlo,San Juan,Male,77,Pasigueño,SCSR,4. Strong Agree,4. Strong Agree,4. Strong Agree,4. Strong Agree,PATULOY LNG PO ANG SEBISYO NA MAY PAGALANG SA HUMIHINGI NG TULONG
KENNETH,9/15/2026 11:40:31,091526-C-009,Valdez,Janelle,Padilla,Male,1,Pasigueño,SCSR,4. Strong Agree,4. Strong Agree,4. Strong Agree,4. Strong Agree,THANKYOU
KENNETH,9/15/2026 11:43:14,091526-C-010,Carandang,Marvin,Benitez,Female,54,Pasigueño,SCSR,4. Strong Agree,4. Strong Agree,4. Strong Agree,4. Strong Agree,VERY GOOD SERVICE
KENNETH,9/15/2026 11:43:56,091526-C-007,Salazar,Cedric,Estrella,Female,50,Pasigueño,SCSR,4. Strong Agree,4. Strong Agree,4. Strong Agree,4. Strong Agree,
KENNETH,9/15/2026 11:44:35,091426-C-039,Malabanan,Oliver,Casilao,Male,48,Pasigueño,SCSR,4. Strong Agree,4. Strong Agree,4. Strong Agree,4. Strong Agree,
KENNETH,9/15/2026 11:45:19,091526-C-011,Guerrero,Carmela,Zaragoza,Male,43,Pasigueño,SCSR,4. Strong Agree,4. Strong Agree,4. Strong Agree,4. Strong Agree,
KENNETH,9/15/2026 16:02:18,091526-C-028,Castro,Denise,Benitez,Male,27,Pasigueño,SCSR,3. Agree,4. Strong Agree,4. Strong Agree,4. Strong Agree,
KENNETH,9/15/2026 16:03:16,091526-C-032,Mercado,Sean,Pangilinan,Male,42,Pasigueño,SCSR,4. Strong Agree,4. Strong Agree,4. Strong Agree,4. Strong Agree,
KENNETH,9/15/2026 16:04:24,091526-C-015,Bonifacio,Rochelle,Fajardo,Female,20,Pasigueño,SCSR,4. Strong Agree,4. Strong Agree,4. Strong Agree,4. Strong Agree,
KENNETH,9/15/2026 16:05:13,090726-C-049,Santos,Francis,Quintos,Male,77,Pasigueño,SCSR,4. Strong Agree,4. Strong Agree,4. Strong Agree,4. Strong Agree,
KENNETH,9/15/2026 16:06:32,091426-C-041,Soriano,Daniel,Serrano,Female,45,Pasigueño,SCSR,4. Strong Agree,4. Strong Agree,4. Strong Agree,4. Strong Agree,VERY EFFICIENT AND FAST SERVICE
KENNETH,9/15/2026 16:08:06,091526-C-031,Concepcion,Kimberly,Marasigan,Female,54,Pasigueño,SCSR,4. Strong Agree,4. Strong Agree,3. Agree,4. Strong Agree,"WALA PONG PROBLEMA SA OPISINA, MABILIS ANG TRABAHO, KAPAG KOMPLETO ANG MGA REQUIREMENTS"
KENNETH,9/15/2026 16:33:26,091426-C-040,Santos,Aaron,Umali,Female,33,Pasigueño,SCSR,4. Strong Agree,4. Strong Agree,4. Strong Agree,4. Strong Agree,
KENNETH,9/15/2026 16:34:01,091526-C-021,Andrada,Benedict,Ledesma,Male,62,Pasigueño,SCSR,4. Strong Agree,4. Strong Agree,4. Strong Agree,4. Strong Agree, 
KENNETH,9/15/2026 16:36:13,091526-C-036,Espino,Jerome,Barrientos,Male,76,Pasigueño,SCSR,2. DisAgree,4. Strong Agree,3. Agree,3. Agree,sobra mabagal interview
KENNETH,9/15/2026 16:37:48,091526-C-035,Villanueva,Isabel,Basco,Male,76,Pasigueño,SCSR,2. DisAgree,4. Strong Agree,4. Strong Agree,3. Agree,KONTING BILIS PO ANG KAILANGAN
KENNETH,9/15/2026 16:38:43,091526-C-033,Guerrero,Bianca,Nepomuceno,Male,49,Pasigueño,SCSR,4. Strong Agree,4. Strong Agree,4. Strong Agree,4. Strong Agree,
KENNETH,9/15/2026 16:39:50,091526-C-034,Tolentino,Gabriel,Marasigan,Female,16,Pasigueño,SCSR,2. DisAgree,4. Strong Agree,4. Strong Agree,3. Agree,MAS MAGING MABILIS SERBISYO
KENNETH,9/15/2026 16:40:38,091526-C-025,Velasco,Darren,Abesamis,Male,52,Pasigueño,SCSR,4. Strong Agree,4. Strong Agree,4. Strong Agree,4. Strong Agree,"MARAMING SALAMAT PO 
"
KENNETH,9/15/2026 16:42:55,091526-C-014,Miranda,Carlo,Abesamis,Female,32,Pasigueño,SCSR,4. Strong Agree,4. Strong Agree,4. Strong Agree,4. Strong Agree,MARAMING SALAMAT PO!
KENNETH,9/15/2026 16:44:51,091526-C-030,Miranda,Nathan,Soliman,Female,75,Pasigueño,SCSR,4. Strong Agree,4. Strong Agree,4. Strong Agree,4. Strong Agree, 
KENNETH,9/15/2026 16:45:36,091526-C-037,Borja,Trisha,Tadeo,Female,82,Pasigueño,SCSR,4. Strong Agree,4. Strong Agree,4. Strong Agree,4. Strong Agree,SALAMAT!
KENNETH,9/15/2026 16:46:20,091526-C-026,Legaspi,Kyle,Sison,Female,67,Pasigueño,SCSR,4. Strong Agree,4. Strong Agree,4. Strong Agree,4. Strong Agree,
KENNETH,9/15/2026 16:47:08,091526-C-024,Fernandez,Benedict,Lazaro,Female,51,Pasigueño,SCSR,4. Strong Agree,4. Strong Agree,4. Strong Agree,4. Strong Agree,
KENNETH,9/15/2026 16:48:28,091526-C-023,Labrador,Nina,Umali,Female,54,Pasigueño,SCSR,4. Strong Agree,4. Strong Agree,4. Strong Agree,4. Strong Agree,OK
KENNETH,9/15/2026 16:49:38,091526-C-022,Reyes,Kristine,Dalisay,Male,29,Pasigueño,SCSR,4. Strong Agree,4. Strong Agree,4. Strong Agree,4. Strong Agree,
KENNETH,9/15/2026 16:55:58,091526-C-020,Catapang,Joanna,Razon,Female,68,Pasigueño,SCSR,4. Strong Agree,4. Strong Agree,4. Strong Agree,4. Strong Agree,
KENNETH,9/15/2026 16:56:37,091526-C-019,Bernardo,Sean,Marasigan,Female,57,Pasigueño,SCSR,4. Strong Agree,4. Strong Agree,4. Strong Agree,4. Strong Agree,
KENNETH,9/15/2026 16:57:15,091526-C-018,Fabian,Renzo,Lansangan,Female,58,Pasigueño,SCSR,4. Strong Agree,4. Strong Agree,4. Strong Agree,4. Strong Agree,
KENNETH,9/15/2026 16:57:48,091526-C-017,Alcantara,Andrea,Villar,Female,48,Pasigueño,SCSR,4. Strong Agree,4. Strong Agree,4. Strong Agree,4. Strong Agree,
KENNETH,9/15/2026 16:58:26,091526-C-016,Jimenez,Zachary,Lazaro,Male,66,Pasigueño,SCSR,4. Strong Agree,4. Strong Agree,4. Strong Agree,4. Strong Agree,
KENNETH,9/15/2026 16:59:00,091526-C-013,Guerrero,Rica,Madrigal,Female,56,Pasigueño,SCSR,4. Strong Agree,4. Strong Agree,4. Strong Agree,4. Strong Agree,
KENNETH,9/15/2026 16:59:37,091526-C-040,Flores,Diana,Roldan,Female,35,Pasigueño,SCSR,4. Strong Agree,4. Strong Agree,4. Strong Agree,4. Strong Agree,
KENNETH,9/15/2026 17:00:41,091526-C-042,Santos,Shaina,Estrella,Male,55,Pasigueño,SCSR,3. Agree,4. Strong Agree,4. Strong Agree,4. Strong Agree,
KENNETH,9/15/2026 17:01:18,091526-C-041,Rosales,Darren,Marasigan,Male,52,Pasigueño,SCSR,3. Agree,4. Strong Agree,4. Strong Agree,4. Strong Agree,
KENNETH,9/15/2026 17:35:25,091526-C-051,Tan,Alvin,Yambao,Male,62,Pasigueño,SCSR,4. Strong Agree,4. Strong Agree,4. Strong Agree,4. Strong Agree,
KENNETH,9/15/2026 17:36:25,091526-C-050,Guerrero,Miguel,Baluyot,Female,57,Pasigueño,SCSR,4. Strong Agree,4. Strong Agree,4. Strong Agree,4. Strong Agree,
KENNETH,9/15/2026 17:37:09,091526-C-049,Bautista,Paolo,Bayani,Female,67,Pasigueño,SCSR,4. Strong Agree,4. Strong Agree,4. Strong Agree,4. Strong Agree,
KENNETH,9/16/2026 9:21:01,091626-C-001,Santiago,Danica,Alonzo,Male,50,Pasigueño,SCSR,4. Strong Agree,4. Strong Agree,4. Strong Agree,4. Strong Agree,OK
KENNETH,9/16/2026 9:22:06,091626-C-002,Bernardo,Emmanuel,Pangilinan,Female,52,Pasigueño,SCSR,4. Strong Agree,4. Strong Agree,4. Strong Agree,4. Strong Agree,VERY GOOD
KENNETH,9/16/2026 9:22:59,091526-C-029,Magsino,Kevin,Roxas,Female,65,Pasigueño,SCSR,4. Strong Agree,4. Strong Agree,4. Strong Agree,4. Strong Agree,
KENNETH,9/16/2026 9:33:35,091526-C-048,Andrada,Vincent,Lansangan,Female,18,Pasigueño,SCSR,4. Strong Agree,4. Strong Agree,4. Strong Agree,4. Strong Agree,THANKYOU PO
KENNETH,9/16/2026 9:36:28,091526-C-047,Ilagan,Nina,Dizon,Female,31,Pasigueño,SCSR,4. Strong Agree,4. Strong Agree,4. Strong Agree,4. Strong Agree,THANKYOU PO!
KENNETH,9/16/2026 10:30:44,091626-C-007,Robles,Samantha,Roxas,Female,70,Pasigueño,SCSR,4. Strong Agree,4. Strong Agree,4. Strong Agree,4. Strong Agree,BILIS PA PO
KENNETH,9/16/2026 10:31:39,091626-C-006,Ortega,Jerome,Guevarra,Female,51,Pasigueño,SCSR,4. Strong Agree,4. Strong Agree,4. Strong Agree,4. Strong Agree,TY
KENNETH,9/16/2026 10:32:16,091626-C-005,Camacho,Kyle,Pangilinan,Male,78,Pasigueño,SCSR,4. Strong Agree,4. Strong Agree,4. Strong Agree,4. Strong Agree,SALAMAT
KENNETH,9/16/2026 10:32:54,091626-C-004,Bautista,Camille,Dalisay,Male,23,Pasigueño,SCSR,4. Strong Agree,4. Strong Agree,4. Strong Agree,4. Strong Agree,
KENNETH,9/16/2026 10:33:50,091526-C-043,Yap,Francis,Cayanan,Female,67,Pasigueño,SCSR,4. Strong Agree,4. Strong Agree,4. Strong Agree,4. Strong Agree,N/A
KENNETH,9/16/2026 10:34:27,091526-C-044,Arriola,Ivan,Sebastian,Female,58,Pasigueño,SCSR,4. Strong Agree,4. Strong Agree,4. Strong Agree,4. Strong Agree,
KENNETH,9/16/2026 10:35:03,091526-C-046,Soriano,Grace,Hidalgo,Male,71,Pasigueño,SCSR,4. Strong Agree,4. Strong Agree,4. Strong Agree,4. Strong Agree, 
KENNETH,9/16/2026 10:59:25,091626-C-009,Robles,Carmela,Sison,Male,60,Pasigueño,SCSR,4. Strong Agree,4. Strong Agree,4. Strong Agree,4. Strong Agree,SALAMAT
KENNETH,9/16/2026 11:00:00,091626-C-010,Borja,Pauline,Pangilinan,Female,54,Pasigueño,SCSR,4. Strong Agree,4. Strong Agree,4. Strong Agree,4. Strong Agree,THANKYOU
KENNETH,9/16/2026 13:01:46,091626-C-013,Bernardo,Isabel,Abesamis,Female,34,Pasigueño,SCSR,4. Strong Agree,4. Strong Agree,4. Strong Agree,4. Strong Agree,MARAMING SALAMAT
KENNETH,9/16/2026 13:02:27,091526-C-012,Abella,Carmela,Acevedo,Male,60,Pasigueño,SCSR,4. Strong Agree,4. Strong Agree,4. Strong Agree,4. Strong Agree,NO COMMENT
KENNETH,9/16/2026 13:03:28,091626-C-015,Ramos,Bianca,Samson,Female,66,Pasigueño,SCSR,4. Strong Agree,4. Strong Agree,4. Strong Agree,4. Strong Agree,
KENNETH,9/16/2026 13:04:03,091626-C-016,Alcantara,Diana,Vergara,Female,64,Pasigueño,SCSR,4. Strong Agree,4. Strong Agree,4. Strong Agree,4. Strong Agree,
KENNETH,9/16/2026 13:04:54,091626-C-014,Valdez,Miguel,Abesamis,Male,35,Pasigueño,SCSR,4. Strong Agree,4. Strong Agree,4. Strong Agree,4. Strong Agree,
KENNETH,9/16/2026 13:06:01,091626-C-003,Mercado,Zachary,Jalandoni,Female,2,Pasigueño,SCSR,4. Strong Agree,4. Strong Agree,4. Strong Agree,4. Strong Agree, 
KENNETH,9/16/2026 13:06:52,091526-C-052,Borja,Rafael,Umali,Female,73,Pasigueño,SCSR,4. Strong Agree,4. Strong Agree,4. Strong Agree,4. Strong Agree,
KENNETH,9/16/2026 13:07:36,091626-C-011,Ramos,Oliver,Lorenzo,Male,55,Pasigueño,SCSR,4. Strong Agree,4. Strong Agree,4. Strong Agree,4. Strong Agree,
KENNETH,9/16/2026 13:31:46,091626-C-008,Abella,Ella,Quizon,Male,55,Pasigueño,SCSR,3. Agree,4. Strong Agree,4. Strong Agree,4. Strong Agree,N/A
KENNETH,9/16/2026 15:27:44,091626-C-034,Torres,Phoebe,Tabora,Female,2,Pasigueño,SCSR,4. Strong Agree,4. Strong Agree,4. Strong Agree,4. Strong Agree,
KENNETH,9/16/2026 15:28:18,091626-C-031,Bernardo,Marvin,Galang,Male,48,Pasigueño,SCSR,4. Strong Agree,4. Strong Agree,4. Strong Agree,4. Strong Agree,
KENNETH,9/16/2026 15:28:51,091626-C-030,David,Ian,Almario,Female,29,Pasigueño,SCSR,4. Strong Agree,4. Strong Agree,4. Strong Agree,4. Strong Agree,
KENNETH,9/16/2026 15:29:23,091626-C-029,Morales,Janine,Razon,Male,46,Pasigueño,SCSR,4. Strong Agree,4. Strong Agree,4. Strong Agree,4. Strong Agree,
KENNETH,9/16/2026 15:29:56,091626-C-017,Bonifacio,Marvin,Fajardo,Female,41,Pasigueño,SCSR,4. Strong Agree,4. Strong Agree,4. Strong Agree,4. Strong Agree,
KENNETH,9/16/2026 15:31:13,091626-C-020,Hernandez,Alvin,Casilao,Male,57,Pasigueño,SCSR,4. Strong Agree,4. Strong Agree,4. Strong Agree,4. Strong Agree,
KENNETH,9/16/2026 15:31:41,091626-C-026,Alvarado,Marvin,Alonzo,Male,3,Pasigueño,SCSR,4. Strong Agree,4. Strong Agree,4. Strong Agree,4. Strong Agree,
KENNETH,9/16/2026 15:32:26,091626-C-025,Alfonso,Regine,Valerio,Female,69,Pasigueño,SCSR,4. Strong Agree,4. Strong Agree,4. Strong Agree,4. Strong Agree,
KENNETH,9/16/2026 15:33:02,091626-C-024,Gatchalian,Ivan,Macalino,Male,78,Pasigueño,SCSR,4. Strong Agree,4. Strong Agree,4. Strong Agree,4. Strong Agree,
KENNETH,9/16/2026 15:35:32,091626-C-022,Francisco,Ysabel,Sandejas,Female,42,Pasigueño,SCSR,4. Strong Agree,4. Strong Agree,4. Strong Agree,4. Strong Agree,
KENNETH,9/16/2026 15:40:16,091626-C-018,Malabanan,Alvin,Barrientos,Female,66,Pasigueño,SCSR,4. Strong Agree,4. Strong Agree,4. Strong Agree,4. Strong Agree,
KENNETH,9/16/2026 15:41:15,091526-C-045,Legaspi,Danica,Samson,Female,50,Pasigueño,SCSR,4. Strong Agree,4. Strong Agree,4. Strong Agree,4. Strong Agree,
KENNETH,9/16/2026 15:41:44,091626-C-008,Francisco,Ivan,Abesamis,Male,55,Pasigueño,SCSR,4. Strong Agree,4. Strong Agree,4. Strong Agree,4. Strong Agree,
KENNETH,9/16/2026 15:42:20,091626-C-027,Arriola,Mariel,Eusebio,Male,45,Pasigueño,SCSR,4. Strong Agree,4. Strong Agree,4. Strong Agree,4. Strong Agree,
KENNETH,9/16/2026 16:23:16,091626-C-039,Alvarado,Elaine,Delos Reyes,Female,51,Pasigueño,SCSR,4. Strong Agree,4. Strong Agree,4. Strong Agree,4. Strong Agree, 
KENNETH,9/16/2026 16:23:46,091626-C-038,Jimenez,Rochelle,San Juan,Male,5,Pasigueño,SCSR,4. Strong Agree,4. Strong Agree,4. Strong Agree,4. Strong Agree,
KENNETH,9/16/2026 16:24:18,091626-C-037,Fabian,Danica,Tabora,Female,58,Pasigueño,SCSR,4. Strong Agree,4. Strong Agree,4. Strong Agree,4. Strong Agree,
KENNETH,9/16/2026 16:24:48,091626-C-032,Morales,Emmanuel,Katigbak,Female,47,Pasigueño,SCSR,4. Strong Agree,4. Strong Agree,4. Strong Agree,4. Strong Agree,
KENNETH,9/16/2026 16:25:18,091626-C-035,Miranda,Bianca,Sebastian,Female,56,Pasigueño,SCSR,4. Strong Agree,4. Strong Agree,4. Strong Agree,4. Strong Agree, 
KENNETH,9/16/2026 16:25:46,091626-C-019,Borja,Vincent,Villar,Female,90,Pasigueño,SCSR,4. Strong Agree,4. Strong Agree,4. Strong Agree,4. Strong Agree, 
KENNETH,9/16/2026 16:26:16,091626-C-033,Santiago,Shaina,Henson,Female,51,Pasigueño,SCSR,4. Strong Agree,4. Strong Agree,4. Strong Agree,4. Strong Agree,
KENNETH,9/16/2026 16:38:09,091626-C-040,Reyes,Danica,Cuenca,Male,26,Pasigueño,SCSR,4. Strong Agree,4. Strong Agree,4. Strong Agree,4. Strong Agree,
,9/17/2026 10:15:13,091726-C-008,Aquino,Clarisse,Macalino,Female,37,Pasigueño,SCSR,4. Strong Agree,4. Strong Agree,4. Strong Agree,4. Strong Agree,
,9/17/2026 10:15:52,091726-C-006,Yap,Mariel,Roxas,Female,36,Pasigueño,SCSR,4. Strong Agree,4. Strong Agree,4. Strong Agree,4. Strong Agree,
,9/17/2026 10:16:32,091726-C-005,Jimenez,Anthony,Valerio,Male,58,Pasigueño,SCSR,4. Strong Agree,4. Strong Agree,4. Strong Agree,4. Strong Agree,
,9/17/2026 10:17:13,091726-C-004,Rivera,Carlo,Magbanua,Male,51,Pasigueño,SCSR,4. Strong Agree,4. Strong Agree,4. Strong Agree,4. Strong Agree,
,9/17/2026 10:18:04,091726-C-003,Lopez,Ysabel,Baluyot,Male,72,Pasigueño,SCSR,4. Strong Agree,4. Strong Agree,4. Strong Agree,4. Strong Agree,
,9/17/2026 10:18:41,091726-C-002,Del Rosario,Carmela,Briones,Male,63,Pasigueño,SCSR,4. Strong Agree,4. Strong Agree,4. Strong Agree,4. Strong Agree,
,9/17/2026 10:19:27,091626-C-047,Navarro,Nina,Cabral,Female,78,Pasigueño,SCSR,4. Strong Agree,4. Strong Agree,4. Strong Agree,4. Strong Agree,
,9/17/2026 10:21:21,091626-C-043,Mercado,Andrea,Sandejas,Male,25,Pasigueño,SCSR,4. Strong Agree,4. Strong Agree,4. Strong Agree,4. Strong Agree,
,9/17/2026 10:22:08,091626-C-021,Salazar,Mikaela,Sebastian,Female,32,Pasigueño,SCSR,4. Strong Agree,4. Strong Agree,4. Strong Agree,4. Strong Agree,
,9/17/2026 10:22:47,091726-C-001,Abad,Noel,Cabral,Male,59,Pasigueño,SCSR,4. Strong Agree,4. Strong Agree,4. Strong Agree,4. Strong Agree,
,9/17/2026 10:23:45,091626-C-012,Malabanan,Francis,Gamboa,Male,9,Pasigueño,SCSR,4. Strong Agree,4. Strong Agree,4. Strong Agree,4. Strong Agree,
,9/17/2026 10:24:20,091626-C-027,Cabrera,Aileen,Razon,Female,60,Pasigueño,SCSR,4. Strong Agree,4. Strong Agree,4. Strong Agree,4. Strong Agree,
,9/17/2026 10:25:36,091426-C-042,Alfonso,Lance,Eusebio,Male,67,Pasigueño,SCSR,4. Strong Agree,4. Strong Agree,4. Strong Agree,4. Strong Agree,
,9/17/2026 10:30:48,091626-C-046,Alfonso,Dominic,Cordero,Female,62,Pasigueño,SCSR,4. Strong Agree,4. Strong Agree,4. Strong Agree,4. Strong Agree,
,9/17/2026 11:07:37,091626-C-048,Andrada,Vincent,Yambao,Male,65,Pasigueño,SCSR,4. Strong Agree,4. Strong Agree,4. Strong Agree,4. Strong Agree,
