visit_date,sex,age,client_type,service_received,timeliness,client_handling,quality_of_service,overall_satisfaction,comment,label
2026-07-20,Female,60,Pasigueño,Maternal health consultation,4,3,2,3,"Acceptable naman yung service para sa akin. Okay naman yung customer handling, pero medyo mahina yung boses sa pagtawag ng number. May konting inconvenience pero natapos din naman.",neutral
2026-01-08,Male,44,Pasigueño,Vital signs screening,4,4,3,4,Maayos at organized yung naging service. Straightforward yung process at walang confusing na instruction. Maayos sumagot yung staff sa mga tanong ko. Okay na okay para sa akin.,positive
2026-04-09,Female,46,Pasigueño,Laboratory request,3,4,3,4,Pleasant naman yung naging experience ko. Mabilis nila na-process yung request ko. Overall smooth at convenient.,positive
2026-04-21,Female,41,Non-Pasigueño,Medical consultation,4,3,2,3,"May good parts naman yung service pero may konting inconvenience. Nung nag-process ako ng family planning consultation, hindi agad malinaw kung saan kukunin yung form, pero natapos din naman at nakuha ko naman agad yung tamang form. Okay naman basta may konting improvement.",neutral
2026-03-18,Male,62,City Government Employee,Vital signs screening,4,3,4,4,Kompleto yung information na binigay sa counter. Responsive yung staff kapag may clarification. Babalik ako nang hindi nag-aalala kung kailangan ulit.,positive
2026-06-21,Female,41,Non-Pasigueño,Pharmacy/medicine assistance,3,3,3,3,"Para sa clearance request, polite naman yung staff, kaso may konting kalituhan sa sequence ng pila. May konting inconvenience pero natapos din naman.",neutral
2026-02-15,Female,29,Pasigueño,Health card/clearance,3,4,3,4,Maaga akong natapos kaya okay yung experience ko. Hindi ako kinailangang magtanong nang paulit-ulit. Maayos sumagot yung staff sa mga tanong ko. Nakakagaan kapag ganito kaayos yung serbisyo.,positive
2026-04-04,Female,51,Pasigueño,Wound care/dressing,3,3,4,3,"Polite naman yung staff at natapos naman yung kailangan ko. Ang napansin ko lang, medyo masikip lang sa waiting area. May konting inconvenience pero natapos din naman.",neutral
2026-07-04,Male,36,Non-Pasigueño,Medical consultation,4,4,4,4,"Para sa vaccine process, maayos ang pila at mabilis yung galaw sa counter. Hindi ako kinailangang magtanong nang paulit-ulit. Sana ganito lagi yung serbisyo.",positive
2026-07-07,Male,35,Pasigueño,Vital signs screening,2,3,2,2,Kulang sa organization yung naging process. Walang maayos na direction kung ano yung next step. Mas okay sana kung may malinaw na queue at proper guidance.,negative
2026-06-29,Male,34,Pasigueño,Medical consultation,4,3,4,4,"Naging convenient yung process para sa akin. Mabilis nila na-process yung request ko. Overall, satisfied ako.",positive
2026-03-21,Female,38,Pasigueño,Referral assistance,3,3,4,4,Naging convenient yung process para sa akin. Sakto lang yung waiting time at mabilis yung actual transaction. Overall smooth at convenient.,positive
2026-05-11,Female,24,Non-Pasigueño,Wound care/dressing,1,1,1,1,Disappointed ako sa naging transaction. Ang daming idle time sa pagitan ng bawat step. Hindi helpful yung sagot at itinuro lang ako sa ibang counter. Sana mabigyan ito ng action.,negative
2026-05-12,Female,41,Pasigueño,Pharmacy/medicine assistance,3,3,3,3,"Hindi naman bad, pero may pwede pang ayusin. Sa nutrition service mismo, medyo matagal lang bago natawag yung number ko, pero natapos din naman at helpful naman yung nasa counter. May konting inconvenience pero natapos din naman.",neutral
2026-02-20,Female,23,Non-Pasigueño,Health card/clearance,1,2,2,2,"Sa part ng referral assistance, hindi patient mag-explain yung staff. Halos walang movement yung pila for a long time. Sana mas organized at respectful next time.",negative
2026-05-19,Male,27,Non-Pasigueño,Family planning consultation,4,4,4,3,"Yung referral request ko, may initiative silang i-guide ako kung saan susunod. Mabilis nila na-process yung request ko.",positive
2026-05-22,Male,28,Pasigueño,Vital signs screening,3,2,3,3,"Sa part ng animal bite service, okay naman. Nasagot naman yung tanong ko, although hindi pare-pareho yung explanation na narinig ko sa dalawang counter. May room for improvement pero acceptable naman.",neutral
2026-05-04,Female,26,City Government Employee,Medical certificate,3,3,4,3,"Para sa nutrition counseling, okay naman. Okay naman yung customer handling, although medyo masikip lang sa waiting area. Nothing serious, pero noticeable lang.",neutral
2026-02-24,Male,43,City Government Employee,Animal bite treatment,3,4,3,4,Maayos at organized yung naging service. Hindi pabalik-balik kaya mabilis matapos yung transaction. Overall smooth at convenient.,positive
2026-01-20,Male,58,Pasigueño,Health card/clearance,2,4,3,3,"Decent naman yung naging service. Sa clearance request mismo, medyo mabagal lang yung usad nung maraming tao, pero natapos din naman at nasagot naman yung tanong ko. Sana mas mabilis nang kaunti sa susunod.",neutral
2026-04-02,Female,56,Non-Pasigueño,Immunization/Vaccination,4,4,3,4,"Na-appreciate ko yung maayos na assistance. Maaga akong dumating at mabilis din akong natapos. Okay yung attitude ng staff, polite at helpful.",positive
2026-01-30,Male,58,Pasigueño,Nutrition counseling,2,3,2,2,Mas matagal at mas magulo kaysa sa inaasahan ko. Ang daming idle time sa pagitan ng bawat step. Hindi straightforward yung process at maraming unnecessary na tanong.,negative
2026-06-18,Male,41,Pasigueño,Nutrition counseling,4,4,4,4,"Straightforward yung process at walang confusing na instruction. Okay yung attitude ng staff, polite at helpful. Sana ma-maintain yung ganitong sistema.",positive
2026-07-01,Male,43,Pasigueño,Pharmacy/medicine assistance,3,4,3,4,"Regarding sa dental consultation, maayos sumagot yung staff sa mga tanong ko. Nasunod naman agad yung sequence ng pila.",positive
2026-03-08,Female,25,Pasigueño,Health card/clearance,4,4,4,4,"Yung referral process ko, straightforward yung process at walang confusing na instruction. Maayos yung queue kaya hindi nakakainip yung paghihintay. Sana ganito lagi yung serbisyo.",positive
2026-04-10,Female,54,Pasigueño,Nutrition counseling,3,3,3,3,"Yung pagkuha ng certificate ko, okay naman. Helpful naman yung nasa counter, although may ilang minuto na walang gumagalaw sa pila. Hindi naman siya malaking issue para sa akin.",neutral
2026-02-27,Male,29,Pasigueño,TB/DOTS consultation,3,3,2,3,"Sa vaccine process mismo, okay naman. Okay naman yung flow kapag ikaw na yung nasa counter, although pwede pang mas mabilis yung process. Sana lang mas maging consistent next time.",neutral
2026-06-24,Female,26,City Government Employee,Referral assistance,3,3,4,4,"Regarding sa wound dressing, courteous yung staff at malinaw makipag-usap. Maaga akong dumating at mabilis din akong natapos.",positive
2026-05-22,Male,45,Non-Pasigueño,Dental consultation,2,4,3,3,"Yung clearance request ko, maayos naman yung actual service, kaso kulang lang ng mas malinaw na signage. Sana lang mas maging consistent next time.",neutral
2026-01-11,Female,35,Non-Pasigueño,Wound care/dressing,3,3,4,3,Nakuha ko naman yung kailangan ko. Kailangan ko pang magtanong kung saan yung next counter; straightforward naman yung requirements naman kapag ako na yung inaasikaso. Sana lang mas maging consistent next time.,neutral
2026-01-18,Male,38,Non-Pasigueño,Pharmacy/medicine assistance,3,3,4,4,"Yung dental consultation ko, courteous yung staff at malinaw makipag-usap. Sakto lang yung waiting time at mabilis yung actual transaction.",positive
2026-01-11,Female,55,Non-Pasigueño,Medical certificate,4,4,4,4,Mas maayos yung transaction ko kaysa sa inaasahan ko. Konti lang yung waiting time nung pumunta ako. Babalik ako nang hindi nag-aalala kung kailangan ulit.,positive
2026-03-22,Male,21,City Government Employee,Health card/clearance,4,4,4,3,"Nung nag-process ako ng referral request, sakto lang yung waiting time at mabilis yung actual transaction. Kompleto yung information na binigay sa counter. Nakakagaan kapag ganito kaayos yung serbisyo.",positive
2026-03-29,Female,26,Pasigueño,Laboratory request,4,3,3,3,"Okay naman yung naging transaction ko. Yung maternal health service ko, pwede pang mas mabilis yung process, pero natapos din naman at Maayos kausap yung staff. Fair lang yung rating ko.",neutral
2026-04-01,Male,68,Pasigueño,Laboratory request,2,2,2,2,Hindi okay para sa akin yung naging service. Walang malinaw na update kung bakit delayed yung transaction. Sana mas organized at respectful next time.,negative
2026-04-01,Female,48,Pasigueño,Health card/clearance,2,3,2,2,Naramdaman kong naiirita yung kausap ko nung nagtanong ulit ako. Hindi malinaw yung instructions na binigay sa akin sa simula. Needs improvement talaga.,negative
2026-07-03,Female,50,Pasigueño,Medical certificate,3,3,4,3,"Yung DOTS consultation ko, organized naman yung pila, kaso pwede pang mas mabilis yung process. Okay naman basta may konting improvement.",neutral
2026-05-31,Female,21,Pasigueño,Immunization/Vaccination,4,4,3,4,Satisfied ako sa naging transaction ko. Hindi ako kinailangang magtanong nang paulit-ulit. Magalang at approachable yung staff na nakausap ko. Sana ganito lagi yung serbisyo.,positive
2026-04-05,Male,48,Non-Pasigueño,Wound care/dressing,2,3,2,2,"Regarding sa consultation, walang malinaw na update kung bakit delayed yung transaction. Hindi maganda yung tono ng staff nung nagtanong ako.",negative
2026-06-13,Male,36,City Government Employee,Pharmacy/medicine assistance,1,2,2,2,"Para sa wound care, hindi efficient yung flow kaya nasayang yung oras ko. Hindi maganda yung tono ng staff nung nagtanong ako. I hope maayos ito sa susunod.",negative
2026-06-04,Male,25,Pasigueño,Maternal health consultation,2,3,2,2,Hindi straightforward yung process at maraming unnecessary na tanong. Parang walang clear system sa pagtawag kaya mabagal ang pila. Hindi dapat ganito katagal yung simpleng transaction.,negative
2026-07-16,Female,33,Pasigueño,Referral assistance,4,3,4,4,Simple at understandable yung explanation ng process. Patient mag-explain yung staff kahit may follow-up questions ako. Sana ganito lagi yung serbisyo.,positive
2026-04-07,Female,58,Pasigueño,Family planning consultation,2,2,2,2,Kailangan pang pagbutihin yung client handling. Hindi visible yung process kaya kailangan pang magtanong nang paulit-ulit. Hindi dapat ganito katagal yung simpleng transaction.,negative
2026-06-21,Male,29,Pasigueño,Wound care/dressing,3,3,4,3,"Usual lang yung naging process. Malinaw naman yung basic instructions. Siguro ang pwede lang ayusin, mas okay sana kung mas visible yung instructions. Sana lang mas maging consistent next time.",neutral
2026-03-02,Male,62,Pasigueño,Maternal health consultation,4,3,3,3,"Natapos naman yung transaction ko nang maayos. Friendly naman yung nag-assist, pero kailangan ko pang ulitin yung tanong bago naging clear. Overall okay pa rin naman.",neutral
2026-02-27,Female,34,Pasigueño,Medical consultation,3,2,3,3,"Nakuha ko naman yung kailangan ko. Nakuha ko naman agad yung tamang form, pero medyo matagal lang bago natawag yung number ko. Pwede pang ayusin nang konti yung flow.",neutral
2026-02-10,Female,23,Non-Pasigueño,Medical consultation,3,4,3,4,"Regarding sa health card process, walang unnecessary delay sa naging transaction ko. Alam ko agad kung saan pupunta dahil malinaw yung instructions. Keep up the good service.",positive
2026-05-18,Male,48,Non-Pasigueño,Medical consultation,4,4,4,4,"Para sa vaccine process, madaling sundan yung steps na sinabi sa akin. Mabilis umusad yung pila kahit may ibang clients. Keep up the good service.",positive
2026-06-08,Male,31,Pasigueño,Nutrition counseling,3,4,4,4,Wala naman akong naging problema sa pag-process. Sakto lang yung waiting time at mabilis yung actual transaction. Tinulungan ako agad nung hindi ko alam yung next step.,positive
2026-01-08,Female,67,City Government Employee,Immunization/Vaccination,4,3,3,3,Sakto lang yung naging experience ko today. Medyo masikip lang sa waiting area; polite naman yung staff naman kapag ako na yung inaasikaso. Overall okay pa rin naman.,neutral
2026-04-19,Male,35,City Government Employee,Family planning consultation,4,3,3,4,Hindi ako nahirapan sa buong proseso. Maayos ang pila at mabilis yung galaw sa counter. Hindi minadali yung pag-assist sa akin.,positive
2026-07-05,Male,63,Pasigueño,Vital signs screening,4,4,4,3,"Nung nag-process ako ng wound dressing, respectful yung pakikitungo kahit marami silang inaasikaso. Maaga akong dumating at mabilis din akong natapos.",positive
2026-01-13,Female,47,Non-Pasigueño,Nutrition counseling,3,3,3,3,"Kailangan ko pang magtanong kung saan yung next counter, pero nasagot naman yung tanong ko naman. Pwede pang ayusin nang konti yung flow.",neutral
2026-07-14,Female,39,Pasigueño,Dental consultation,2,1,1,1,Hindi visible yung process kaya kailangan pang magtanong nang paulit-ulit. Ang daming idle time sa pagitan ng bawat step. Sana mabigyan ito ng action.,negative
2026-04-03,Male,31,Pasigueño,Referral assistance,3,4,3,4,Mas maayos yung transaction ko kaysa sa inaasahan ko. Straightforward yung process at walang confusing na instruction. Respectful yung pakikitungo kahit marami silang inaasikaso. Sana ganito lagi yung serbisyo.,positive
2026-03-19,Female,45,Pasigueño,Wound care/dressing,3,4,4,4,Magalang at approachable yung staff na nakausap ko. Simple at understandable yung explanation ng process. Okay na okay para sa akin.,positive
2026-01-11,Male,23,Pasigueño,Maternal health consultation,3,3,4,4,Straightforward yung process at walang confusing na instruction. Maganda yung customer handling nila. Overall smooth at convenient.,positive
2026-03-19,Male,33,City Government Employee,Pharmacy/medicine assistance,4,4,4,4,"Yung medical certificate ko, straightforward yung process at walang confusing na instruction. Mabilis yung checking ng requirements at tuloy-tuloy yung process. Overall smooth at convenient.",positive
2026-08-03,Female,43,Pasigueño,Vital signs screening,4,3,3,4,"Regarding sa dressing service, very accommodating yung nag-assist sa akin. Mabilis umusad yung pila kahit may ibang clients.",positive
2026-02-15,Male,32,Pasigueño,TB/DOTS consultation,4,4,4,4,Pleasant naman yung naging experience ko. Maayos naipaliwanag yung requirements bago ako pumila. Professional kausap yung staff at mahinahon sumagot. Good job sa staff.,positive
2026-01-22,Female,29,Pasigueño,Wound care/dressing,3,4,3,3,"Yung wound care ko, natapos naman nang maayos. Polite naman yung staff; medyo mahina yung boses sa pagtawag ng number lang. Sakto lang, neither good nor bad.",neutral
2026-03-12,Female,43,Non-Pasigueño,Family planning consultation,2,2,3,2,"Hindi malinaw yung instructions kaya ilang beses akong nalito. Mabagal na nga yung pila, ilang beses pa akong pinabalik sa ibang counter. Mas okay sana kung may malinaw na queue at proper guidance.",negative
2026-03-24,Female,59,Non-Pasigueño,Health card/clearance,3,2,3,3,"Average lang yung experience ko. Maayos naman yung pag-check ng documents, pero medyo matagal lang bago natawag yung number ko. Pwede pang ayusin nang konti yung flow.",neutral
2026-01-24,Male,53,Pasigueño,Animal bite treatment,2,3,4,3,"Nung nag-process ako ng pagpapatingin, natapos naman nang maayos. Polite naman yung staff; hindi pare-pareho yung explanation na narinig ko sa dalawang counter lang. Sana lang mas maging consistent next time.",neutral
2026-07-13,Female,31,Pasigueño,Laboratory request,3,2,3,3,"Yung request para sa laboratory ko, natapos naman nang maayos. Friendly naman yung nag-assist; medyo matagal yung checking ng requirements lang. May konting inconvenience pero natapos din naman.",neutral
2026-06-02,Male,37,Pasigueño,Referral assistance,3,2,3,3,"Usual lang yung naging process. Yung wound dressing ko, hindi pare-pareho yung explanation na narinig ko sa dalawang counter, pero natapos din naman at maayos naman yung pag-check ng documents. May room for improvement pero acceptable naman.",neutral
2026-06-30,Female,47,Pasigueño,Laboratory request,2,2,1,2,"Walang malinaw na update kung bakit delayed yung transaction. Mabagal na nga yung pila, ilang beses pa akong pinabalik sa ibang counter. Marami pang kailangang i-improve.",negative
2026-01-20,Female,28,Non-Pasigueño,Maternal health consultation,3,2,3,3,"Malinaw naman yung basic instructions at natapos naman yung kailangan ko. Ang napansin ko lang, kailangan ko pang magtanong kung saan yung next counter. Fair lang yung rating ko.",neutral
2026-07-08,Female,58,Non-Pasigueño,Animal bite treatment,4,4,4,4,Pleasant naman yung naging experience ko. Maayos ang explanation kaya walang naging aberya. May initiative silang i-guide ako kung saan susunod. Okay na okay para sa akin.,positive
2026-04-30,Male,26,Pasigueño,Nutrition counseling,1,2,2,2,"Sa health card process mismo, hindi organized yung queue kaya mas humaba yung paghihintay. Hindi patient mag-explain yung staff. Sana ma-review yung workflow at customer service.",negative
2026-02-28,Male,58,Pasigueño,Medical consultation,2,4,3,3,"Nung nag-process ako ng animal bite service, okay naman. Organized naman yung pila, although kailangan ko pang ulitin yung tanong bago naging clear. Sakto lang, neither good nor bad.",neutral
2026-03-16,Female,33,Pasigueño,Laboratory request,3,4,4,4,Maganda yung naging proseso from start to finish. Konti lang yung waiting time nung pumunta ako. Salamat sa maayos na assistance.,positive
2026-06-12,Male,26,Pasigueño,Nutrition counseling,1,2,1,1,"Sa pharmacy service mismo, hindi helpful yung sagot at itinuro lang ako sa ibang counter. Halos walang movement yung pila for a long time. Sana magkaroon ng clearer instructions at mas maayos na pila.",negative
2026-03-18,Male,39,Pasigueño,Health card/clearance,3,3,2,3,"Maayos naman in general yung service. Para sa vital signs check, may konting kalituhan sa sequence ng pila, pero natapos din naman at straightforward naman yung requirements. Sana lang mas maging consistent next time.",neutral
2026-06-20,Male,38,Pasigueño,Animal bite treatment,1,2,2,2,"Nahirapan ako sa naging proseso. Mabagal na nga yung pila, ilang beses pa akong pinabalik sa ibang counter. Kailangan pang pagbutihin yung client handling. Sana mabigyan ito ng action.",negative
2026-03-10,Male,33,City Government Employee,Vital signs screening,3,3,4,3,"Para sa lab request, natapos naman nang maayos. Polite naman yung staff; pwede pang mas mabilis yung process lang. Overall okay pa rin naman.",neutral
2026-02-19,Male,20,Pasigueño,Animal bite treatment,3,4,2,3,"Nung nag-process ako ng immunization, okay naman. Okay naman yung flow kapag ikaw na yung nasa counter, although may konting kalituhan sa sequence ng pila. Pwede pang ayusin nang konti yung flow.",neutral
2026-02-12,Male,50,Pasigueño,Dental consultation,3,3,4,3,"Sa referral process mismo, okay naman. Hindi naman ako pinabalik para sa kulang na requirement, although hindi agad malinaw kung saan kukunin yung form. Sakto lang, neither good nor bad.",neutral
2026-02-21,Female,26,Pasigueño,Nutrition counseling,3,3,3,3,Wala namang major problem sa transaction. May konting delay sa pila; friendly naman yung nag-assist naman kapag ako na yung inaasikaso. Sana lang mas maging consistent next time.,neutral
2026-07-01,Female,29,Pasigueño,Maternal health consultation,3,4,4,4,Satisfied ako sa naging transaction ko. Straightforward yung process at walang confusing na instruction. Magalang at approachable yung staff na nakausap ko. Sana ma-maintain yung ganitong sistema.,positive
2026-07-17,Male,25,Non-Pasigueño,Immunization/Vaccination,2,3,4,3,"Helpful naman yung nasa counter at natapos naman yung kailangan ko. Ang napansin ko lang, kulang lang ng mas malinaw na signage. Hindi naman siya malaking issue para sa akin.",neutral
2026-03-10,Female,37,Non-Pasigueño,TB/DOTS consultation,3,3,4,4,Maganda yung naging proseso from start to finish. Hindi gaanong mahaba ang hintayan at mabilis natawag ang number ko. Thank you sa maayos na pag-assist.,positive
2026-03-01,Male,27,Non-Pasigueño,Medical consultation,2,2,2,2,Walang malinaw na update kung bakit delayed yung transaction. Paulit-ulit akong naghintay sa magkakaibang counter. Mas okay sana kung may malinaw na queue at proper guidance.,negative
2026-04-18,Female,20,Pasigueño,Maternal health consultation,4,4,4,4,"Sa part ng referral request, konti lang yung waiting time nung pumunta ako. Maayos yung signage at guide kaya madaling sundan. Overall, satisfied ako.",positive
2026-03-26,Male,45,Pasigueño,TB/DOTS consultation,2,2,3,2,Poor yung experience ko this time. Hindi ako nabigyan ng maayos na explanation nung may concern ako. Marami pang kailangang i-improve.,negative
2026-03-18,Male,23,Pasigueño,Medical certificate,2,2,3,2,"Nung nag-process ako ng counseling session, sobrang haba ng process kumpara sa dapat sana. Kailangan pang pagbutihin yung client handling. Kailangan talagang pagbutihin yung service.",negative
2026-07-26,Female,52,Pasigueño,TB/DOTS consultation,3,2,3,3,"Usual lang yung naging process. Para sa screening process, may konting delay sa pila, pero natapos din naman at nakuha ko naman agad yung tamang form. Okay naman basta may konting improvement.",neutral
2026-01-17,Male,40,Non-Pasigueño,Referral assistance,4,4,3,4,"Para sa certificate request, respectful yung pakikitungo kahit marami silang inaasikaso. Maayos ang pila at mabilis yung galaw sa counter.",positive
2026-02-02,Female,46,Pasigueño,Medical consultation,4,4,4,3,"Para sa family planning service, very accommodating yung nag-assist sa akin. Efficient yung pila at hindi magulo yung tawagan.",positive
2026-07-01,Female,29,Pasigueño,Wound care/dressing,2,2,1,2,Nahirapan ako sa naging proseso. Hindi approachable yung nakausap ko sa counter. Sana ma-review yung workflow at customer service.,negative
2026-06-01,Male,41,Pasigueño,Dental consultation,3,4,2,3,"Para sa referral assistance, natapos naman nang maayos. Organized naman yung pila; hindi pare-pareho yung explanation na narinig ko sa dalawang counter lang. Nothing serious, pero noticeable lang.",neutral
2026-07-18,Male,22,Pasigueño,Referral assistance,3,3,2,3,"Pwede pang mas mabilis yung process, pero nasagot naman yung tanong ko naman. Sana mas mabilis nang kaunti sa susunod.",neutral
2026-02-07,Male,29,Pasigueño,Immunization/Vaccination,4,3,2,3,"Hindi naman bad, pero may pwede pang ayusin. Kulang lang ng mas malinaw na signage; malinaw naman yung basic instructions naman kapag ako na yung inaasikaso. Sakto lang, neither good nor bad.",neutral
2026-05-18,Male,59,Pasigueño,Referral assistance,1,1,2,1,Hindi ako satisfied sa naging assistance. Masyadong dismissive yung sagot sa concern ko. Kailangan talagang pagbutihin yung service.,negative
2026-07-18,Male,52,Pasigueño,Vital signs screening,3,2,2,2,Mas matagal at mas magulo kaysa sa inaasahan ko. Hindi patient mag-explain yung staff. Hindi dapat ganito katagal yung simpleng transaction.,negative
2026-07-29,Male,30,Pasigueño,Health card/clearance,4,3,4,4,"Para sa DOTS service, respectful yung pakikitungo kahit marami silang inaasikaso. Hindi pabalik-balik kaya mabilis matapos yung transaction.",positive
2026-02-09,Female,31,Pasigueño,Health card/clearance,3,3,4,3,"Regarding sa dressing service, organized naman yung pila, kaso hindi agad malinaw kung saan kukunin yung form. Nothing serious, pero noticeable lang.",neutral
2026-02-14,Male,31,Pasigueño,Vital signs screening,3,4,4,4,Happy naman ako sa naging assistance. Hindi ako pinaghintay nang matagal bago maasikaso. Wala akong reklamo sa naging service.,positive
2026-08-04,Male,66,Non-Pasigueño,Referral assistance,2,3,4,3,"Sa nutrition counseling mismo, okay naman. Okay naman yung customer handling, although may ilang minuto na walang gumagalaw sa pila. Sana lang mas maging consistent next time.",neutral
2026-07-15,Female,34,City Government Employee,Family planning consultation,1,1,1,1,Medyo frustrating yung naging proseso. May kulang na requirement na saka lang sinabi nung nasa counter na ako. Mas okay sana kung may malinaw na queue at proper guidance.,negative
2026-06-11,Male,24,Non-Pasigueño,Family planning consultation,3,4,3,3,"Nung nag-process ako ng screening process, natapos naman nang maayos. Maayos kausap yung staff; medyo mahina yung boses sa pagtawag ng number lang. Manageable naman kaya okay lang.",neutral
2026-06-11,Female,34,Pasigueño,Medical consultation,2,2,3,2,Disappointed ako sa naging transaction. Matagal bago may sumagot sa concern ko sa counter. Hindi patient mag-explain yung staff. Sana magkaroon ng clearer instructions at mas maayos na pila.,negative
2026-08-09,Male,48,Non-Pasigueño,Vital signs screening,2,4,3,3,"Hindi naman bad, pero may pwede pang ayusin. Nung nag-process ako ng consultation, medyo matagal yung checking ng requirements, pero natapos din naman at organized naman yung pila. Sana lang mas maging consistent next time.",neutral
2026-04-11,Female,56,Pasigueño,Dental consultation,4,3,3,3,"Natapos naman yung transaction ko nang maayos. Maayos naman yung actual service, pero may konting delay pero manageable naman. Sana lang mas maging consistent next time.",neutral
2026-02-05,Female,52,City Government Employee,Medical certificate,2,3,3,3,"Sakto lang yung naging experience ko today. Kumpleto naman yung information na binigay, pero hindi pare-pareho yung explanation na narinig ko sa dalawang counter. May room for improvement pero acceptable naman.",neutral
2026-02-21,Female,29,Pasigueño,Pharmacy/medicine assistance,4,4,4,4,"Regarding sa pagkuha ng certificate, mabilis yung checking ng requirements at tuloy-tuloy yung process. Maayos naipaliwanag yung requirements bago ako pumila. Salamat sa maayos na assistance.",positive
2026-02-05,Female,23,Pasigueño,Immunization/Vaccination,3,4,3,4,"Yung pharmacy service ko, responsive yung staff kapag may clarification. Maayos yung queue kaya hindi nakakainip yung paghihintay.",positive
2026-01-15,Male,25,City Government Employee,Family planning consultation,3,2,3,3,"Organized naman yung pila at natapos naman yung kailangan ko. Ang napansin ko lang, kulang lang ng mas malinaw na signage. Manageable naman kaya okay lang.",neutral
2026-02-03,Female,50,Non-Pasigueño,Wound care/dressing,1,2,2,2,Hindi naging smooth yung pag-asikaso ko. Sobrang tagal bago ako natawag kahit matagal na akong naghihintay. Hindi malinaw yung instructions kaya ilang beses akong nalito.,negative
2026-05-11,Female,34,Pasigueño,Dental consultation,2,2,1,2,Hindi professional yung tono ng pakikipag-usap sa akin. Hindi malinaw yung instructions na binigay sa akin sa simula. Please improve the process and client handling.,negative
2026-07-17,Female,48,Pasigueño,Dental consultation,3,3,2,3,"Okay naman overall, may ilang minor issue lang. Sa screening process mismo, pwede pang mas mabilis yung process, pero natapos din naman at kumpleto naman yung information na binigay. May room for improvement pero acceptable naman.",neutral
2026-03-22,Male,28,Pasigueño,Laboratory request,4,4,4,4,Mas maayos yung transaction ko kaysa sa inaasahan ko. Nasunod naman agad yung sequence ng pila. Salamat sa maayos na assistance.,positive
2026-03-31,Female,61,Non-Pasigueño,Wound care/dressing,4,4,4,3,"Nung nag-process ako ng medical certificate, okay yung attitude ng staff, polite at helpful. Hindi pabalik-balik kaya mabilis matapos yung transaction.",positive
2026-04-01,Female,33,Pasigueño,Dental consultation,3,3,3,3,"Regarding sa pagpapa-dental, natapos naman nang maayos. Helpful naman yung nasa counter; medyo masikip lang sa waiting area lang. Hindi naman siya malaking issue para sa akin.",neutral
2026-03-21,Female,42,Pasigueño,Pharmacy/medicine assistance,4,3,3,4,Satisfied ako sa naging transaction ko. Konti lang yung waiting time nung pumunta ako. Patient mag-explain yung staff kahit may follow-up questions ako.,positive
2026-01-14,Male,35,City Government Employee,Wound care/dressing,1,1,1,1,"Yung medical certificate ko, confusing yung sequence ng steps. Hindi consistent yung assistance at iba-iba yung sinasabi ng staff.",negative
2026-01-08,Female,55,Non-Pasigueño,Medical consultation,4,4,4,3,"Regarding sa consultation, kompleto yung information na binigay sa counter. Maaga akong dumating at mabilis din akong natapos. Salamat sa maayos na assistance.",positive
2026-03-19,Male,26,Pasigueño,Maternal health consultation,4,3,3,3,"Sa part ng vaccination, hindi naman ako pinabalik para sa kulang na requirement, kaso may konting kalituhan sa sequence ng pila. Nothing serious, pero noticeable lang.",neutral
2026-05-02,Female,22,Pasigueño,Family planning consultation,3,3,4,3,"Hindi naman bad, pero may pwede pang ayusin. Friendly naman yung nag-assist. Siguro ang pwede lang ayusin, kailangan ko pang ulitin yung tanong bago naging clear. Fair lang yung rating ko.",neutral
2026-01-25,Female,53,Pasigueño,Medical consultation,2,3,2,2,Hindi naging convenient yung transaction ko. Ang tagal ng checking kahit kumpleto naman yung dala ko. Dapat mas malinaw yung listahan ng kailangan bago pumila.,negative
2026-04-13,Female,50,Non-Pasigueño,Family planning consultation,1,2,1,1,Medyo frustrating yung naging proseso. Kulangan yung information tungkol sa requirements. Sana mabigyan ito ng action.,negative
2026-05-20,Female,32,Pasigueño,Family planning consultation,1,2,2,2,Sana ma-review yung process kasi nahirapan talaga ako. Walang malinaw na update kung bakit delayed yung transaction. Sana ma-review yung workflow at customer service.,negative
2026-05-17,Female,66,Pasigueño,Family planning consultation,2,2,3,2,Kulang sa organization yung naging process. Kulangan yung information tungkol sa requirements. Sana ma-review yung workflow at customer service.,negative
2026-05-10,Female,64,Pasigueño,Laboratory request,3,3,2,3,"Para sa laboratory request, natapos naman nang maayos. Malinaw naman yung basic instructions; pwede pang mas mabilis yung process lang. Manageable naman kaya okay lang.",neutral
2026-04-04,Female,60,Pasigueño,Family planning consultation,2,3,3,3,"Medyo mahaba yung pila pero gumagalaw naman, pero nasagot naman yung tanong ko naman. Pwede pang ayusin nang konti yung flow.",neutral
2026-04-06,Male,33,City Government Employee,Nutrition counseling,3,3,2,3,"Sa part ng consultation process, okay naman. Malinaw naman yung basic instructions, although hindi agad malinaw kung saan kukunin yung form. Fair lang yung rating ko.",neutral
2026-07-26,Male,65,Pasigueño,Wound care/dressing,2,2,2,2,Sana ma-review yung process kasi nahirapan talaga ako. Dapat mas malinaw yung listahan ng kailangan bago pumila. Needs improvement talaga.,negative
2026-03-10,Male,31,Non-Pasigueño,Medical consultation,1,1,1,1,"Regarding sa consultation process, kailangan pang pagbutihin yung client handling. Sobrang tagal bago ako natawag kahit matagal na akong naghihintay. Marami pang kailangang i-improve.",negative
2026-05-10,Male,21,Non-Pasigueño,Health card/clearance,2,2,3,2,Hindi okay para sa akin yung naging service. Naramdaman kong naiirita yung kausap ko nung nagtanong ulit ako. Sana magkaroon ng clearer instructions at mas maayos na pila.,negative
2026-05-19,Male,35,Pasigueño,Wound care/dressing,4,3,3,4,"Regarding sa consultation process, clear yung directions at hindi ako nalito sa process. Hindi pabalik-balik kaya mabilis matapos yung transaction. Overall, satisfied ako.",positive
2026-03-16,Male,33,City Government Employee,Health card/clearance,2,4,3,3,"Okay naman overall, may ilang minor issue lang. Maayos kausap yung staff. Siguro ang pwede lang ayusin, medyo masikip lang sa waiting area. Hindi naman siya malaking issue para sa akin.",neutral
2026-04-22,Male,66,Non-Pasigueño,Laboratory request,4,3,3,3,"Kumpleto naman yung information na binigay at natapos naman yung kailangan ko. Ang napansin ko lang, mas okay sana kung mas visible yung instructions. Pwede pang ayusin nang konti yung flow.",neutral
2026-06-25,Female,58,Pasigueño,Health card/clearance,4,3,4,4,"Good experience overall. Nasunod naman agad yung sequence ng pila. Okay yung attitude ng staff, polite at helpful.",positive
2026-07-04,Female,38,City Government Employee,Maternal health consultation,3,2,3,3,"Para sa medicine assistance, polite naman yung staff, kaso medyo matagal yung checking ng requirements. Sakto lang, neither good nor bad.",neutral
2026-06-02,Female,53,Pasigueño,Pharmacy/medicine assistance,1,2,1,1,Medyo frustrating yung naging proseso. Parang walang clear system sa pagtawag kaya mabagal ang pila. Hindi consistent yung assistance at iba-iba yung sinasabi ng staff. Needs improvement talaga.,negative
2026-01-15,Male,34,Pasigueño,Nutrition counseling,4,4,4,3,Maaga akong natapos kaya okay yung experience ko. Straightforward yung process at walang confusing na instruction. Maganda yung customer handling nila. Salamat sa maayos na assistance.,positive
2026-07-28,Male,40,City Government Employee,Referral assistance,3,3,4,3,"Sakto lang yung naging experience ko today. Okay naman yung flow kapag ikaw na yung nasa counter. Siguro ang pwede lang ayusin, may ilang minuto na walang gumagalaw sa pila. Nothing serious, pero noticeable lang.",neutral
2026-03-30,Male,72,Pasigueño,Animal bite treatment,2,1,1,1,Poor yung experience ko this time. Kulang yung explanation kaya napabalik pa ako. Marami pang kailangang i-improve.,negative
2026-04-04,Female,40,Pasigueño,Medical certificate,2,1,2,2,Dapat mas malinaw yung listahan ng kailangan bago pumila. Halos walang movement yung pila for a long time. Sana mas organized at respectful next time.,negative
2026-03-05,Female,31,City Government Employee,Family planning consultation,2,3,4,3,"Friendly naman yung nag-assist at natapos naman yung kailangan ko. Ang napansin ko lang, hindi agad malinaw kung saan kukunin yung form. Overall okay pa rin naman.",neutral
2026-03-18,Male,35,Pasigueño,Dental consultation,2,2,3,2,Hindi naging maayos yung experience ko. Parang walang clear system sa pagtawag kaya mabagal ang pila. Kulangan yung information tungkol sa requirements.,negative
2026-03-25,Female,27,Pasigueño,Pharmacy/medicine assistance,3,3,4,4,Nasagot nang maayos yung tanong ko tungkol sa requirements. Maayos yung pakikitungo sa akin mula umpisa hanggang matapos. Overall smooth at convenient.,positive
2026-05-01,Female,45,Pasigueño,Vital signs screening,2,3,2,2,"Yung pagkuha ng certificate ko, hindi patient mag-explain yung staff. Parang walang clear system sa pagtawag kaya mabagal ang pila. Sana mabigyan ito ng action.",negative
2026-08-08,Female,21,Pasigueño,Dental consultation,4,3,3,4,Ayos yung flow ng transaction ko. Nasunod naman agad yung sequence ng pila. Respectful yung pakikitungo kahit marami silang inaasikaso.,positive
2026-05-30,Male,41,Pasigueño,Medical consultation,4,4,3,4,Professional kausap yung staff at mahinahon sumagot. Simple at understandable yung explanation ng process. Overall smooth at convenient.,positive
2026-05-02,Male,38,Pasigueño,Laboratory request,4,4,4,3,"Nung nag-process ako ng dental consultation, hindi ako kinailangang magtanong nang paulit-ulit. Maayos ang pila at mabilis yung galaw sa counter. Okay na okay para sa akin.",positive
2026-07-31,Female,34,City Government Employee,Wound care/dressing,2,4,3,3,"May konting kalituhan sa sequence ng pila, pero nasagot naman yung tanong ko naman. Okay naman basta may konting improvement.",neutral
2026-03-19,Male,30,Pasigueño,Medical certificate,2,2,2,2,"Sa DOTS consultation mismo, masyadong mahaba yung waiting time para sa simpleng transaction. Parang walang willingness tumulong nung nalito ako sa process. Sana magkaroon ng clearer instructions at mas maayos na pila.",negative
2026-04-21,Female,60,City Government Employee,Laboratory request,4,4,4,4,"Regarding sa vaccine process, okay yung attitude ng staff, polite at helpful. Mabilis nila na-process yung request ko.",positive
2026-07-17,Male,60,Non-Pasigueño,Health card/clearance,4,3,4,4,"Sa counseling session mismo, kompleto yung information na binigay sa counter. Within a reasonable time natapos yung kailangan ko. Keep up the good service.",positive
2026-07-20,Male,43,Non-Pasigueño,Pharmacy/medicine assistance,3,2,3,3,"Hindi naman bad, pero may pwede pang ayusin. Hindi naman ako pinabalik para sa kulang na requirement, pero medyo mahina yung boses sa pagtawag ng number. Sana mas mabilis nang kaunti sa susunod.",neutral
2026-04-11,Female,34,City Government Employee,Medical consultation,1,2,2,2,Dapat mas malinaw yung listahan ng kailangan bago pumila. Parang walang clear system sa pagtawag kaya mabagal ang pila. I hope maayos ito sa susunod.,negative
2026-04-12,Female,52,Pasigueño,Immunization/Vaccination,3,2,2,2,Kulang yung explanation kaya napabalik pa ako. May mga nauna kahit mas late silang dumating kaya nakakalito yung pila. Please improve the process and client handling.,negative
2026-04-30,Female,42,Non-Pasigueño,Pharmacy/medicine assistance,2,3,2,2,"Nung nag-process ako ng health card process, hindi efficient yung flow kaya nasayang yung oras ko. Hindi professional yung tono ng pakikipag-usap sa akin. Hindi dapat ganito katagal yung simpleng transaction.",negative
2026-02-24,Male,37,Pasigueño,Family planning consultation,1,1,1,1,Kailangan pang pagbutihin yung client handling. Hindi malinaw yung instructions na binigay sa akin sa simula. Marami pang kailangang i-improve.,negative
2026-06-24,Male,42,City Government Employee,Animal bite treatment,3,3,4,4,Alam ko agad kung saan pupunta dahil malinaw yung instructions. Maganda yung customer handling nila. Salamat sa maayos na assistance.,positive
2026-05-07,Female,33,Pasigueño,Pharmacy/medicine assistance,1,1,2,1,"Sa referral process mismo, mas maayos sana kung mas respectful yung pakikitungo sa clients. Halos walang movement yung pila for a long time. Sana mas organized at respectful next time.",negative
2026-01-11,Female,42,Pasigueño,Pharmacy/medicine assistance,4,4,3,4,"Para sa screening process, hindi pabalik-balik kaya mabilis matapos yung transaction. Straightforward yung process at walang confusing na instruction. Sana ganito lagi yung serbisyo.",positive
2026-03-13,Female,70,City Government Employee,Medical consultation,3,4,4,4,Hindi ako kinailangang magtanong nang paulit-ulit. Professional kausap yung staff at mahinahon sumagot. Sana ganito lagi yung serbisyo.,positive
2026-06-22,Female,34,Pasigueño,TB/DOTS consultation,3,4,2,3,"Okay lang naman yung process. Maayos kausap yung staff. Siguro ang pwede lang ayusin, kulang lang ng mas malinaw na signage. Sana mas mabilis nang kaunti sa susunod.",neutral
2026-03-19,Female,37,City Government Employee,Pharmacy/medicine assistance,3,3,2,3,"Nagawa naman yung kailangan ko. Okay naman yung flow kapag ikaw na yung nasa counter, pero medyo mahina yung boses sa pagtawag ng number. Okay naman basta may konting improvement.",neutral
2026-07-14,Female,58,Pasigueño,Wound care/dressing,2,3,4,3,"Okay naman overall, may ilang minor issue lang. Okay naman yung customer handling. Siguro ang pwede lang ayusin, may ilang minuto na walang gumagalaw sa pila. Fair lang yung rating ko.",neutral
2026-03-19,Female,68,Pasigueño,Wound care/dressing,3,4,3,4,"Nung nag-process ako ng dental service, mabilis nila na-process yung request ko. Clear yung directions at hindi ako nalito sa process. Wala akong reklamo sa naging service.",positive
2026-03-30,Male,37,Pasigueño,Referral assistance,1,1,2,1,"Para sa DOTS service, hindi helpful yung sagot at itinuro lang ako sa ibang counter. Hindi organized yung queue kaya mas humaba yung paghihintay. Please improve the process and client handling.",negative
2026-07-28,Female,65,Pasigueño,Nutrition counseling,2,1,1,1,Mas matagal at mas magulo kaysa sa inaasahan ko. Walang malinaw na update kung bakit delayed yung transaction. Mas okay sana kung may malinaw na queue at proper guidance.,negative
2026-03-03,Female,45,Pasigueño,Maternal health consultation,1,1,2,1,Iba-iba yung instruction na nakuha ko sa bawat counter. Halos walang movement yung pila for a long time. Needs improvement talaga.,negative
2026-02-05,Female,64,Pasigueño,Laboratory request,2,4,3,3,"Maayos naman in general yung service. Organized naman yung pila, pero may ilang minuto na walang gumagalaw sa pila. Fair lang yung rating ko.",neutral
2026-06-03,Female,31,Pasigueño,Medical consultation,4,4,4,4,Courteous yung staff at malinaw makipag-usap. Maayos yung signage at guide kaya madaling sundan. Thank you sa maayos na pag-assist.,positive
2026-03-13,Male,31,City Government Employee,Referral assistance,1,1,1,1,Hindi patient mag-explain yung staff. Kulangan yung information tungkol sa requirements. Sana magkaroon ng clearer instructions at mas maayos na pila.,negative
2026-06-07,Male,40,City Government Employee,Maternal health consultation,1,1,2,1,"Sa treatment assistance mismo, walang malinaw na update kung bakit delayed yung transaction. Masyadong dismissive yung sagot sa concern ko.",negative
2026-03-08,Male,28,Pasigueño,Referral assistance,4,3,2,3,"Yung referral assistance ko, okay naman. Okay naman yung customer handling, although mas okay sana kung mas visible yung instructions. Sana lang mas maging consistent next time.",neutral
2026-06-24,Male,57,Pasigueño,Laboratory request,1,1,2,1,Hindi naging maayos yung experience ko. Walang malinaw na update kung bakit delayed yung transaction. Sana ayusin yung system para hindi maulit sa ibang client.,negative
2026-04-07,Male,56,Pasigueño,Maternal health consultation,3,4,3,4,Wala naman akong naging problema sa pag-process. Hindi ako pinaghintay nang matagal bago maasikaso. May initiative silang i-guide ako kung saan susunod.,positive
2026-02-28,Male,23,Pasigueño,Wound care/dressing,4,3,4,4,Nasagot nang maayos yung tanong ko tungkol sa requirements. Professional kausap yung staff at mahinahon sumagot. Okay na okay para sa akin.,positive
2026-07-05,Male,47,City Government Employee,Animal bite treatment,4,3,4,4,"Sa part ng pharmacy service, maayos naipaliwanag yung requirements bago ako pumila. Konti lang yung waiting time nung pumunta ako. Overall, satisfied ako.",positive
2026-02-10,Female,32,Pasigueño,Immunization/Vaccination,3,3,2,3,"Para sa consultation process, natapos naman nang maayos. Okay naman yung customer handling; hindi agad malinaw kung saan kukunin yung form lang. Sana mas mabilis nang kaunti sa susunod.",neutral
2026-08-02,Female,61,Pasigueño,Vital signs screening,3,3,4,4,Malinaw yung instructions kaya alam ko agad kung ano ang susunod. Professional kausap yung staff at mahinahon sumagot. Thank you sa maayos na pag-assist.,positive
2026-01-18,Female,31,City Government Employee,Maternal health consultation,4,3,4,4,Na-appreciate ko yung maayos na assistance. Maayos ang pila at mabilis yung galaw sa counter. Babalik ako nang hindi nag-aalala kung kailangan ulit.,positive
2026-04-10,Male,41,Pasigueño,Family planning consultation,2,3,4,3,"Nung nag-process ako ng dental consultation, natapos naman nang maayos. Organized naman yung pila; may konting kalituhan sa sequence ng pila lang. Overall okay pa rin naman.",neutral
2026-01-15,Female,49,Pasigueño,Laboratory request,3,4,4,4,Maayos at organized yung naging service. Maayos naipaliwanag yung requirements bago ako pumila. Very accommodating yung nag-assist sa akin. Babalik ako nang hindi nag-aalala kung kailangan ulit.,positive
2026-06-29,Male,60,Pasigueño,Maternal health consultation,1,2,2,2,Hindi consistent yung assistance at iba-iba yung sinasabi ng staff. Hindi visible yung process kaya kailangan pang magtanong nang paulit-ulit. Sana mabigyan ito ng action.,negative
2026-03-13,Male,49,City Government Employee,Family planning consultation,3,4,3,4,Clear yung directions at hindi ako nalito sa process. Maganda yung customer handling nila. Okay na okay para sa akin.,positive
2026-05-17,Female,43,Non-Pasigueño,Referral assistance,1,1,1,1,Hindi naging smooth yung pag-asikaso ko. Parang walang clear system sa pagtawag kaya mabagal ang pila. Kailangan pang pagbutihin yung client handling. Hindi dapat ganito katagal yung simpleng transaction.,negative
2026-05-17,Female,29,Pasigueño,Medical certificate,2,3,3,3,"Natapos naman yung transaction ko nang maayos. Sa part ng animal bite service, kailangan ko pang magtanong kung saan yung next counter, pero natapos din naman at organized naman yung pila. Okay naman basta may konting improvement.",neutral
2026-03-07,Female,32,Pasigueño,Maternal health consultation,2,1,2,2,Poor yung experience ko this time. Hindi maganda yung tono ng staff nung nagtanong ako. Kailangan talagang pagbutihin yung service.,negative
2026-04-12,Female,44,City Government Employee,Medical certificate,3,4,3,3,"Fair naman yung experience ko. Friendly naman yung nag-assist. Siguro ang pwede lang ayusin, medyo mabagal lang yung usad nung maraming tao. Sana lang mas maging consistent next time.",neutral
2026-08-06,Female,55,City Government Employee,Nutrition counseling,2,3,2,2,"Sa part ng DOTS consultation, hindi malinaw yung instructions kaya ilang beses akong nalito. Masyadong dismissive yung sagot sa concern ko.",negative
2026-02-20,Female,43,Pasigueño,Maternal health consultation,1,1,2,1,"Sa part ng maternal health service, paulit-ulit akong naghintay sa magkakaibang counter. Kailangan pang pagbutihin yung client handling. Hindi dapat ganito katagal yung simpleng transaction.",negative
2026-07-21,Female,41,City Government Employee,Family planning consultation,4,3,3,3,"Regarding sa medicine request, natapos naman nang maayos. Nakuha ko naman agad yung tamang form; medyo mahaba yung pila pero gumagalaw naman lang. Hindi naman siya malaking issue para sa akin.",neutral
2026-06-03,Female,33,Pasigueño,Laboratory request,4,3,3,3,"Nagawa naman yung kailangan ko. Organized naman yung pila. Siguro ang pwede lang ayusin, medyo mahaba yung pila pero gumagalaw naman. May konting inconvenience pero natapos din naman.",neutral
2026-02-21,Male,38,Pasigueño,Medical consultation,3,2,2,2,Parang walang willingness tumulong nung nalito ako sa process. Hindi straightforward yung process at maraming unnecessary na tanong. Mas okay sana kung may malinaw na queue at proper guidance.,negative
2026-01-13,Female,34,Pasigueño,Health card/clearance,4,4,3,4,Simple at understandable yung explanation ng process. Very accommodating yung nag-assist sa akin. Keep up the good service.,positive
2026-03-21,Male,39,Pasigueño,Health card/clearance,2,2,1,2,Hindi professional yung tono ng pakikipag-usap sa akin. Hindi straightforward yung process at maraming unnecessary na tanong. Sana magkaroon ng clearer instructions at mas maayos na pila.,negative
2026-02-16,Female,37,Pasigueño,TB/DOTS consultation,2,2,1,2,"Para sa pharmacy service, may kulang na requirement na saka lang sinabi nung nasa counter na ako. Hindi approachable yung nakausap ko sa counter.",negative
2026-04-28,Male,28,City Government Employee,Vital signs screening,3,2,3,3,"Neutral lang ako sa experience ko. Maayos kausap yung staff, pero may konting delay pero manageable naman. Overall okay pa rin naman.",neutral
2026-03-21,Female,54,Pasigueño,Pharmacy/medicine assistance,3,3,3,3,"Usual lang yung naging process. Helpful naman yung nasa counter. Siguro ang pwede lang ayusin, may konting delay pero manageable naman. Sakto lang, neither good nor bad.",neutral
2026-06-09,Male,37,Pasigueño,Medical consultation,3,3,4,3,"Acceptable naman yung service para sa akin. Maayos kausap yung staff, pero pwede pang mas mabilis yung process. Sakto lang, neither good nor bad.",neutral
2026-04-20,Male,46,Pasigueño,Medical consultation,3,4,2,3,"May good parts naman yung service pero may konting inconvenience. Para sa family planning service, kailangan ko pang magtanong kung saan yung next counter, pero natapos din naman at maayos naman yung pag-check ng documents. Hindi naman siya malaking issue para sa akin.",neutral
2026-07-12,Female,21,Pasigueño,Health card/clearance,1,1,2,1,"Sa vaccine process mismo, may kulang na requirement na saka lang sinabi nung nasa counter na ako. Hindi maganda yung tono ng staff nung nagtanong ako.",negative
2026-06-03,Female,29,Non-Pasigueño,Medical certificate,1,1,2,1,"Yung health clearance ko, naramdaman kong naiirita yung kausap ko nung nagtanong ulit ako. Halos walang movement yung pila for a long time. I hope maayos ito sa susunod.",negative
2026-03-04,Male,29,Pasigueño,Family planning consultation,2,2,2,2,May kulang na requirement na saka lang sinabi nung nasa counter na ako. Matagal bago may sumagot sa concern ko sa counter. Sana magkaroon ng clearer instructions at mas maayos na pila.,negative
2026-03-17,Female,23,Pasigueño,Wound care/dressing,4,3,3,4,"Nung nag-process ako ng referral process, very accommodating yung nag-assist sa akin. Maayos yung queue kaya hindi nakakainip yung paghihintay.",positive
2026-01-20,Female,64,Pasigueño,Health card/clearance,4,4,4,4,"Sa part ng certificate request, madaling sundan yung steps na sinabi sa akin. Mabilis umusad yung pila kahit may ibang clients. Nakakagaan kapag ganito kaayos yung serbisyo.",positive
2026-03-16,Male,33,Pasigueño,Nutrition counseling,3,3,2,3,"Decent naman yung naging service. Sa part ng referral process, pwede pang mas mabilis yung process, pero natapos din naman at helpful naman yung nasa counter. Okay naman basta may konting improvement.",neutral
2026-04-07,Male,34,Non-Pasigueño,Wound care/dressing,2,3,2,2,"Sa part ng lab request, sobrang haba ng process kumpara sa dapat sana. Naramdaman kong naiirita yung kausap ko nung nagtanong ulit ako. Needs improvement talaga.",negative
2026-08-08,Male,29,Non-Pasigueño,Maternal health consultation,3,2,2,2,Mas matagal at mas magulo kaysa sa inaasahan ko. Matagal bago may sumagot sa concern ko sa counter. Parang walang willingness tumulong nung nalito ako sa process. Hindi dapat ganito katagal yung simpleng transaction.,negative
2026-03-16,Female,43,Pasigueño,Family planning consultation,3,4,3,3,"Decent naman yung naging service. Medyo mahaba yung pila pero gumagalaw naman; kumpleto naman yung information na binigay naman kapag ako na yung inaasikaso. Nothing serious, pero noticeable lang.",neutral
2026-01-11,Male,40,Pasigueño,Vital signs screening,4,3,3,3,"Sa counseling session mismo, okay naman. Malinaw naman yung basic instructions, although hindi agad malinaw kung saan kukunin yung form. Sana lang mas maging consistent next time.",neutral
2026-04-03,Female,33,Pasigueño,Pharmacy/medicine assistance,1,2,2,2,Parang minamadali ako kahit hindi ko pa naiintindihan yung instruction. Hindi malinaw kung saan dapat pumila at saan magsisimula. Needs improvement talaga.,negative
2026-06-29,Male,27,Pasigueño,Dental consultation,2,1,2,2,"Nung nag-process ako ng wound dressing, hindi malinaw kung saan dapat pumila at saan magsisimula. Parang ayaw sumagot nung staff sa follow-up question ko.",negative
2026-01-07,Male,59,Pasigueño,Vital signs screening,2,2,1,2,"Hindi naging maayos yung experience ko. Mabagal na nga yung pila, ilang beses pa akong pinabalik sa ibang counter. Hindi visible yung process kaya kailangan pang magtanong nang paulit-ulit.",negative
2026-05-14,Male,40,Pasigueño,Dental consultation,2,3,3,3,"Acceptable naman yung service para sa akin. Medyo mahaba yung pila pero gumagalaw naman; malinaw naman yung basic instructions naman kapag ako na yung inaasikaso. Sakto lang, neither good nor bad.",neutral
2026-02-20,Female,30,Pasigueño,Pharmacy/medicine assistance,3,3,4,4,Mabilis akong nakapag-asikaso nung pumunta ako. Madaling sundan yung steps na sinabi sa akin. Hindi minadali yung pag-assist sa akin. Okay na okay para sa akin.,positive
2026-01-31,Female,61,Non-Pasigueño,Animal bite treatment,3,4,2,3,"Straightforward naman yung requirements at natapos naman yung kailangan ko. Ang napansin ko lang, may konting waiting time sa pagitan ng steps. May room for improvement pero acceptable naman.",neutral
2026-04-12,Female,35,Pasigueño,Referral assistance,3,2,2,2,"Para sa health clearance, hindi maayos yung signage kaya napunta ako sa maling pila. Parang ayaw sumagot nung staff sa follow-up question ko.",negative
2026-03-08,Female,32,City Government Employee,Animal bite treatment,2,2,3,2,Hindi helpful yung sagot at itinuro lang ako sa ibang counter. May kulang na requirement na saka lang sinabi nung nasa counter na ako. Sana ma-review yung workflow at customer service.,negative
2026-08-08,Female,26,Non-Pasigueño,Family planning consultation,1,1,1,1,Mas matagal at mas magulo kaysa sa inaasahan ko. Matagal bago may sumagot sa concern ko sa counter. Hindi malinaw kung saan dapat pumila at saan magsisimula.,negative
2026-05-08,Male,29,City Government Employee,Medical consultation,3,2,2,2,Walang malinaw na update kung bakit delayed yung transaction. Ang daming idle time sa pagitan ng bawat step. Sana mabigyan ito ng action.,negative
2026-04-06,Male,40,City Government Employee,Wound care/dressing,2,2,1,2,"Nung nag-process ako ng nutrition service, matagal akong nakaupo bago may nag-assist sa akin. Hindi helpful yung sagot at itinuro lang ako sa ibang counter. Needs improvement talaga.",negative
2026-01-20,Female,49,Pasigueño,Health card/clearance,4,4,3,4,Satisfied ako sa naging transaction ko. Nasagot nang maayos yung tanong ko tungkol sa requirements. Very accommodating yung nag-assist sa akin. Thank you sa maayos na pag-assist.,positive
2026-06-01,Male,38,Pasigueño,Medical certificate,4,3,2,3,Decent naman yung naging service. Kailangan ko pang magtanong kung saan yung next counter; maayos naman yung actual service naman kapag ako na yung inaasikaso. May konting inconvenience pero natapos din naman.,neutral
2026-05-03,Female,42,Pasigueño,TB/DOTS consultation,2,3,3,3,"Pwede pang mas mabilis yung process, pero kumpleto naman yung information na binigay naman. Okay naman basta may konting improvement.",neutral
2026-05-23,Female,36,Non-Pasigueño,Immunization/Vaccination,2,3,4,3,"Decent naman yung naging service. Medyo mahina yung boses sa pagtawag ng number; malinaw naman yung basic instructions naman kapag ako na yung inaasikaso. Nothing serious, pero noticeable lang.",neutral
2026-05-29,Female,34,Pasigueño,Maternal health consultation,3,4,3,3,Natapos naman yung transaction ko nang maayos. Kulang lang ng mas malinaw na signage; nakuha ko naman agad yung tamang form naman kapag ako na yung inaasikaso. Sana mas mabilis nang kaunti sa susunod.,neutral
2026-05-31,Female,34,Pasigueño,Pharmacy/medicine assistance,2,2,3,2,Hindi naging maayos yung experience ko. Ang bagal ng usad ng pila at walang malinaw na update. Kulangan yung information tungkol sa requirements.,negative
2026-05-19,Female,48,Pasigueño,TB/DOTS consultation,4,3,3,4,Okay na okay yung serbisyo para sa akin. Hindi gaanong mahaba ang hintayan at mabilis natawag ang number ko. Salamat sa maayos na assistance.,positive
2026-03-27,Female,52,Pasigueño,Dental consultation,4,4,3,4,Wala naman akong naging problema sa pag-process. Mabilis nila na-process yung request ko. Keep up the good service.,positive
2026-04-04,Male,38,Non-Pasigueño,Animal bite treatment,2,4,3,3,"Neutral lang ako sa experience ko. Friendly naman yung nag-assist. Siguro ang pwede lang ayusin, medyo matagal lang bago natawag yung number ko. May konting inconvenience pero natapos din naman.",neutral
2026-04-19,Male,65,Pasigueño,Family planning consultation,3,3,3,3,"Straightforward naman yung requirements at natapos naman yung kailangan ko. Ang napansin ko lang, hindi pare-pareho yung explanation na narinig ko sa dalawang counter. Nothing serious, pero noticeable lang.",neutral
2026-02-24,Male,32,Non-Pasigueño,Vital signs screening,4,4,4,3,"Para sa consultation, magalang at approachable yung staff na nakausap ko. Dire-diretso yung process kaya hindi nasayang yung oras ko.",positive
2026-06-09,Female,48,Non-Pasigueño,Laboratory request,4,4,3,4,"Para sa dressing service, mabilis yung checking ng requirements at tuloy-tuloy yung process. Maayos ang explanation kaya walang naging aberya. Nakakagaan kapag ganito kaayos yung serbisyo.",positive
2026-03-23,Female,23,Pasigueño,Maternal health consultation,4,3,3,3,"Sa medicine assistance mismo, kumpleto naman yung information na binigay, kaso medyo mahina yung boses sa pagtawag ng number. Manageable naman kaya okay lang.",neutral
2026-02-15,Male,39,Pasigueño,Wound care/dressing,2,1,1,1,"Sa dressing service mismo, hindi malinaw yung instructions na binigay sa akin sa simula. Hindi approachable yung nakausap ko sa counter.",negative
2026-07-31,Female,36,Pasigueño,TB/DOTS consultation,3,4,2,3,"Fair naman yung experience ko. Maayos kausap yung staff. Siguro ang pwede lang ayusin, mas okay sana kung mas visible yung instructions. Pwede pang ayusin nang konti yung flow.",neutral
2026-06-13,Female,26,Pasigueño,Laboratory request,4,3,4,4,Na-appreciate ko yung maayos na assistance. Kompleto yung information na binigay sa counter. Professional kausap yung staff at mahinahon sumagot. Sana ganito lagi yung serbisyo.,positive
2026-03-20,Male,45,Pasigueño,Laboratory request,3,3,4,4,Mabilis akong nakapag-asikaso nung pumunta ako. Hindi ako pinaghintay nang matagal bago maasikaso. Courteous yung staff at malinaw makipag-usap.,positive
2026-01-12,Female,46,Pasigueño,Laboratory request,2,2,3,2,"Sa medicine request mismo, may mga nauna kahit mas late silang dumating kaya nakakalito yung pila. Kailangan pang pagbutihin yung client handling. Needs improvement talaga.",negative
2026-01-14,Male,22,Pasigueño,Laboratory request,4,3,4,4,"Para sa maternal health consultation, maayos naipaliwanag yung requirements bago ako pumila. Maayos ang pila at mabilis yung galaw sa counter. Overall smooth at convenient.",positive
2026-04-20,Male,28,Pasigueño,Medical certificate,3,2,2,2,"Sa part ng nutrition service, naramdaman kong naiirita yung kausap ko nung nagtanong ulit ako. Sobrang tagal bago ako natawag kahit matagal na akong naghihintay. Hindi dapat ganito katagal yung simpleng transaction.",negative
2026-03-24,Male,40,Non-Pasigueño,Family planning consultation,2,4,3,3,"Okay naman overall, may ilang minor issue lang. Sa health clearance mismo, may konting kalituhan sa sequence ng pila, pero natapos din naman at Maayos kausap yung staff. Sakto lang, neither good nor bad.",neutral
2026-06-14,Female,67,Non-Pasigueño,Laboratory request,3,3,3,3,"Normal lang yung naging transaction ko, nothing special. Straightforward naman yung requirements. Siguro ang pwede lang ayusin, kailangan ko pang magtanong kung saan yung next counter. Sana lang mas maging consistent next time.",neutral
2026-03-26,Male,50,Pasigueño,Medical consultation,4,4,4,3,"Maganda yung customer handling nila. Kompleto yung information na binigay sa counter. Overall, satisfied ako.",positive
2026-01-28,Female,50,Pasigueño,Health card/clearance,3,3,3,3,"Maayos naman yung actual service at natapos naman yung kailangan ko. Ang napansin ko lang, medyo masikip lang sa waiting area. Sana lang mas maging consistent next time.",neutral
2026-01-05,Female,29,City Government Employee,Health card/clearance,2,3,4,3,"Yung maternal health consultation ko, okay naman. Maayos naman yung actual service, although kulang lang ng mas malinaw na signage. Okay naman basta may konting improvement.",neutral
2026-03-06,Female,40,Pasigueño,Pharmacy/medicine assistance,3,4,4,4,Satisfied ako sa naging transaction ko. Maayos naipaliwanag yung requirements bago ako pumila. Responsive yung staff kapag may clarification. Okay na okay para sa akin.,positive
2026-03-20,Male,52,Pasigueño,TB/DOTS consultation,4,4,3,4,"Nung nag-process ako ng DOTS consultation, straightforward yung process at walang confusing na instruction. Dire-diretso yung process kaya hindi nasayang yung oras ko. Keep up the good service.",positive
2026-05-12,Male,36,Pasigueño,Animal bite treatment,3,4,4,4,Pleasant naman yung naging experience ko. Maayos naipaliwanag yung requirements bago ako pumila. Maayos yung pakikitungo sa akin mula umpisa hanggang matapos. Sana ma-maintain yung ganitong sistema.,positive
2026-01-15,Male,56,Pasigueño,Wound care/dressing,2,3,4,3,"Neutral lang ako sa experience ko. Maayos naman yung pag-check ng documents, pero medyo mahaba yung pila pero gumagalaw naman. Okay naman basta may konting improvement.",neutral
2026-01-12,Male,34,Pasigueño,Animal bite treatment,4,3,2,3,"Regarding sa treatment assistance, natapos naman nang maayos. Okay naman yung customer handling; medyo matagal lang bago natawag yung number ko lang. May konting inconvenience pero natapos din naman.",neutral
2026-04-30,Female,32,Non-Pasigueño,Dental consultation,4,3,2,3,"Wala namang major problem sa transaction. Hindi pare-pareho yung explanation na narinig ko sa dalawang counter; Maayos kausap yung staff naman kapag ako na yung inaasikaso. Nothing serious, pero noticeable lang.",neutral
2026-02-23,Female,69,Non-Pasigueño,Medical consultation,2,4,3,3,"Wala namang major problem sa transaction. Okay naman yung customer handling. Siguro ang pwede lang ayusin, medyo matagal yung checking ng requirements. Pwede pang ayusin nang konti yung flow.",neutral
2026-03-09,Male,48,Pasigueño,Animal bite treatment,2,2,2,2,"Regarding sa animal bite service, walang maayos na direction kung ano yung next step. Hindi maayos yung pakikitungo nung humingi ako ng clarification.",negative
2026-01-23,Male,60,Pasigueño,Vital signs screening,4,4,4,4,Hindi ako kinailangang magtanong nang paulit-ulit. Friendly naman yung nasa counter at hindi nakaka-intimidate magtanong. Salamat sa maayos na assistance.,positive
2026-01-10,Female,34,Pasigueño,Medical certificate,3,2,2,2,Hindi ko nagustuhan yung naging flow ng service. Kailangan pang pagbutihin yung client handling. I hope maayos ito sa susunod.,negative
2026-04-21,Female,38,City Government Employee,Vital signs screening,3,3,2,3,"Okay naman yung customer handling at natapos naman yung kailangan ko. Ang napansin ko lang, may konting waiting time sa pagitan ng steps. Manageable naman kaya okay lang.",neutral
2026-03-08,Male,60,Pasigueño,Medical consultation,3,4,4,4,"Maayos at organized yung naging service. Mabilis yung checking ng requirements at tuloy-tuloy yung process. Okay yung attitude ng staff, polite at helpful.",positive
2026-04-18,Male,28,Pasigueño,Family planning consultation,3,2,2,2,Parang minamadali ako kahit hindi ko pa naiintindihan yung instruction. Iba-iba yung instruction na nakuha ko sa bawat counter. Mas okay sana kung may malinaw na queue at proper guidance.,negative
2026-04-24,Female,38,Pasigueño,Health card/clearance,3,4,2,3,"May good parts naman yung service pero may konting inconvenience. Okay naman yung customer handling. Siguro ang pwede lang ayusin, pwede pang mas mabilis yung process. Manageable naman kaya okay lang.",neutral
2026-03-14,Male,46,Pasigueño,Nutrition counseling,3,2,3,3,"Medyo mahina yung boses sa pagtawag ng number, pero nakuha ko naman agad yung tamang form naman. Overall okay pa rin naman.",neutral
2026-01-14,Female,44,Pasigueño,Animal bite treatment,3,4,3,4,Friendly naman yung nasa counter at hindi nakaka-intimidate magtanong. Maayos ang explanation kaya walang naging aberya. Sana ganito lagi yung serbisyo.,positive
2026-04-09,Female,54,Pasigueño,Nutrition counseling,3,4,4,4,Maayos at organized yung naging service. Maayos naipaliwanag yung requirements bago ako pumila. Courteous yung staff at malinaw makipag-usap. Nakakagaan kapag ganito kaayos yung serbisyo.,positive
2026-06-11,Female,49,Pasigueño,Nutrition counseling,3,4,4,4,"Regarding sa wound dressing, simple at understandable yung explanation ng process. Hindi gaanong mahaba ang hintayan at mabilis natawag ang number ko. Keep up the good service.",positive
2026-02-17,Female,40,Pasigueño,Referral assistance,2,1,1,1,Hindi helpful yung sagot at itinuro lang ako sa ibang counter. Kulang yung explanation kaya napabalik pa ako. Marami pang kailangang i-improve.,negative
2026-07-31,Male,59,Pasigueño,Laboratory request,1,2,2,2,Poor yung experience ko this time. Halos walang movement yung pila for a long time. Kulang sa courtesy yung naging assistance. Hindi dapat ganito katagal yung simpleng transaction.,negative
2026-08-10,Female,65,Pasigueño,Referral assistance,4,4,3,4,"Regarding sa maternal health service, mabilis umusad yung pila kahit may ibang clients. Maayos naipaliwanag yung requirements bago ako pumila. Thank you sa maayos na pag-assist.",positive
2026-06-25,Female,25,Non-Pasigueño,Medical consultation,4,3,2,3,"Regarding sa consultation, helpful naman yung nasa counter, kaso pwede pang mas mabilis yung process. May room for improvement pero acceptable naman.",neutral
2026-05-06,Male,30,Pasigueño,Vital signs screening,4,4,4,4,"Sa medicine request mismo, mabilis nila na-process yung request ko. Simple at understandable yung explanation ng process. Nakakagaan kapag ganito kaayos yung serbisyo.",positive
2026-06-19,Female,44,Pasigueño,Dental consultation,1,1,1,1,"Regarding sa dental service, iba-iba yung instruction na nakuha ko sa bawat counter. Naramdaman kong naiirita yung kausap ko nung nagtanong ulit ako.",negative
2026-01-24,Male,36,Pasigueño,Immunization/Vaccination,2,2,2,2,Hindi malinaw yung instructions na binigay sa akin sa simula. Ang bagal ng usad ng pila at walang malinaw na update. Please improve the process and client handling.,negative
2026-04-21,Female,29,Non-Pasigueño,Family planning consultation,4,3,3,4,"Para sa wound care, dire-diretso yung process kaya hindi nasayang yung oras ko. Clear yung directions at hindi ako nalito sa process. Keep up the good service.",positive
2026-04-02,Male,36,Non-Pasigueño,Medical certificate,2,1,1,1,Maraming naging aberya sa pag-process ko. Iba-iba yung instruction na nakuha ko sa bawat counter. Sana ayusin yung system para hindi maulit sa ibang client.,negative
2026-03-07,Male,30,Pasigueño,Vital signs screening,3,3,4,3,"Maayos kausap yung staff at natapos naman yung kailangan ko. Ang napansin ko lang, may ilang minuto na walang gumagalaw sa pila. May konting inconvenience pero natapos din naman.",neutral
2026-02-11,Male,42,Pasigueño,Pharmacy/medicine assistance,3,3,3,3,"Friendly naman yung nag-assist at natapos naman yung kailangan ko. Ang napansin ko lang, kulang lang ng mas malinaw na signage. Pwede pang ayusin nang konti yung flow.",neutral
2026-04-27,Male,30,Pasigueño,Medical consultation,3,4,3,4,Happy naman ako sa naging assistance. Mabilis umusad yung pila kahit may ibang clients. Okay na okay para sa akin.,positive
2026-04-21,Female,38,City Government Employee,TB/DOTS consultation,2,2,2,2,May mga bagay sa service na kailangan talagang ayusin. Hindi efficient yung flow kaya nasayang yung oras ko. Hindi professional yung tono ng pakikipag-usap sa akin. Sana magkaroon ng clearer instructions at mas maayos na pila.,negative
2026-04-03,Female,40,City Government Employee,Animal bite treatment,3,3,4,3,"Average lang yung experience ko. Para sa bite treatment process, may konting delay pero manageable naman, pero natapos din naman at kumpleto naman yung information na binigay. Pwede pang ayusin nang konti yung flow.",neutral
2026-01-28,Male,25,Pasigueño,Health card/clearance,2,2,1,2,Nahirapan ako sa naging proseso. May kulang na requirement na saka lang sinabi nung nasa counter na ako. Sana mabigyan ito ng action.,negative
2026-06-08,Female,28,Pasigueño,Nutrition counseling,4,4,4,4,Simple at understandable yung explanation ng process. Responsive yung staff kapag may clarification. Nakakagaan kapag ganito kaayos yung serbisyo.,positive
2026-05-10,Male,44,Pasigueño,Dental consultation,2,2,2,2,Naramdaman kong naiirita yung kausap ko nung nagtanong ulit ako. Hindi straightforward yung process at maraming unnecessary na tanong. Please improve the process and client handling.,negative
2026-07-21,Male,53,Pasigueño,Laboratory request,3,3,4,4,Hindi minadali yung pag-assist sa akin. Straightforward yung process at walang confusing na instruction. Wala akong reklamo sa naging service.,positive
2026-05-13,Female,68,Pasigueño,Medical certificate,2,3,2,2,Hindi naging smooth yung pag-asikaso ko. Walang maayos na direction kung ano yung next step. I hope maayos ito sa susunod.,negative
2026-05-18,Female,41,Non-Pasigueño,Medical certificate,3,4,3,3,"Nung nag-process ako ng certificate request, nasagot naman yung tanong ko, kaso hindi agad malinaw kung saan kukunin yung form. Pwede pang ayusin nang konti yung flow.",neutral
2026-04-25,Female,40,Pasigueño,Medical consultation,3,3,3,3,Nakuha ko naman yung kailangan ko. Medyo mabagal lang yung usad nung maraming tao; helpful naman yung nasa counter naman kapag ako na yung inaasikaso. May room for improvement pero acceptable naman.,neutral
2026-08-09,Male,29,Pasigueño,Animal bite treatment,1,1,2,1,Medyo frustrating yung naging proseso. Hindi patient mag-explain yung staff. Sana mas organized at respectful next time.,negative
2026-01-11,Female,61,Pasigueño,Wound care/dressing,1,2,2,2,"Sa dressing service mismo, hindi straightforward yung process at maraming unnecessary na tanong. Hindi patient mag-explain yung staff.",negative
2026-02-16,Male,53,Pasigueño,Medical consultation,2,3,2,2,Hindi okay para sa akin yung naging service. Hindi maayos yung pakikitungo nung humingi ako ng clarification. Sana ma-review yung workflow at customer service.,negative
2026-07-19,Male,54,Pasigueño,Medical certificate,2,2,2,2,Poor yung experience ko this time. Masyadong mahaba yung waiting time para sa simpleng transaction. Kulangan yung information tungkol sa requirements.,negative
2026-07-24,Female,30,City Government Employee,Medical consultation,2,1,1,1,Walang maayos na direction kung ano yung next step. Ang tagal ng checking kahit kumpleto naman yung dala ko. Kailangan talagang pagbutihin yung service.,negative
2026-04-13,Female,31,Pasigueño,Health card/clearance,2,2,2,2,Disappointed ako sa naging transaction. Hindi straightforward yung process at maraming unnecessary na tanong. Needs improvement talaga.,negative
2026-04-02,Male,35,Non-Pasigueño,Family planning consultation,4,4,4,3,Happy naman ako sa naging assistance. Madaling sundan yung steps na sinabi sa akin. Friendly naman yung nasa counter at hindi nakaka-intimidate magtanong. Thank you sa maayos na pag-assist.,positive
2026-03-24,Female,47,Pasigueño,Animal bite treatment,4,3,4,4,Mabilis akong nakapag-asikaso nung pumunta ako. Efficient yung pila at hindi magulo yung tawagan. Sana ganito lagi yung serbisyo.,positive
2026-07-26,Female,24,City Government Employee,Medical consultation,2,3,3,3,"Sa consultation process mismo, okay naman. Friendly naman yung nag-assist, although medyo matagal yung checking ng requirements. Sakto lang, neither good nor bad.",neutral
2026-07-22,Male,60,Pasigueño,Medical consultation,4,3,4,4,"Regarding sa lab request, malinaw yung instructions kaya alam ko agad kung ano ang susunod. Konti lang yung waiting time nung pumunta ako. Salamat sa maayos na assistance.",positive
2026-07-29,Female,47,City Government Employee,Health card/clearance,4,3,2,3,"Fair naman yung experience ko. Yung pagpapatingin ko, may ilang minuto na walang gumagalaw sa pila, pero natapos din naman at organized naman yung pila. May room for improvement pero acceptable naman.",neutral
2026-02-27,Female,56,Non-Pasigueño,Family planning consultation,3,3,2,3,"Yung referral process ko, maayos naman yung actual service, kaso mas okay sana kung mas visible yung instructions. May room for improvement pero acceptable naman.",neutral
2026-07-04,Female,46,Pasigueño,Wound care/dressing,2,1,1,1,Poor yung experience ko this time. Hindi malinaw yung instructions kaya ilang beses akong nalito. Sana mas organized at respectful next time.,negative
2026-03-21,Male,65,Pasigueño,Medical consultation,1,1,1,1,"Para sa vaccine process, walang maayos na direction kung ano yung next step. Hindi consistent yung assistance at iba-iba yung sinasabi ng staff.",negative
2026-02-08,Female,42,Pasigueño,Laboratory request,3,3,3,3,"Sa part ng maternal health service, Maayos kausap yung staff, kaso medyo matagal lang bago natawag yung number ko. May konting inconvenience pero natapos din naman.",neutral
2026-05-21,Female,42,Non-Pasigueño,Referral assistance,3,4,3,4,"Regarding sa dressing service, kompleto yung information na binigay sa counter. Hindi gaanong mahaba ang hintayan at mabilis natawag ang number ko. Overall smooth at convenient.",positive
2026-07-06,Female,42,City Government Employee,Immunization/Vaccination,4,4,4,3,Wala naman akong naging problema sa pag-process. Clear yung directions at hindi ako nalito sa process. Professional kausap yung staff at mahinahon sumagot. Okay na okay para sa akin.,positive
2026-02-16,Female,42,Pasigueño,Family planning consultation,2,2,1,2,Parang minamadali ako kahit hindi ko pa naiintindihan yung instruction. Walang maayos na direction kung ano yung next step. Sana ma-review yung workflow at customer service.,negative
2026-02-26,Female,35,Pasigueño,Vital signs screening,4,4,4,4,Maayos ang explanation kaya walang naging aberya. Maayos yung pakikitungo sa akin mula umpisa hanggang matapos. Keep up the good service.,positive
2026-06-02,Male,43,Pasigueño,Family planning consultation,3,3,4,3,"Para sa counseling session, natapos naman nang maayos. Friendly naman yung nag-assist; mas okay sana kung mas visible yung instructions lang. Sakto lang, neither good nor bad.",neutral
2026-04-27,Male,45,Pasigueño,TB/DOTS consultation,1,1,2,1,"Nung nag-process ako ng nutrition counseling, hindi maayos yung signage kaya napunta ako sa maling pila. Kailangan pang pagbutihin yung client handling.",negative
2026-04-10,Male,34,Pasigueño,TB/DOTS consultation,1,1,1,1,"Sa part ng lab request, hindi organized yung queue kaya mas humaba yung paghihintay. Hindi maganda yung tono ng staff nung nagtanong ako. Sana magkaroon ng clearer instructions at mas maayos na pila.",negative
2026-06-24,Male,61,Pasigueño,Nutrition counseling,3,3,2,3,"Sa counseling session mismo, natapos naman nang maayos. Maayos naman yung actual service; may konting waiting time sa pagitan ng steps lang. May konting inconvenience pero natapos din naman.",neutral
2026-02-10,Female,43,Pasigueño,Maternal health consultation,4,4,3,4,Maaga akong natapos kaya okay yung experience ko. Hindi ako pinaghintay nang matagal bago maasikaso. May initiative silang i-guide ako kung saan susunod.,positive
2026-03-31,Male,56,Non-Pasigueño,Vital signs screening,4,3,3,4,Professional kausap yung staff at mahinahon sumagot. Clear yung directions at hindi ako nalito sa process. Thank you sa maayos na pag-assist.,positive
2026-01-17,Male,63,Non-Pasigueño,Medical certificate,4,4,3,4,"Regarding sa pagpapatingin, efficient yung pila at hindi magulo yung tawagan. Clear yung directions at hindi ako nalito sa process. Sana ganito lagi yung serbisyo.",positive
2026-01-23,Male,43,City Government Employee,Animal bite treatment,2,3,3,3,"Medyo mahaba yung pila pero gumagalaw naman, pero organized naman yung pila naman. Sana mas mabilis nang kaunti sa susunod.",neutral
2026-07-22,Male,48,Pasigueño,Dental consultation,3,4,4,4,Sulit yung pagpunta ko dahil mabilis natapos yung kailangan ko. Kompleto yung information na binigay sa counter. Professional kausap yung staff at mahinahon sumagot. Overall smooth at convenient.,positive
2026-02-07,Female,28,Pasigueño,Pharmacy/medicine assistance,2,1,2,2,Maraming naging aberya sa pag-process ko. Hindi malinaw yung instructions kaya ilang beses akong nalito. Please improve the process and client handling.,negative
2026-03-29,Female,38,Pasigueño,Pharmacy/medicine assistance,2,1,2,2,Stressful yung naging transaction ko. Ang daming idle time sa pagitan ng bawat step. Hindi malinaw kung saan dapat pumila at saan magsisimula.,negative
2026-01-28,Female,66,Pasigueño,Vital signs screening,4,3,4,4,"Yung consultation process ko, patient mag-explain yung staff kahit may follow-up questions ako. Mabilis nila na-process yung request ko.",positive
2026-07-01,Male,42,Pasigueño,Health card/clearance,4,4,3,4,"Yung dental consultation ko, hindi gaanong mahaba ang hintayan at mabilis natawag ang number ko. Nasagot nang maayos yung tanong ko tungkol sa requirements. Good job sa staff.",positive
2026-04-23,Female,52,Pasigueño,Pharmacy/medicine assistance,4,4,4,4,"Nung nag-process ako ng consultation process, madaling sundan yung steps na sinabi sa akin. Mabilis yung checking ng requirements at tuloy-tuloy yung process. Wala akong reklamo sa naging service.",positive
2026-05-24,Male,42,Pasigueño,Vital signs screening,1,1,1,1,Hindi ko nagustuhan yung naging flow ng service. Dapat mas malinaw yung listahan ng kailangan bago pumila. Sana mas organized at respectful next time.,negative
2026-02-20,Female,71,Non-Pasigueño,Wound care/dressing,2,3,4,3,Fair naman yung experience ko. Medyo masikip lang sa waiting area; okay naman yung flow kapag ikaw na yung nasa counter naman kapag ako na yung inaasikaso. Overall okay pa rin naman.,neutral
2026-08-02,Female,33,Non-Pasigueño,Referral assistance,2,3,4,3,"Okay naman yung customer handling at natapos naman yung kailangan ko. Ang napansin ko lang, medyo mahaba yung pila pero gumagalaw naman. Fair lang yung rating ko.",neutral
2026-05-24,Female,57,Pasigueño,Vital signs screening,1,2,2,2,Hindi ko nagustuhan yung naging flow ng service. Ang tagal ng checking kahit kumpleto naman yung dala ko. Hindi straightforward yung process at maraming unnecessary na tanong.,negative
2026-01-06,Male,42,Non-Pasigueño,Laboratory request,2,1,2,2,"Regarding sa medicine request, parang walang willingness tumulong nung nalito ako sa process. Masyadong mahaba yung waiting time para sa simpleng transaction. Sana ayusin yung system para hindi maulit sa ibang client.",negative
2026-03-09,Male,65,Pasigueño,Laboratory request,2,1,2,2,Disappointed ako sa naging transaction. Parang minamadali ako kahit hindi ko pa naiintindihan yung instruction. Needs improvement talaga.,negative
2026-03-04,Male,37,City Government Employee,Family planning consultation,1,2,2,2,Hindi maganda yung tono ng staff nung nagtanong ako. Kulangan yung information tungkol sa requirements. Needs improvement talaga.,negative
2026-06-08,Female,41,Pasigueño,TB/DOTS consultation,2,2,1,2,"Hindi ako satisfied sa naging assistance. Mabagal na nga yung pila, ilang beses pa akong pinabalik sa ibang counter. Walang maayos na direction kung ano yung next step.",negative
2026-08-04,Male,36,Pasigueño,Immunization/Vaccination,3,4,4,4,Naging convenient yung process para sa akin. Dire-diretso yung process kaya hindi nasayang yung oras ko. Babalik ako nang hindi nag-aalala kung kailangan ulit.,positive
2026-06-06,Male,45,Non-Pasigueño,TB/DOTS consultation,4,4,3,4,Maganda yung naging proseso from start to finish. Sakto lang yung waiting time at mabilis yung actual transaction. Patient mag-explain yung staff kahit may follow-up questions ako.,positive
2026-07-19,Male,48,Pasigueño,Medical certificate,2,3,2,2,"Nung nag-process ako ng vaccine process, walang malinaw na update kung bakit delayed yung transaction. Parang ayaw sumagot nung staff sa follow-up question ko.",negative
2026-05-13,Male,67,Pasigueño,Nutrition counseling,3,4,2,3,"May ilang minuto na walang gumagalaw sa pila, pero maayos naman yung pag-check ng documents naman. Sana lang mas maging consistent next time.",neutral
2026-06-07,Female,24,Pasigueño,Dental consultation,3,2,2,2,"Para sa dental service, hindi malinaw yung instructions kaya ilang beses akong nalito. Hindi professional yung tono ng pakikipag-usap sa akin.",negative
2026-06-11,Male,27,Pasigueño,Medical consultation,3,4,3,4,Madaling sundan yung steps na sinabi sa akin. Patient mag-explain yung staff kahit may follow-up questions ako. Good job sa staff.,positive
2026-03-06,Male,49,Pasigueño,Family planning consultation,1,2,2,2,Poor yung experience ko this time. Confusing yung sequence ng steps. Marami pang kailangang i-improve.,negative
2026-05-09,Female,30,Pasigueño,TB/DOTS consultation,4,3,4,4,Satisfied ako sa naging transaction ko. Madaling sundan yung steps na sinabi sa akin. Tinulungan ako agad nung hindi ko alam yung next step. Sana ma-maintain yung ganitong sistema.,positive
2026-01-18,Female,33,Pasigueño,Referral assistance,4,4,4,3,Naging convenient yung process para sa akin. Maayos naipaliwanag yung requirements bago ako pumila. Friendly naman yung nasa counter at hindi nakaka-intimidate magtanong. Salamat sa maayos na assistance.,positive
2026-07-13,Male,45,Pasigueño,Family planning consultation,4,3,3,4,Happy naman ako sa naging assistance. Nasunod naman agad yung sequence ng pila. Keep up the good service.,positive
2026-06-17,Male,33,City Government Employee,Wound care/dressing,3,3,3,3,"Sa part ng pagpapa-dental, natapos naman nang maayos. Hindi naman ako pinabalik para sa kulang na requirement; kulang lang ng mas malinaw na signage lang. Sana mas mabilis nang kaunti sa susunod.",neutral
2026-07-21,Female,38,Pasigueño,Vital signs screening,4,4,4,3,Simple at understandable yung explanation ng process. Friendly naman yung nasa counter at hindi nakaka-intimidate magtanong. Overall smooth at convenient.,positive
2026-01-27,Male,54,Pasigueño,Animal bite treatment,3,3,2,3,"Acceptable naman yung service para sa akin. Yung medicine request ko, medyo mabagal lang yung usad nung maraming tao, pero natapos din naman at organized naman yung pila. Sana lang mas maging consistent next time.",neutral
2026-02-06,Female,34,Pasigueño,Referral assistance,2,4,3,3,"Normal lang yung naging transaction ko, nothing special. Nung nag-process ako ng request para sa laboratory, medyo mahaba yung pila pero gumagalaw naman, pero natapos din naman at okay naman yung flow kapag ikaw na yung nasa counter. Overall okay pa rin naman.",neutral
2026-06-30,Male,51,Non-Pasigueño,Nutrition counseling,2,2,3,2,"Nung nag-process ako ng screening, kulang yung explanation kaya napabalik pa ako. Hindi consistent yung assistance at iba-iba yung sinasabi ng staff.",negative
2026-06-08,Female,54,Pasigueño,Medical certificate,4,3,3,4,Tinulungan ako agad nung hindi ko alam yung next step. Alam ko agad kung saan pupunta dahil malinaw yung instructions. Sana ganito lagi yung serbisyo.,positive
2026-03-21,Female,42,Pasigueño,Referral assistance,4,3,4,4,Okay na okay yung serbisyo para sa akin. Mabilis umusad yung pila kahit may ibang clients. Magalang at approachable yung staff na nakausap ko.,positive
2026-07-18,Female,58,Pasigueño,Medical consultation,3,2,2,2,"Regarding sa clearance request, mas maayos sana kung mas respectful yung pakikitungo sa clients. Ang bagal ng usad ng pila at walang malinaw na update. Sana mas organized at respectful next time.",negative
2026-04-22,Male,29,Pasigueño,Laboratory request,4,3,2,3,"Hindi naman bad, pero may pwede pang ayusin. Straightforward naman yung requirements. Siguro ang pwede lang ayusin, hindi agad malinaw kung saan kukunin yung form. Overall okay pa rin naman.",neutral
2026-04-10,Male,52,City Government Employee,Vital signs screening,1,2,1,1,Disappointed ako sa naging transaction. Matagal bago may sumagot sa concern ko sa counter. Hindi straightforward yung process at maraming unnecessary na tanong.,negative
2026-03-15,Male,37,City Government Employee,Laboratory request,2,3,3,3,"Decent naman yung naging service. Maayos kausap yung staff, pero may konting waiting time sa pagitan ng steps. Sana mas mabilis nang kaunti sa susunod.",neutral
2026-03-15,Female,59,Pasigueño,Family planning consultation,2,3,2,2,"Regarding sa consultation, halos walang movement yung pila for a long time. Hindi professional yung tono ng pakikipag-usap sa akin. Marami pang kailangang i-improve.",negative
2026-05-25,Female,39,Pasigueño,Maternal health consultation,3,3,4,3,"Okay naman yung customer handling at natapos naman yung kailangan ko. Ang napansin ko lang, may konting kalituhan sa sequence ng pila. Sana lang mas maging consistent next time.",neutral
2026-01-05,Female,34,Non-Pasigueño,Vital signs screening,4,3,3,4,Maayos at organized yung naging service. Dire-diretso yung process kaya hindi nasayang yung oras ko. Sana ma-maintain yung ganitong sistema.,positive
2026-01-31,Male,61,Pasigueño,Nutrition counseling,4,3,2,3,"Kulang lang ng mas malinaw na signage, pero kumpleto naman yung information na binigay naman. Sana lang mas maging consistent next time.",neutral
2026-05-14,Female,60,Pasigueño,Maternal health consultation,3,3,3,3,"Sa part ng maternal health service, okay naman. Hindi naman ako pinabalik para sa kulang na requirement, although may konting waiting time sa pagitan ng steps. Pwede pang ayusin nang konti yung flow.",neutral
2026-05-22,Male,58,Pasigueño,Maternal health consultation,2,2,1,2,Parang ayaw sumagot nung staff sa follow-up question ko. Iba-iba yung instruction na nakuha ko sa bawat counter. Sana mabigyan ito ng action.,negative
2026-07-30,Female,40,Pasigueño,Referral assistance,2,1,1,1,Hindi naging convenient yung transaction ko. Kulang sa courtesy yung naging assistance. Hindi dapat ganito katagal yung simpleng transaction.,negative
2026-06-12,Male,23,Pasigueño,Dental consultation,3,3,4,3,"Okay lang naman yung process. Regarding sa DOTS consultation, pwede pang mas mabilis yung process, pero natapos din naman at nasagot naman yung tanong ko. Manageable naman kaya okay lang.",neutral
2026-08-04,Male,33,Pasigueño,Vital signs screening,1,1,2,1,Sana ma-review yung process kasi nahirapan talaga ako. Halos walang movement yung pila for a long time. Parang minamadali ako kahit hindi ko pa naiintindihan yung instruction. Kailangan talagang pagbutihin yung service.,negative
2026-08-06,Female,33,City Government Employee,Referral assistance,3,3,4,3,"Para sa nutrition counseling, natapos naman nang maayos. Helpful naman yung nasa counter; may konting delay sa pila lang. Sana mas mabilis nang kaunti sa susunod.",neutral
2026-05-19,Male,31,Pasigueño,Wound care/dressing,1,2,2,2,Stressful yung naging transaction ko. Matagal akong nakaupo bago may nag-assist sa akin. Walang maayos na direction kung ano yung next step.,negative
2026-06-30,Female,26,Pasigueño,Health card/clearance,4,3,2,3,"Sa consultation process mismo, okay naman. Hindi naman ako pinabalik para sa kulang na requirement, although medyo masikip lang sa waiting area. Hindi naman siya malaking issue para sa akin.",neutral
2026-02-13,Female,52,Non-Pasigueño,Medical certificate,2,3,4,3,"Nakuha ko naman agad yung tamang form at natapos naman yung kailangan ko. Ang napansin ko lang, may konting delay sa pila. Okay naman basta may konting improvement.",neutral
2026-02-12,Male,40,City Government Employee,Immunization/Vaccination,3,2,2,2,"Para sa immunization, pinaghintay ako nang matagal nang walang explanation kung bakit. Hindi consistent yung assistance at iba-iba yung sinasabi ng staff. Sana magkaroon ng clearer instructions at mas maayos na pila.",negative
2026-07-22,Female,45,Pasigueño,Wound care/dressing,1,1,1,1,"Yung consultation process ko, paulit-ulit akong naghintay sa magkakaibang counter. Hindi consistent yung assistance at iba-iba yung sinasabi ng staff. Hindi dapat ganito katagal yung simpleng transaction.",negative
2026-02-13,Male,31,City Government Employee,Pharmacy/medicine assistance,3,3,3,3,"May good parts naman yung service pero may konting inconvenience. Maayos naman yung pag-check ng documents. Siguro ang pwede lang ayusin, may konting delay pero manageable naman. Sana lang mas maging consistent next time.",neutral
2026-03-06,Male,44,Pasigueño,Family planning consultation,2,3,4,3,"Friendly naman yung nag-assist at natapos naman yung kailangan ko. Ang napansin ko lang, mas okay sana kung mas visible yung instructions. Manageable naman kaya okay lang.",neutral
2026-01-07,Male,43,City Government Employee,Medical certificate,3,4,4,4,Wala naman akong naging problema sa pag-process. Clear yung directions at hindi ako nalito sa process. Magalang at approachable yung staff na nakausap ko. Sana ma-maintain yung ganitong sistema.,positive
2026-07-09,Female,53,City Government Employee,Vital signs screening,4,3,3,3,"Okay naman overall, may ilang minor issue lang. Okay naman yung flow kapag ikaw na yung nasa counter, pero may konting kalituhan sa sequence ng pila. Nothing serious, pero noticeable lang.",neutral
2026-07-23,Male,37,Pasigueño,Wound care/dressing,4,4,4,4,"Regarding sa family planning consultation, kompleto yung information na binigay sa counter. Nasunod naman agad yung sequence ng pila. Nakakagaan kapag ganito kaayos yung serbisyo.",positive
2026-05-01,Male,32,Pasigueño,Wound care/dressing,4,4,4,3,Maayos yung naging experience ko today. Maayos ang explanation kaya walang naging aberya. Very accommodating yung nag-assist sa akin. Salamat sa maayos na assistance.,positive
2026-07-24,Female,37,Pasigueño,Dental consultation,2,2,3,2,"Nung nag-process ako ng pagpapa-dental, parang walang clear system sa pagtawag kaya mabagal ang pila. Parang ayaw sumagot nung staff sa follow-up question ko. Sana magkaroon ng clearer instructions at mas maayos na pila.",negative
2026-02-15,Female,36,Pasigueño,Dental consultation,3,3,2,3,"Average lang yung experience ko. Nakuha ko naman agad yung tamang form, pero pwede pang mas mabilis yung process. Sakto lang, neither good nor bad.",neutral
2026-03-07,Female,24,Pasigueño,Immunization/Vaccination,3,4,3,3,"Sa medical certificate mismo, natapos naman nang maayos. Nakuha ko naman agad yung tamang form; medyo matagal lang bago natawag yung number ko lang. May konting inconvenience pero natapos din naman.",neutral
2026-07-28,Female,33,Non-Pasigueño,Health card/clearance,4,3,3,4,Ayos yung flow ng transaction ko. Nasunod naman agad yung sequence ng pila. Nakakagaan kapag ganito kaayos yung serbisyo.,positive
2026-07-17,Male,28,Pasigueño,Pharmacy/medicine assistance,4,3,3,4,"Sa part ng pagpapatingin, malinaw yung instructions kaya alam ko agad kung ano ang susunod. Hindi ako pinaghintay nang matagal bago maasikaso. Sana ganito lagi yung serbisyo.",positive
2026-03-06,Female,36,Non-Pasigueño,Health card/clearance,4,4,3,4,Satisfied ako sa naging transaction ko. Malinaw yung instructions kaya alam ko agad kung ano ang susunod. Friendly naman yung nasa counter at hindi nakaka-intimidate magtanong. Overall smooth at convenient.,positive
2026-07-11,Male,31,Pasigueño,TB/DOTS consultation,3,4,2,3,"May konting kalituhan sa sequence ng pila, pero straightforward naman yung requirements naman. Nothing serious, pero noticeable lang.",neutral
2026-02-13,Female,47,Pasigueño,TB/DOTS consultation,4,3,4,4,Mabilis akong nakapag-asikaso nung pumunta ako. Maayos yung queue kaya hindi nakakainip yung paghihintay. Keep up the good service.,positive
2026-03-02,Female,49,Pasigueño,TB/DOTS consultation,3,4,4,4,"Yung maternal health service ko, may initiative silang i-guide ako kung saan susunod. Hindi ako pinaghintay nang matagal bago maasikaso.",positive
2026-05-15,Male,45,Pasigueño,TB/DOTS consultation,2,3,2,2,Hindi ako satisfied sa naging assistance. Mas maayos sana kung mas respectful yung pakikitungo sa clients. I hope maayos ito sa susunod.,negative
2026-06-27,Male,49,Pasigueño,Medical certificate,4,3,3,3,"Sa part ng laboratory request, maayos naman yung pag-check ng documents, kaso kulang lang ng mas malinaw na signage. May room for improvement pero acceptable naman.",neutral
2026-06-26,Female,42,Pasigueño,Health card/clearance,2,2,3,2,Hindi ko nagustuhan yung naging flow ng service. Kulang yung explanation kaya napabalik pa ako. Marami pang kailangang i-improve.,negative
2026-02-08,Male,36,Pasigueño,Nutrition counseling,4,4,3,4,"Maayos ang explanation kaya walang naging aberya. Okay yung attitude ng staff, polite at helpful. Babalik ako nang hindi nag-aalala kung kailangan ulit.",positive
2026-06-28,Female,42,City Government Employee,Family planning consultation,4,3,4,4,"Sa immunization mismo, simple at understandable yung explanation ng process. Maayos ang pila at mabilis yung galaw sa counter. Okay na okay para sa akin.",positive
2026-07-14,Male,31,Pasigueño,Vital signs screening,2,3,3,3,"Maayos naman yung pag-check ng documents at natapos naman yung kailangan ko. Ang napansin ko lang, hindi agad malinaw kung saan kukunin yung form. Sana lang mas maging consistent next time.",neutral
2026-01-12,Female,62,Non-Pasigueño,Pharmacy/medicine assistance,2,3,2,2,"Sa health card process mismo, ang tagal ng checking kahit kumpleto naman yung dala ko. Hindi maganda yung tono ng staff nung nagtanong ako. Sana ma-review yung workflow at customer service.",negative
2026-08-09,Male,58,Pasigueño,Vital signs screening,4,4,3,4,"Sa medicine assistance mismo, mabilis umusad yung pila kahit may ibang clients. Kompleto yung information na binigay sa counter. Nakakagaan kapag ganito kaayos yung serbisyo.",positive
2026-01-13,Female,32,Pasigueño,TB/DOTS consultation,2,2,2,2,"Nung nag-process ako ng vital signs check, parang ayaw sumagot nung staff sa follow-up question ko. Matagal bago may sumagot sa concern ko sa counter. Kailangan talagang pagbutihin yung service.",negative
2026-06-10,Male,41,Pasigueño,Health card/clearance,3,3,4,4,Good experience overall. Mabilis nila na-process yung request ko. Maayos yung pakikitungo sa akin mula umpisa hanggang matapos.,positive
2026-03-16,Female,37,Pasigueño,Nutrition counseling,4,3,3,3,"Okay lang naman yung process. Kumpleto naman yung information na binigay. Siguro ang pwede lang ayusin, may konting waiting time sa pagitan ng steps. Sakto lang, neither good nor bad.",neutral
2026-03-14,Female,47,Non-Pasigueño,Family planning consultation,3,4,3,4,Hindi minadali yung pag-assist sa akin. Kompleto yung information na binigay sa counter. Wala akong reklamo sa naging service.,positive
2026-05-02,Female,43,Pasigueño,Nutrition counseling,2,2,2,2,Hindi visible yung process kaya kailangan pang magtanong nang paulit-ulit. Hindi organized yung queue kaya mas humaba yung paghihintay. Sana ayusin yung system para hindi maulit sa ibang client.,negative
2026-07-25,Male,27,Pasigueño,Maternal health consultation,2,1,1,1,Mas matagal at mas magulo kaysa sa inaasahan ko. Masyadong dismissive yung sagot sa concern ko. Sana ma-review yung workflow at customer service.,negative
2026-06-17,Female,33,Pasigueño,Immunization/Vaccination,4,4,3,4,Hindi minadali yung pag-assist sa akin. Alam ko agad kung saan pupunta dahil malinaw yung instructions. Babalik ako nang hindi nag-aalala kung kailangan ulit.,positive
2026-01-07,Male,28,Non-Pasigueño,Maternal health consultation,4,4,4,4,"Yung vital signs check ko, efficient yung pila at hindi magulo yung tawagan. Hindi ako kinailangang magtanong nang paulit-ulit. Sana ganito lagi yung serbisyo.",positive
2026-06-17,Male,37,Pasigueño,Maternal health consultation,1,1,1,1,"Kulang yung explanation kaya napabalik pa ako. Mabagal na nga yung pila, ilang beses pa akong pinabalik sa ibang counter. Sana mas organized at respectful next time.",negative
2026-06-17,Female,70,Pasigueño,Health card/clearance,3,4,3,3,"Neutral lang ako sa experience ko. Helpful naman yung nasa counter. Siguro ang pwede lang ayusin, hindi agad malinaw kung saan kukunin yung form. Fair lang yung rating ko.",neutral
2026-05-05,Female,28,City Government Employee,Maternal health consultation,4,3,3,4,Maaga akong natapos kaya okay yung experience ko. Nasunod naman agad yung sequence ng pila. Overall smooth at convenient.,positive
2026-03-06,Male,24,Non-Pasigueño,Laboratory request,3,4,4,4,Maayos ang explanation kaya walang naging aberya. Professional kausap yung staff at mahinahon sumagot. Babalik ako nang hindi nag-aalala kung kailangan ulit.,positive
2026-07-06,Female,31,Pasigueño,Health card/clearance,3,2,2,2,Masyadong dismissive yung sagot sa concern ko. Hindi malinaw kung saan dapat pumila at saan magsisimula. Please improve the process and client handling.,negative
2026-03-16,Female,62,Pasigueño,Nutrition counseling,2,2,1,2,"Regarding sa request para sa laboratory, masyadong mahaba yung waiting time para sa simpleng transaction. Hindi ako nabigyan ng maayos na explanation nung may concern ako. Sana mas organized at respectful next time.",negative
2026-01-22,Male,28,City Government Employee,Family planning consultation,1,2,1,1,Hindi ako satisfied sa naging assistance. Hindi patient mag-explain yung staff. Sana mabigyan ito ng action.,negative
2026-02-17,Male,45,City Government Employee,Family planning consultation,4,4,4,3,Naging convenient yung process para sa akin. Hindi pabalik-balik kaya mabilis matapos yung transaction. Patient mag-explain yung staff kahit may follow-up questions ako.,positive
2026-04-26,Male,29,Pasigueño,Family planning consultation,4,3,4,4,"Smooth naman yung naging punta ko sa health office. Efficient yung pila at hindi magulo yung tawagan. Overall, satisfied ako.",positive
2026-07-29,Male,21,Pasigueño,Maternal health consultation,3,2,3,3,"Sa pagpapa-dental mismo, maayos naman yung actual service, kaso medyo matagal lang bago natawag yung number ko. Hindi naman siya malaking issue para sa akin.",neutral
2026-06-19,Female,60,City Government Employee,Animal bite treatment,3,2,2,2,"Para sa screening, ang bagal ng usad ng pila at walang malinaw na update. Kulang sa courtesy yung naging assistance. Sana ayusin yung system para hindi maulit sa ibang client.",negative
2026-04-14,Female,46,City Government Employee,Maternal health consultation,4,3,3,4,"Para sa bite treatment process, mabilis nila na-process yung request ko. Straightforward yung process at walang confusing na instruction. Thank you sa maayos na pag-assist.",positive
2026-01-29,Male,52,Non-Pasigueño,Health card/clearance,1,2,2,2,Kulang sa organization yung naging process. Sobrang haba ng process kumpara sa dapat sana. May kulang na requirement na saka lang sinabi nung nasa counter na ako.,negative
2026-04-18,Female,40,Pasigueño,Animal bite treatment,3,3,2,3,"Sa part ng consultation, natapos naman nang maayos. Nakuha ko naman agad yung tamang form; may konting delay pero manageable naman lang. Sana mas mabilis nang kaunti sa susunod.",neutral
2026-06-09,Female,38,Pasigueño,Referral assistance,4,3,4,4,Friendly naman yung nasa counter at hindi nakaka-intimidate magtanong. Kompleto yung information na binigay sa counter. Overall smooth at convenient.,positive
2026-06-29,Female,42,Pasigueño,Vital signs screening,4,4,4,4,"Para sa family planning consultation, courteous yung staff at malinaw makipag-usap. Mabilis nila na-process yung request ko.",positive
2026-03-25,Female,53,Pasigueño,Pharmacy/medicine assistance,4,3,3,4,"Para sa medicine request, alam ko agad kung saan pupunta dahil malinaw yung instructions. Walang unnecessary delay sa naging transaction ko. Nakakagaan kapag ganito kaayos yung serbisyo.",positive
2026-08-08,Male,24,Pasigueño,Family planning consultation,4,4,3,4,Alam ko agad kung saan pupunta dahil malinaw yung instructions. Ramdam na willing tumulong yung staff. Wala akong reklamo sa naging service.,positive
2026-07-13,Female,64,Pasigueño,Family planning consultation,3,3,4,4,Maaga akong natapos kaya okay yung experience ko. Maayos ang explanation kaya walang naging aberya. Friendly naman yung nasa counter at hindi nakaka-intimidate magtanong. Wala akong reklamo sa naging service.,positive
2026-04-23,Male,33,Pasigueño,Medical certificate,3,4,4,4,Naging convenient yung process para sa akin. Hindi gaanong mahaba ang hintayan at mabilis natawag ang number ko. May initiative silang i-guide ako kung saan susunod.,positive
2026-07-06,Female,30,Pasigueño,Wound care/dressing,3,4,2,3,"Natapos naman yung transaction ko nang maayos. Straightforward naman yung requirements, pero may konting kalituhan sa sequence ng pila. Overall okay pa rin naman.",neutral
2026-06-28,Female,38,Pasigueño,Dental consultation,4,4,4,3,"May initiative silang i-guide ako kung saan susunod. Maayos yung signage at guide kaya madaling sundan. Overall, satisfied ako.",positive
2026-01-16,Female,40,Non-Pasigueño,Pharmacy/medicine assistance,4,4,3,4,"Nung nag-process ako ng consultation process, mabilis nila na-process yung request ko. Hindi ako kinailangang magtanong nang paulit-ulit. Good job sa staff.",positive
2026-05-12,Female,59,Pasigueño,Immunization/Vaccination,3,4,3,4,"Nung nag-process ako ng referral request, courteous yung staff at malinaw makipag-usap. Walang unnecessary delay sa naging transaction ko.",positive
2026-08-08,Male,34,Pasigueño,Family planning consultation,2,3,2,2,"Yung pagpapa-dental ko, masyadong mahaba yung waiting time para sa simpleng transaction. Hindi patient mag-explain yung staff. Sana ma-review yung workflow at customer service.",negative
2026-05-01,Male,33,Pasigueño,Medical consultation,2,1,2,2,Hindi okay para sa akin yung naging service. Matagal bago may sumagot sa concern ko sa counter. Hindi approachable yung nakausap ko sa counter. Hindi dapat ganito katagal yung simpleng transaction.,negative
2026-07-06,Male,34,Pasigueño,Referral assistance,4,4,4,3,"Nung nag-process ako ng vaccine process, madaling sundan yung steps na sinabi sa akin. Walang unnecessary delay sa naging transaction ko. Salamat sa maayos na assistance.",positive
2026-07-13,Female,50,Pasigueño,Vital signs screening,2,2,3,2,May mga bagay sa service na kailangan talagang ayusin. Hindi organized yung queue kaya mas humaba yung paghihintay. Walang malinaw na update kung bakit delayed yung transaction.,negative
2026-07-18,Female,59,Pasigueño,Medical consultation,3,4,3,3,"Para sa consultation, natapos naman nang maayos. Hindi naman ako pinabalik para sa kulang na requirement; may konting waiting time sa pagitan ng steps lang. Overall okay pa rin naman.",neutral
2026-04-24,Male,35,Pasigueño,Dental consultation,4,3,2,3,"Usual lang yung naging process. Sa part ng certificate request, medyo mabagal lang yung usad nung maraming tao, pero natapos din naman at nasagot naman yung tanong ko. Sana lang mas maging consistent next time.",neutral
2026-02-15,Male,44,City Government Employee,Health card/clearance,2,3,3,3,Decent naman yung naging service. Hindi pare-pareho yung explanation na narinig ko sa dalawang counter; nakuha ko naman agad yung tamang form naman kapag ako na yung inaasikaso. Fair lang yung rating ko.,neutral
2026-04-05,Male,43,City Government Employee,Pharmacy/medicine assistance,4,3,3,4,"Sa nutrition counseling mismo, maayos naipaliwanag yung requirements bago ako pumila. Mabilis nila na-process yung request ko. Sana ganito lagi yung serbisyo.",positive
2026-05-03,Female,24,Non-Pasigueño,Medical certificate,1,2,1,1,"Para sa pagkuha ng certificate, parang walang willingness tumulong nung nalito ako sa process. Halos walang movement yung pila for a long time. Please improve the process and client handling.",negative
2026-05-30,Male,57,Pasigueño,Animal bite treatment,2,3,2,2,Mas matagal at mas magulo kaysa sa inaasahan ko. Kulang sa courtesy yung naging assistance. Hindi dapat ganito katagal yung simpleng transaction.,negative
2026-02-13,Male,65,Pasigueño,Wound care/dressing,1,2,2,2,Hindi naging convenient yung transaction ko. Pinaghintay ako nang matagal nang walang explanation kung bakit. Hindi consistent yung assistance at iba-iba yung sinasabi ng staff. Mas okay sana kung may malinaw na queue at proper guidance.,negative
2026-01-05,Male,35,Pasigueño,Vital signs screening,3,3,4,4,Wala naman akong naging problema sa pag-process. Efficient yung pila at hindi magulo yung tawagan. Professional kausap yung staff at mahinahon sumagot.,positive
2026-05-17,Female,46,Non-Pasigueño,TB/DOTS consultation,3,3,4,3,"Para sa family planning service, okay naman. Nakuha ko naman agad yung tamang form, although medyo mahaba yung pila pero gumagalaw naman. Overall okay pa rin naman.",neutral
2026-07-18,Male,41,Non-Pasigueño,TB/DOTS consultation,4,4,4,4,Clear yung directions at hindi ako nalito sa process. Ramdam na willing tumulong yung staff. Wala akong reklamo sa naging service.,positive
2026-01-15,Female,36,Pasigueño,Animal bite treatment,1,1,2,1,Kulang sa courtesy yung naging assistance. Hindi maayos yung signage kaya napunta ako sa maling pila. Sana magkaroon ng clearer instructions at mas maayos na pila.,negative
2026-04-27,Female,26,Pasigueño,Medical certificate,2,1,1,1,Hindi okay para sa akin yung naging service. Hindi professional yung tono ng pakikipag-usap sa akin. Sana ma-review yung workflow at customer service.,negative
2026-01-21,Female,31,Pasigueño,Health card/clearance,2,3,3,3,"Mas okay sana kung mas visible yung instructions, pero straightforward naman yung requirements naman. Fair lang yung rating ko.",neutral
2026-05-05,Male,25,Pasigueño,TB/DOTS consultation,2,1,2,2,"Regarding sa nutrition service, hindi patient mag-explain yung staff. Hindi efficient yung flow kaya nasayang yung oras ko. I hope maayos ito sa susunod.",negative
2026-02-24,Male,68,Non-Pasigueño,Immunization/Vaccination,4,3,3,4,"Para sa bite treatment process, maayos yung signage at guide kaya madaling sundan. Maayos yung queue kaya hindi nakakainip yung paghihintay. Overall, satisfied ako.",positive
2026-07-17,Female,46,Pasigueño,Wound care/dressing,4,3,3,4,"Regarding sa family planning service, hindi gaanong mahaba ang hintayan at mabilis natawag ang number ko. Madaling sundan yung steps na sinabi sa akin. Thank you sa maayos na pag-assist.",positive
2026-06-29,Male,57,Pasigueño,Animal bite treatment,3,2,3,3,"Nagawa naman yung kailangan ko. Regarding sa health clearance, hindi agad malinaw kung saan kukunin yung form, pero natapos din naman at friendly naman yung nag-assist. Fair lang yung rating ko.",neutral
2026-05-09,Female,23,Non-Pasigueño,Medical consultation,1,2,2,2,"Para sa certificate request, kailangan pang pagbutihin yung client handling. Hindi efficient yung flow kaya nasayang yung oras ko. Sana mas organized at respectful next time.",negative
2026-03-04,Male,55,Non-Pasigueño,Vital signs screening,1,1,2,1,Kailangan pang pagbutihin yung client handling. Confusing yung sequence ng steps. Marami pang kailangang i-improve.,negative
2026-05-31,Male,32,Pasigueño,Health card/clearance,1,2,2,2,Hindi visible yung process kaya kailangan pang magtanong nang paulit-ulit. Matagal akong nakaupo bago may nag-assist sa akin. Sana ayusin yung system para hindi maulit sa ibang client.,negative
2026-01-26,Female,50,Pasigueño,Pharmacy/medicine assistance,3,4,2,3,"Sakto lang yung naging experience ko today. Maayos naman yung pag-check ng documents. Siguro ang pwede lang ayusin, medyo masikip lang sa waiting area. Nothing serious, pero noticeable lang.",neutral
2026-05-16,Male,26,Pasigueño,Family planning consultation,3,3,2,3,"Sa part ng consultation, natapos naman nang maayos. Kumpleto naman yung information na binigay; medyo mahaba yung pila pero gumagalaw naman lang. Overall okay pa rin naman.",neutral
2026-01-31,Male,24,Pasigueño,Health card/clearance,4,4,4,4,Respectful yung pakikitungo kahit marami silang inaasikaso. Kompleto yung information na binigay sa counter. Salamat sa maayos na assistance.,positive
2026-06-02,Male,42,Pasigueño,Animal bite treatment,2,2,3,2,Nahirapan ako sa naging proseso. Parang ayaw sumagot nung staff sa follow-up question ko. I hope maayos ito sa susunod.,negative
2026-01-11,Female,61,Non-Pasigueño,Laboratory request,3,3,2,3,"Sa consultation mismo, natapos naman nang maayos. Okay naman yung customer handling; medyo masikip lang sa waiting area lang. Pwede pang ayusin nang konti yung flow.",neutral
2026-03-30,Male,64,Pasigueño,Maternal health consultation,2,2,1,2,Disappointed ako sa naging transaction. Sobrang haba ng process kumpara sa dapat sana. Hindi maganda yung tono ng staff nung nagtanong ako. I hope maayos ito sa susunod.,negative
2026-03-17,Female,56,Pasigueño,Family planning consultation,3,3,2,3,"Helpful naman yung nasa counter at natapos naman yung kailangan ko. Ang napansin ko lang, may konting delay pero manageable naman. May room for improvement pero acceptable naman.",neutral
2026-04-30,Male,33,Pasigueño,Vital signs screening,2,2,1,2,Dapat mas malinaw yung listahan ng kailangan bago pumila. Ang daming idle time sa pagitan ng bawat step. Marami pang kailangang i-improve.,negative
2026-05-21,Male,55,Pasigueño,Immunization/Vaccination,1,2,1,1,Medyo frustrating yung naging proseso. Ang daming idle time sa pagitan ng bawat step. May kulang na requirement na saka lang sinabi nung nasa counter na ako.,negative
2026-01-19,Male,62,City Government Employee,Referral assistance,2,1,2,2,"Nung nag-process ako ng family planning consultation, hindi organized yung queue kaya mas humaba yung paghihintay. Hindi maayos yung pakikitungo nung humingi ako ng clarification. Marami pang kailangang i-improve.",negative
2026-01-22,Female,31,Non-Pasigueño,Medical certificate,4,3,2,3,"Medyo matagal lang bago natawag yung number ko, pero maayos naman yung pag-check ng documents naman. Sana mas mabilis nang kaunti sa susunod.",neutral
2026-07-27,Female,39,Non-Pasigueño,Medical certificate,1,1,2,1,"Para sa pagpapatingin, walang maayos na direction kung ano yung next step. Hindi maganda yung tono ng staff nung nagtanong ako.",negative
2026-03-02,Male,35,Pasigueño,Maternal health consultation,2,2,1,2,Poor yung experience ko this time. Confusing yung sequence ng steps. Sana mas organized at respectful next time.,negative
2026-03-14,Female,47,Pasigueño,Maternal health consultation,4,3,3,3,Wala namang major problem sa transaction. Medyo matagal yung checking ng requirements; maayos naman yung actual service naman kapag ako na yung inaasikaso. Pwede pang ayusin nang konti yung flow.,neutral
2026-01-10,Female,28,Non-Pasigueño,Immunization/Vaccination,3,4,3,3,"Maayos kausap yung staff at natapos naman yung kailangan ko. Ang napansin ko lang, may konting delay pero manageable naman. Manageable naman kaya okay lang.",neutral
2026-04-24,Male,57,Pasigueño,Laboratory request,4,4,4,4,Na-appreciate ko yung maayos na assistance. Clear yung directions at hindi ako nalito sa process. Maganda yung customer handling nila. Overall smooth at convenient.,positive
2026-06-27,Female,48,Non-Pasigueño,Medical consultation,3,3,3,3,"Nakuha ko naman yung kailangan ko. Regarding sa medicine assistance, hindi agad malinaw kung saan kukunin yung form, pero natapos din naman at friendly naman yung nag-assist. Sana lang mas maging consistent next time.",neutral
2026-04-13,Male,34,Pasigueño,Vital signs screening,3,3,3,3,"Natapos naman yung transaction ko nang maayos. Sa referral assistance mismo, pwede pang mas mabilis yung process, pero natapos din naman at malinaw naman yung basic instructions. Overall okay pa rin naman.",neutral
2026-07-23,Male,55,City Government Employee,Immunization/Vaccination,1,1,1,1,Kulang sa organization yung naging process. Masyadong mahaba yung waiting time para sa simpleng transaction. Kailangan pang pagbutihin yung client handling. Sana mabigyan ito ng action.,negative
2026-06-20,Male,33,Pasigueño,Family planning consultation,4,4,4,3,Maayos at organized yung naging service. Within a reasonable time natapos yung kailangan ko. Thank you sa maayos na pag-assist.,positive
2026-02-06,Female,25,Pasigueño,TB/DOTS consultation,3,3,3,3,"Nakuha ko naman yung kailangan ko. Malinaw naman yung basic instructions, pero may konting delay sa pila. May konting inconvenience pero natapos din naman.",neutral
2026-05-29,Male,54,Non-Pasigueño,TB/DOTS consultation,2,1,2,2,Hindi helpful yung sagot at itinuro lang ako sa ibang counter. Iba-iba yung instruction na nakuha ko sa bawat counter. Sana magkaroon ng clearer instructions at mas maayos na pila.,negative
2026-01-29,Female,61,Non-Pasigueño,Maternal health consultation,4,3,3,3,"Sa part ng clearance request, okay naman. Okay naman yung flow kapag ikaw na yung nasa counter, although mas okay sana kung mas visible yung instructions. May konting inconvenience pero natapos din naman.",neutral
2026-06-15,Male,33,Pasigueño,Vital signs screening,4,3,2,3,"Nung nag-process ako ng pagkuha ng certificate, okay naman. Kumpleto naman yung information na binigay, although medyo mahina yung boses sa pagtawag ng number. Hindi naman siya malaking issue para sa akin.",neutral
2026-05-23,Female,56,Non-Pasigueño,Vital signs screening,3,4,3,3,"Yung animal bite service ko, helpful naman yung nasa counter, kaso medyo matagal lang bago natawag yung number ko. May konting inconvenience pero natapos din naman.",neutral
2026-07-10,Male,61,Pasigueño,Medical consultation,4,4,4,3,Hindi ako nahirapan sa buong proseso. Malinaw yung instructions kaya alam ko agad kung ano ang susunod. Professional kausap yung staff at mahinahon sumagot. Okay na okay para sa akin.,positive
2026-01-18,Male,35,Pasigueño,Medical certificate,4,4,4,4,"Maayos ang explanation kaya walang naging aberya. Very accommodating yung nag-assist sa akin. Overall, satisfied ako.",positive
2026-01-07,Male,32,Pasigueño,TB/DOTS consultation,2,2,3,2,"Sa part ng vital signs check, dapat mas malinaw yung listahan ng kailangan bago pumila. Hindi approachable yung nakausap ko sa counter.",negative
2026-06-08,Female,40,Pasigueño,Medical certificate,3,3,3,3,"Nakuha ko naman yung kailangan ko. Maayos naman yung pag-check ng documents, pero may konting waiting time sa pagitan ng steps. May konting inconvenience pero natapos din naman.",neutral
2026-04-23,Male,61,City Government Employee,Medical consultation,4,3,3,4,Madaling sundan yung steps na sinabi sa akin. Maganda yung customer handling nila. Babalik ako nang hindi nag-aalala kung kailangan ulit.,positive
2026-05-07,Female,43,Pasigueño,Maternal health consultation,2,1,2,2,"Sa part ng referral request, dapat mas malinaw yung listahan ng kailangan bago pumila. Hindi maganda yung tono ng staff nung nagtanong ako.",negative
2026-07-07,Female,38,Pasigueño,Animal bite treatment,2,4,3,3,"Fair naman yung experience ko. Straightforward naman yung requirements, pero medyo matagal yung checking ng requirements. Sakto lang, neither good nor bad.",neutral
2026-02-18,Male,34,Non-Pasigueño,Immunization/Vaccination,2,3,4,3,"May good parts naman yung service pero may konting inconvenience. Helpful naman yung nasa counter, pero medyo mahina yung boses sa pagtawag ng number. May konting inconvenience pero natapos din naman.",neutral
2026-06-10,Female,44,City Government Employee,Animal bite treatment,4,3,2,3,"Sa DOTS service mismo, kumpleto naman yung information na binigay, kaso medyo matagal yung checking ng requirements. Fair lang yung rating ko.",neutral
2026-07-22,Male,20,Pasigueño,Maternal health consultation,2,3,4,3,"Fair naman yung experience ko. Sa part ng maternal health service, medyo masikip lang sa waiting area, pero natapos din naman at kumpleto naman yung information na binigay. Sana mas mabilis nang kaunti sa susunod.",neutral
2026-07-13,Female,49,Pasigueño,Dental consultation,4,4,3,4,Good experience overall. Maaga akong dumating at mabilis din akong natapos. Salamat sa maayos na assistance.,positive
2026-01-24,Female,34,Pasigueño,Nutrition counseling,4,4,3,4,"Kompleto yung information na binigay sa counter. Okay yung attitude ng staff, polite at helpful. Overall, satisfied ako.",positive
2026-06-23,Female,35,Pasigueño,Wound care/dressing,3,2,2,2,Hindi naging convenient yung transaction ko. Confusing yung sequence ng steps. Needs improvement talaga.,negative
2026-06-10,Female,26,Non-Pasigueño,Family planning consultation,2,3,4,3,"Kumpleto naman yung information na binigay at natapos naman yung kailangan ko. Ang napansin ko lang, may konting delay pero manageable naman. Overall okay pa rin naman.",neutral
2026-03-19,Male,38,Pasigueño,Referral assistance,2,1,1,1,"Yung maternal health consultation ko, hindi malinaw yung instructions kaya ilang beses akong nalito. Hindi helpful yung sagot at itinuro lang ako sa ibang counter.",negative
2026-06-04,Female,51,Pasigueño,Family planning consultation,4,3,4,4,Smooth naman yung naging punta ko sa health office. Dire-diretso yung process kaya hindi nasayang yung oras ko. Nakakagaan kapag ganito kaayos yung serbisyo.,positive
2026-01-09,Male,42,Pasigueño,Dental consultation,2,2,1,2,Kulangan yung information tungkol sa requirements. Ang daming idle time sa pagitan ng bawat step. Sana mas organized at respectful next time.,negative
2026-05-03,Female,30,Pasigueño,Referral assistance,2,2,1,2,"Sa part ng pagpapa-dental, parang walang willingness tumulong nung nalito ako sa process. Parang walang clear system sa pagtawag kaya mabagal ang pila. Sana ayusin yung system para hindi maulit sa ibang client.",negative
2026-04-21,Male,39,City Government Employee,Medical consultation,2,2,3,2,Nahirapan ako sa naging proseso. Kulang yung explanation kaya napabalik pa ako. Needs improvement talaga.,negative
2026-02-15,Female,28,Non-Pasigueño,Medical consultation,2,3,3,3,"Normal lang yung naging transaction ko, nothing special. May konting waiting time sa pagitan ng steps; nasagot naman yung tanong ko naman kapag ako na yung inaasikaso. Nothing serious, pero noticeable lang.",neutral
2026-07-18,Female,48,Non-Pasigueño,Wound care/dressing,4,3,4,4,Kompleto yung information na binigay sa counter. Maayos sumagot yung staff sa mga tanong ko. Salamat sa maayos na assistance.,positive
2026-02-06,Male,31,Pasigueño,Laboratory request,2,2,3,2,"Para sa laboratory request, paulit-ulit akong naghintay sa magkakaibang counter. Hindi approachable yung nakausap ko sa counter. Sana ma-review yung workflow at customer service.",negative
2026-01-13,Female,34,Pasigueño,Immunization/Vaccination,3,4,4,4,Clear yung directions at hindi ako nalito sa process. Hindi minadali yung pag-assist sa akin. Sana ma-maintain yung ganitong sistema.,positive
2026-01-14,Female,34,Pasigueño,Nutrition counseling,4,3,4,4,"Para sa nutrition service, nasunod naman agad yung sequence ng pila. Malinaw yung instructions kaya alam ko agad kung ano ang susunod. Wala akong reklamo sa naging service.",positive
2026-07-12,Male,56,Pasigueño,Pharmacy/medicine assistance,2,2,3,2,Walang maayos na direction kung ano yung next step. May mga nauna kahit mas late silang dumating kaya nakakalito yung pila. I hope maayos ito sa susunod.,negative
2026-01-06,Male,60,Non-Pasigueño,Immunization/Vaccination,2,2,3,2,"Sa part ng request para sa laboratory, masyadong dismissive yung sagot sa concern ko. Hindi organized yung queue kaya mas humaba yung paghihintay. Sana ma-review yung workflow at customer service.",negative
2026-02-02,Female,27,Pasigueño,Wound care/dressing,3,4,2,3,"Nung nag-process ako ng pagkuha ng certificate, natapos naman nang maayos. Hindi naman ako pinabalik para sa kulang na requirement; medyo mahaba yung pila pero gumagalaw naman lang. Hindi naman siya malaking issue para sa akin.",neutral
2026-07-26,Female,37,Pasigueño,Laboratory request,4,4,4,3,"Para sa vaccination, walang unnecessary delay sa naging transaction ko. Maayos naipaliwanag yung requirements bago ako pumila. Okay na okay para sa akin.",positive
2026-02-06,Male,49,Pasigueño,Family planning consultation,1,2,2,2,Hindi okay para sa akin yung naging service. Parang ayaw sumagot nung staff sa follow-up question ko. Sana magkaroon ng clearer instructions at mas maayos na pila.,negative
2026-06-10,Male,49,City Government Employee,Medical consultation,1,1,1,1,Hindi naging convenient yung transaction ko. May mga nauna kahit mas late silang dumating kaya nakakalito yung pila. Hindi maganda yung tono ng staff nung nagtanong ako. I hope maayos ito sa susunod.,negative
2026-07-12,Male,25,Pasigueño,Medical certificate,3,3,2,3,"Sa treatment assistance mismo, natapos naman nang maayos. Helpful naman yung nasa counter; kulang lang ng mas malinaw na signage lang. May konting inconvenience pero natapos din naman.",neutral
2026-06-14,Male,34,Pasigueño,Medical consultation,2,2,2,2,"Sa consultation mismo, ang daming idle time sa pagitan ng bawat step. Hindi consistent yung assistance at iba-iba yung sinasabi ng staff. Hindi dapat ganito katagal yung simpleng transaction.",negative
2026-02-04,Female,32,Pasigueño,Maternal health consultation,4,3,4,4,Hindi ako nahirapan sa buong proseso. Mabilis nila na-process yung request ko. Sana ganito lagi yung serbisyo.,positive
2026-07-09,Male,37,Pasigueño,Referral assistance,3,4,3,4,"Nung nag-process ako ng medicine request, hindi pabalik-balik kaya mabilis matapos yung transaction. Hindi ako kinailangang magtanong nang paulit-ulit. Wala akong reklamo sa naging service.",positive
2026-03-12,Female,35,Pasigueño,Pharmacy/medicine assistance,2,1,2,2,"Sa pagpapa-dental mismo, walang maayos na direction kung ano yung next step. Kailangan pang pagbutihin yung client handling.",negative
2026-05-08,Female,29,Pasigueño,Animal bite treatment,4,3,2,3,"Normal lang yung naging transaction ko, nothing special. Helpful naman yung nasa counter. Siguro ang pwede lang ayusin, medyo mahina yung boses sa pagtawag ng number. May room for improvement pero acceptable naman.",neutral
2026-07-13,Male,48,Pasigueño,Nutrition counseling,4,4,3,4,Hindi ako kinailangang magtanong nang paulit-ulit. Responsive yung staff kapag may clarification. Babalik ako nang hindi nag-aalala kung kailangan ulit.,positive
2026-02-16,Male,38,City Government Employee,Medical consultation,1,1,2,1,Hindi ako satisfied sa naging assistance. Matagal bago may sumagot sa concern ko sa counter. Iba-iba yung instruction na nakuha ko sa bawat counter.,negative
2026-06-08,Female,34,Non-Pasigueño,Family planning consultation,3,4,2,3,"Regarding sa screening, natapos naman nang maayos. Organized naman yung pila; kailangan ko pang magtanong kung saan yung next counter lang. May room for improvement pero acceptable naman.",neutral
2026-05-04,Male,69,Pasigueño,Dental consultation,3,3,4,3,"Nagawa naman yung kailangan ko. Regarding sa dental service, kulang lang ng mas malinaw na signage, pero natapos din naman at organized naman yung pila. May room for improvement pero acceptable naman.",neutral
2026-01-26,Male,43,Pasigueño,Vital signs screening,2,3,2,2,"Nung nag-process ako ng treatment assistance, hindi visible yung process kaya kailangan pang magtanong nang paulit-ulit. Parang minamadali ako kahit hindi ko pa naiintindihan yung instruction.",negative
2026-03-25,Female,33,Pasigueño,Dental consultation,2,4,3,3,"Pwede pang mas mabilis yung process, pero maayos naman yung pag-check ng documents naman. Fair lang yung rating ko.",neutral
2026-03-28,Female,48,Pasigueño,Health card/clearance,3,2,2,2,Kulang sa organization yung naging process. Matagal akong nakaupo bago may nag-assist sa akin. Hindi helpful yung sagot at itinuro lang ako sa ibang counter. Marami pang kailangang i-improve.,negative
2026-01-18,Female,51,Pasigueño,TB/DOTS consultation,2,2,2,2,Hindi magandang experience yung naging punta ko. Pinaghintay ako nang matagal nang walang explanation kung bakit. Kulangan yung information tungkol sa requirements.,negative
2026-02-24,Female,57,City Government Employee,Wound care/dressing,2,3,3,3,"Sa lab request mismo, okay naman. Helpful naman yung nasa counter, although kulang lang ng mas malinaw na signage. Sana mas mabilis nang kaunti sa susunod.",neutral
2026-04-13,Female,33,Pasigueño,Maternal health consultation,4,3,2,3,"Nakuha ko naman agad yung tamang form at natapos naman yung kailangan ko. Ang napansin ko lang, kailangan ko pang ulitin yung tanong bago naging clear. Sakto lang, neither good nor bad.",neutral
2026-03-01,Male,63,Pasigueño,Wound care/dressing,3,3,2,3,May good parts naman yung service pero may konting inconvenience. May konting kalituhan sa sequence ng pila; okay naman yung customer handling naman kapag ako na yung inaasikaso. Okay naman basta may konting improvement.,neutral
2026-01-12,Male,62,Pasigueño,Medical consultation,3,2,3,3,"Yung pagpapatingin ko, okay naman. Friendly naman yung nag-assist, although medyo mahina yung boses sa pagtawag ng number. Sana lang mas maging consistent next time.",neutral
2026-04-25,Female,33,Non-Pasigueño,Nutrition counseling,4,3,2,3,"Sa part ng medical certificate, natapos naman nang maayos. Maayos naman yung actual service; medyo mahaba yung pila pero gumagalaw naman lang. Nothing serious, pero noticeable lang.",neutral
2026-02-12,Male,65,Pasigueño,Family planning consultation,3,3,4,3,"Okay lang naman yung process. Medyo masikip lang sa waiting area; maayos naman yung actual service naman kapag ako na yung inaasikaso. Sakto lang, neither good nor bad.",neutral
2026-02-18,Male,33,Pasigueño,TB/DOTS consultation,2,1,1,1,"Para sa request para sa laboratory, paulit-ulit akong naghintay sa magkakaibang counter. Hindi approachable yung nakausap ko sa counter. I hope maayos ito sa susunod.",negative
2026-08-10,Female,22,Pasigueño,Wound care/dressing,3,4,4,4,"Nung nag-process ako ng pagpapatingin, maayos sumagot yung staff sa mga tanong ko. Maayos ang pila at mabilis yung galaw sa counter.",positive
2026-06-29,Male,25,Pasigueño,Dental consultation,3,4,3,4,Madaling sundan yung steps na sinabi sa akin. Ramdam na willing tumulong yung staff. Overall smooth at convenient.,positive
2026-02-17,Male,44,Pasigueño,Dental consultation,3,3,4,4,Alam ko agad kung saan pupunta dahil malinaw yung instructions. Maayos sumagot yung staff sa mga tanong ko. Sana ma-maintain yung ganitong sistema.,positive
2026-05-10,Male,67,Non-Pasigueño,Medical consultation,2,3,2,2,"Nung nag-process ako ng referral request, parang minamadali ako kahit hindi ko pa naiintindihan yung instruction. Ang tagal ng checking kahit kumpleto naman yung dala ko. I hope maayos ito sa susunod.",negative
2026-05-06,Male,26,Pasigueño,Pharmacy/medicine assistance,3,3,4,4,Maayos yung naging experience ko today. Efficient yung pila at hindi magulo yung tawagan. Very accommodating yung nag-assist sa akin.,positive
2026-07-16,Male,43,City Government Employee,Medical certificate,3,3,3,3,"Okay naman overall, may ilang minor issue lang. Nakuha ko naman agad yung tamang form, pero kulang lang ng mas malinaw na signage. Overall okay pa rin naman.",neutral
2026-06-21,Male,55,Pasigueño,Nutrition counseling,2,4,3,3,"May konting waiting time sa pagitan ng steps, pero kumpleto naman yung information na binigay naman. Pwede pang ayusin nang konti yung flow.",neutral
2026-02-06,Female,37,Pasigueño,Immunization/Vaccination,1,1,1,1,"Sa part ng screening process, kulangan yung information tungkol sa requirements. Hindi approachable yung nakausap ko sa counter.",negative
2026-05-25,Male,28,Pasigueño,Dental consultation,3,3,4,4,"Para sa medicine request, kompleto yung information na binigay sa counter. Within a reasonable time natapos yung kailangan ko. Salamat sa maayos na assistance.",positive
2026-04-04,Male,53,Pasigueño,Maternal health consultation,4,3,4,4,Okay na okay yung serbisyo para sa akin. Maayos yung queue kaya hindi nakakainip yung paghihintay. Very accommodating yung nag-assist sa akin.,positive
2026-03-28,Male,42,Pasigueño,Nutrition counseling,2,3,3,3,"Regarding sa DOTS consultation, okay naman. Polite naman yung staff, although medyo matagal yung checking ng requirements. Sana lang mas maging consistent next time.",neutral
2026-01-11,Female,20,Non-Pasigueño,Nutrition counseling,3,3,2,3,"Neutral lang ako sa experience ko. Kumpleto naman yung information na binigay, pero medyo matagal lang bago natawag yung number ko. Hindi naman siya malaking issue para sa akin.",neutral
2026-07-08,Female,54,Non-Pasigueño,Health card/clearance,4,3,2,3,"Nagawa naman yung kailangan ko. May konting delay pero manageable naman; malinaw naman yung basic instructions naman kapag ako na yung inaasikaso. Sakto lang, neither good nor bad.",neutral
2026-04-28,Male,24,Pasigueño,Dental consultation,2,2,3,2,Poor yung experience ko this time. Sobrang haba ng process kumpara sa dapat sana. Hindi consistent yung assistance at iba-iba yung sinasabi ng staff. Sana mabigyan ito ng action.,negative
2026-02-24,Male,39,Pasigueño,Maternal health consultation,3,2,3,3,"Sa pagpapatingin mismo, okay naman. Maayos kausap yung staff, although medyo matagal lang bago natawag yung number ko. Manageable naman kaya okay lang.",neutral
2026-07-24,Female,46,Pasigueño,Referral assistance,1,1,1,1,"Sa part ng pharmacy service, masyadong mahaba yung waiting time para sa simpleng transaction. Hindi consistent yung assistance at iba-iba yung sinasabi ng staff. Sana ma-review yung workflow at customer service.",negative
2026-04-10,Male,49,Pasigueño,Laboratory request,4,4,4,3,"Yung medicine request ko, maayos ang explanation kaya walang naging aberya. Efficient yung pila at hindi magulo yung tawagan. Good job sa staff.",positive
2026-02-05,Male,26,Pasigueño,Health card/clearance,2,3,3,3,"Okay naman overall, may ilang minor issue lang. Malinaw naman yung basic instructions. Siguro ang pwede lang ayusin, may konting delay sa pila. Manageable naman kaya okay lang.",neutral
2026-02-18,Female,30,Non-Pasigueño,Pharmacy/medicine assistance,1,2,2,2,"Sa part ng consultation process, hindi straightforward yung process at maraming unnecessary na tanong. Masyadong dismissive yung sagot sa concern ko.",negative
2026-03-02,Female,44,Pasigueño,Maternal health consultation,1,2,2,2,Stressful yung naging transaction ko. Hindi efficient yung flow kaya nasayang yung oras ko. Hindi maayos yung signage kaya napunta ako sa maling pila.,negative
2026-06-21,Male,38,Pasigueño,Health card/clearance,2,2,2,2,"Sa animal bite service mismo, parang walang willingness tumulong nung nalito ako sa process. Parang walang clear system sa pagtawag kaya mabagal ang pila. Hindi dapat ganito katagal yung simpleng transaction.",negative
2026-04-18,Female,36,Pasigueño,Nutrition counseling,2,3,2,2,"Nung nag-process ako ng request para sa laboratory, kulang yung explanation kaya napabalik pa ako. Hindi approachable yung nakausap ko sa counter.",negative
2026-05-17,Female,37,Pasigueño,Immunization/Vaccination,3,3,4,3,"Sa part ng health clearance, okay naman. Organized naman yung pila, although may ilang minuto na walang gumagalaw sa pila. Manageable naman kaya okay lang.",neutral
2026-06-28,Male,58,Non-Pasigueño,Maternal health consultation,2,2,3,2,Hindi maayos yung pakikitungo nung humingi ako ng clarification. Hindi malinaw yung instructions kaya ilang beses akong nalito. Sana ayusin yung system para hindi maulit sa ibang client.,negative
2026-07-24,Female,55,Pasigueño,Medical certificate,1,2,1,1,Walang malinaw na update kung bakit delayed yung transaction. Halos walang movement yung pila for a long time. Sana mabigyan ito ng action.,negative
2026-06-05,Male,59,Pasigueño,Medical consultation,2,1,1,1,Hindi ako satisfied sa naging assistance. Walang malinaw na update kung bakit delayed yung transaction. Please improve the process and client handling.,negative
2026-05-01,Male,32,Pasigueño,Family planning consultation,4,4,4,3,Sulit yung pagpunta ko dahil mabilis natapos yung kailangan ko. Maayos naipaliwanag yung requirements bago ako pumila. Patient mag-explain yung staff kahit may follow-up questions ako. Overall smooth at convenient.,positive
2026-02-21,Male,68,Pasigueño,Referral assistance,2,2,2,2,"Para sa certificate request, matagal akong nakaupo bago may nag-assist sa akin. Hindi consistent yung assistance at iba-iba yung sinasabi ng staff. Mas okay sana kung may malinaw na queue at proper guidance.",negative
2026-06-29,Female,37,Non-Pasigueño,TB/DOTS consultation,4,3,2,3,"Hindi pare-pareho yung explanation na narinig ko sa dalawang counter, pero maayos naman yung pag-check ng documents naman. Okay naman basta may konting improvement.",neutral
2026-05-09,Male,32,Non-Pasigueño,Animal bite treatment,2,2,2,2,"Regarding sa pagpapa-dental, hindi straightforward yung process at maraming unnecessary na tanong. Hindi professional yung tono ng pakikipag-usap sa akin.",negative
2026-02-11,Female,35,Pasigueño,Dental consultation,3,4,4,4,"Yung request para sa laboratory ko, mabilis yung checking ng requirements at tuloy-tuloy yung process. Maayos yung signage at guide kaya madaling sundan. Babalik ako nang hindi nag-aalala kung kailangan ulit.",positive
2026-04-16,Female,53,Non-Pasigueño,Vital signs screening,3,3,4,3,"Regarding sa wound dressing, natapos naman nang maayos. Kumpleto naman yung information na binigay; pwede pang mas mabilis yung process lang. Pwede pang ayusin nang konti yung flow.",neutral
2026-06-30,Female,30,Non-Pasigueño,Immunization/Vaccination,2,2,1,2,Mas maayos sana kung mas respectful yung pakikitungo sa clients. Kulangan yung information tungkol sa requirements. Sana ayusin yung system para hindi maulit sa ibang client.,negative
2026-08-01,Female,53,Pasigueño,Maternal health consultation,3,4,2,3,"Neutral lang ako sa experience ko. Sa family planning consultation mismo, may ilang minuto na walang gumagalaw sa pila, pero natapos din naman at helpful naman yung nasa counter. May room for improvement pero acceptable naman.",neutral
2026-03-04,Female,46,Pasigueño,Laboratory request,3,4,3,3,"Nung nag-process ako ng referral assistance, okay naman. Malinaw naman yung basic instructions, although may konting delay sa pila. Okay naman basta may konting improvement.",neutral
2026-02-09,Male,22,Pasigueño,Laboratory request,4,3,2,3,"Wala namang major problem sa transaction. Malinaw naman yung basic instructions, pero may konting waiting time sa pagitan ng steps. Fair lang yung rating ko.",neutral
2026-07-30,Female,56,Pasigueño,Medical consultation,2,2,1,2,"Sa medicine request mismo, ang tagal ng checking kahit kumpleto naman yung dala ko. Naramdaman kong naiirita yung kausap ko nung nagtanong ulit ako. Sana ayusin yung system para hindi maulit sa ibang client.",negative
2026-08-01,Male,44,Pasigueño,Laboratory request,2,2,1,2,"Para sa vaccine process, hindi consistent yung assistance at iba-iba yung sinasabi ng staff. Paulit-ulit akong naghintay sa magkakaibang counter. Kailangan talagang pagbutihin yung service.",negative
2026-01-08,Male,43,Pasigueño,Pharmacy/medicine assistance,2,3,3,3,"Nagawa naman yung kailangan ko. Sa part ng dental service, medyo mahaba yung pila pero gumagalaw naman, pero natapos din naman at organized naman yung pila. Sana lang mas maging consistent next time.",neutral
2026-08-02,Female,74,Pasigueño,Animal bite treatment,3,2,2,2,Nahirapan ako sa naging proseso. Hindi organized yung queue kaya mas humaba yung paghihintay. Walang maayos na direction kung ano yung next step.,negative
2026-03-19,Female,31,City Government Employee,Nutrition counseling,2,4,3,3,"Yung maternal health consultation ko, okay naman. Malinaw naman yung basic instructions, although may ilang minuto na walang gumagalaw sa pila. May konting inconvenience pero natapos din naman.",neutral
2026-02-18,Female,35,Pasigueño,Maternal health consultation,3,2,2,2,Parang minamadali ako kahit hindi ko pa naiintindihan yung instruction. Confusing yung sequence ng steps. Sana magkaroon ng clearer instructions at mas maayos na pila.,negative
2026-07-21,Female,36,Pasigueño,Laboratory request,3,3,3,3,"Sa dental consultation mismo, natapos naman nang maayos. Malinaw naman yung basic instructions; hindi pare-pareho yung explanation na narinig ko sa dalawang counter lang. May room for improvement pero acceptable naman.",neutral
2026-02-07,Female,55,Pasigueño,Medical certificate,4,4,4,4,Good experience overall. Clear yung directions at hindi ako nalito sa process. Ramdam na willing tumulong yung staff. Sana ganito lagi yung serbisyo.,positive
2026-04-04,Male,42,Pasigueño,Nutrition counseling,3,4,3,4,Nasagot nang maayos yung tanong ko tungkol sa requirements. Hindi minadali yung pag-assist sa akin. Overall smooth at convenient.,positive
2026-05-27,Female,54,Pasigueño,Animal bite treatment,3,4,3,3,Okay lang naman yung process. May konting delay pero manageable naman; okay naman yung flow kapag ikaw na yung nasa counter naman kapag ako na yung inaasikaso. May room for improvement pero acceptable naman.,neutral
2026-07-20,Male,42,Non-Pasigueño,Immunization/Vaccination,1,2,2,2,Stressful yung naging transaction ko. Hindi approachable yung nakausap ko sa counter. Sana ayusin yung system para hindi maulit sa ibang client.,negative
2026-01-09,Male,63,Pasigueño,Dental consultation,4,4,4,3,"Yung consultation ko, very accommodating yung nag-assist sa akin. Maaga akong dumating at mabilis din akong natapos.",positive
2026-04-26,Female,30,City Government Employee,Laboratory request,2,3,2,2,Nahirapan ako sa naging proseso. Hindi maayos yung signage kaya napunta ako sa maling pila. Sana ayusin yung system para hindi maulit sa ibang client.,negative
2026-01-13,Female,55,City Government Employee,Immunization/Vaccination,4,3,3,3,"Nung nag-process ako ng vaccine process, natapos naman nang maayos. Okay naman yung flow kapag ikaw na yung nasa counter; medyo mahaba yung pila pero gumagalaw naman lang. Nothing serious, pero noticeable lang.",neutral
2026-03-29,Male,30,Pasigueño,Pharmacy/medicine assistance,4,3,3,4,Happy naman ako sa naging assistance. Walang unnecessary delay sa naging transaction ko. Responsive yung staff kapag may clarification.,positive
2026-01-16,Male,31,Non-Pasigueño,Maternal health consultation,4,3,3,4,Wala naman akong naging problema sa pag-process. Kompleto yung information na binigay sa counter. Courteous yung staff at malinaw makipag-usap. Sana ganito lagi yung serbisyo.,positive
2026-06-07,Male,42,Pasigueño,Pharmacy/medicine assistance,3,2,2,2,"Yung vital signs check ko, hindi ako nabigyan ng maayos na explanation nung may concern ako. Hindi efficient yung flow kaya nasayang yung oras ko. Sana ma-review yung workflow at customer service.",negative
2026-05-13,Male,42,Pasigueño,Dental consultation,2,3,3,3,"May good parts naman yung service pero may konting inconvenience. Sa consultation process mismo, medyo masikip lang sa waiting area, pero natapos din naman at friendly naman yung nag-assist. Okay naman basta may konting improvement.",neutral
2026-07-20,Female,45,Pasigueño,Medical certificate,3,4,3,4,"Nung nag-process ako ng treatment assistance, alam ko agad kung saan pupunta dahil malinaw yung instructions. Within a reasonable time natapos yung kailangan ko. Sana ganito lagi yung serbisyo.",positive
2026-07-30,Female,37,Pasigueño,Wound care/dressing,3,4,4,4,"Sa vaccine process mismo, tinulungan ako agad nung hindi ko alam yung next step. Hindi ako pinaghintay nang matagal bago maasikaso.",positive
2026-02-16,Male,31,Pasigueño,Immunization/Vaccination,2,3,2,2,Disappointed ako sa naging transaction. Ang daming idle time sa pagitan ng bawat step. Iba-iba yung instruction na nakuha ko sa bawat counter.,negative
2026-05-10,Female,24,Pasigueño,Maternal health consultation,4,3,3,4,"Sa part ng screening process, patient mag-explain yung staff kahit may follow-up questions ako. Maayos yung queue kaya hindi nakakainip yung paghihintay.",positive
2026-03-24,Female,48,Non-Pasigueño,Pharmacy/medicine assistance,2,3,2,2,"Regarding sa nutrition service, dapat mas malinaw yung listahan ng kailangan bago pumila. Hindi professional yung tono ng pakikipag-usap sa akin.",negative
2026-01-09,Male,52,City Government Employee,TB/DOTS consultation,3,3,2,3,"Acceptable naman yung service para sa akin. Para sa pagpapatingin, kulang lang ng mas malinaw na signage, pero natapos din naman at polite naman yung staff. Overall okay pa rin naman.",neutral
2026-03-04,Male,60,Pasigueño,Referral assistance,2,4,3,3,"Neutral lang ako sa experience ko. Maayos naman yung actual service. Siguro ang pwede lang ayusin, kulang lang ng mas malinaw na signage. Pwede pang ayusin nang konti yung flow.",neutral
2026-05-23,Female,47,Pasigueño,Laboratory request,1,1,1,1,Disappointed ako sa naging transaction. Ang bagal ng usad ng pila at walang malinaw na update. Mas maayos sana kung mas respectful yung pakikitungo sa clients. Kailangan talagang pagbutihin yung service.,negative
2026-02-09,Male,29,Non-Pasigueño,Vital signs screening,4,4,3,4,Hindi ako nahirapan sa buong proseso. Simple at understandable yung explanation ng process. Ramdam na willing tumulong yung staff. Thank you sa maayos na pag-assist.,positive
2026-05-10,Female,61,Non-Pasigueño,Referral assistance,2,2,3,2,"Yung DOTS service ko, hindi professional yung tono ng pakikipag-usap sa akin. Hindi efficient yung flow kaya nasayang yung oras ko. Needs improvement talaga.",negative
2026-01-24,Female,46,Non-Pasigueño,Wound care/dressing,3,2,3,3,"Acceptable naman yung service para sa akin. Organized naman yung pila, pero may konting delay sa pila. May konting inconvenience pero natapos din naman.",neutral
2026-06-19,Female,26,Pasigueño,Animal bite treatment,1,2,1,1,"Nung nag-process ako ng nutrition counseling, hindi maayos yung pakikitungo nung humingi ako ng clarification. Matagal bago may sumagot sa concern ko sa counter. Mas okay sana kung may malinaw na queue at proper guidance.",negative
2026-05-08,Male,49,Non-Pasigueño,Pharmacy/medicine assistance,4,3,4,4,"Nung nag-process ako ng consultation, responsive yung staff kapag may clarification. Efficient yung pila at hindi magulo yung tawagan.",positive
2026-03-16,Male,42,Pasigueño,Dental consultation,4,3,4,4,"Nung nag-process ako ng maternal health service, tinulungan ako agad nung hindi ko alam yung next step. Maayos ang pila at mabilis yung galaw sa counter.",positive
2026-03-21,Female,35,Pasigueño,Health card/clearance,3,4,3,4,Magalang at approachable yung staff na nakausap ko. Clear yung directions at hindi ako nalito sa process. Keep up the good service.,positive
2026-02-03,Female,39,Pasigueño,Immunization/Vaccination,1,2,2,2,"Sa part ng maternal health service, walang malinaw na update kung bakit delayed yung transaction. Parang minamadali ako kahit hindi ko pa naiintindihan yung instruction.",negative
2026-05-06,Female,49,Pasigueño,Maternal health consultation,4,3,4,4,"Nung nag-process ako ng nutrition service, responsive yung staff kapag may clarification. Hindi pabalik-balik kaya mabilis matapos yung transaction.",positive
2026-01-19,Male,28,Pasigueño,Animal bite treatment,3,4,3,3,"Maayos naman in general yung service. Nakuha ko naman agad yung tamang form, pero may konting waiting time sa pagitan ng steps. Pwede pang ayusin nang konti yung flow.",neutral
2026-03-18,Male,57,Pasigueño,TB/DOTS consultation,4,3,4,4,Mabilis at maayos ang serbisyo.,positive
2026-08-01,Male,39,Non-Pasigueño,Vital signs screening,2,3,2,2,Hindi naging convenient yung transaction ko. May mga nauna kahit mas late silang dumating kaya nakakalito yung pila. Hindi approachable yung nakausap ko sa counter. Sana mas organized at respectful next time.,negative
2026-06-12,Male,55,Pasigueño,Medical certificate,1,2,1,1,Hindi magandang experience yung naging punta ko. Ang tagal ng checking kahit kumpleto naman yung dala ko. Hindi maayos yung signage kaya napunta ako sa maling pila.,negative
2026-01-05,Male,33,Pasigueño,Medical certificate,3,3,2,3,"Sakto lang yung naging experience ko today. Polite naman yung staff. Siguro ang pwede lang ayusin, kailangan ko pang ulitin yung tanong bago naging clear. Okay naman basta may konting improvement.",neutral
2026-04-23,Male,55,City Government Employee,Maternal health consultation,3,4,3,4,"Para sa request para sa laboratory, kompleto yung information na binigay sa counter. Hindi ako pinaghintay nang matagal bago maasikaso. Okay na okay para sa akin.",positive
2026-03-24,Female,45,Non-Pasigueño,Nutrition counseling,1,2,2,2,Poor yung experience ko this time. Kulangan yung information tungkol sa requirements. Marami pang kailangang i-improve.,negative
2026-06-07,Male,46,Pasigueño,Medical certificate,2,1,2,2,"Nung nag-process ako ng pagpapa-dental, hindi visible yung process kaya kailangan pang magtanong nang paulit-ulit. Hindi approachable yung nakausap ko sa counter.",negative
2026-02-20,Female,32,Non-Pasigueño,Medical consultation,2,1,1,1,Kulang sa organization yung naging process. Pinaghintay ako nang matagal nang walang explanation kung bakit. Kulang yung explanation kaya napabalik pa ako.,negative
2026-01-18,Female,34,Pasigueño,Dental consultation,4,4,3,4,"Regarding sa clearance request, friendly naman yung nasa counter at hindi nakaka-intimidate magtanong. Hindi gaanong mahaba ang hintayan at mabilis natawag ang number ko.",positive
2026-04-22,Female,40,Pasigueño,Medical consultation,4,4,3,4,Wala naman akong naging problema sa pag-process. Walang unnecessary delay sa naging transaction ko. Wala akong reklamo sa naging service.,positive
2026-07-22,Male,48,Non-Pasigueño,Vital signs screening,1,1,1,1,Mas matagal at mas magulo kaysa sa inaasahan ko. Hindi professional yung tono ng pakikipag-usap sa akin. Sana mabigyan ito ng action.,negative
2026-03-01,Male,31,Pasigueño,Medical certificate,3,2,3,3,"Regarding sa nutrition counseling, natapos naman nang maayos. Maayos kausap yung staff; may konting kalituhan sa sequence ng pila lang. Manageable naman kaya okay lang.",neutral
2026-06-29,Male,20,Pasigueño,Pharmacy/medicine assistance,4,3,3,3,"Regarding sa vital signs check, okay naman yung flow kapag ikaw na yung nasa counter, kaso may konting delay sa pila. Sana lang mas maging consistent next time.",neutral
2026-01-07,Male,30,Pasigueño,Medical certificate,3,4,2,3,"Maayos naman in general yung service. Nakuha ko naman agad yung tamang form, pero may konting delay pero manageable naman. Overall okay pa rin naman.",neutral
2026-02-26,Male,66,Pasigueño,Referral assistance,3,4,3,3,"Neutral lang ako sa experience ko. Maayos naman yung actual service. Siguro ang pwede lang ayusin, may konting delay sa pila. May room for improvement pero acceptable naman.",neutral
2026-07-28,Female,49,Pasigueño,Referral assistance,3,4,2,3,Maayos naman in general yung service. Kulang lang ng mas malinaw na signage; maayos naman yung actual service naman kapag ako na yung inaasikaso. Okay naman basta may konting improvement.,neutral
2026-06-22,Female,32,Pasigueño,Laboratory request,2,1,1,1,Hindi magandang experience yung naging punta ko. Paulit-ulit akong naghintay sa magkakaibang counter. Hindi malinaw yung instructions kaya ilang beses akong nalito.,negative
2026-01-18,Male,29,Pasigueño,Animal bite treatment,2,2,2,2,Hindi okay para sa akin yung naging service. Hindi visible yung process kaya kailangan pang magtanong nang paulit-ulit. Kailangan talagang pagbutihin yung service.,negative
2026-06-27,Male,43,Pasigueño,Nutrition counseling,3,3,3,3,"Sa counseling session mismo, friendly naman yung nag-assist, kaso may konting delay pero manageable naman. Nothing serious, pero noticeable lang.",neutral
2026-03-01,Male,33,Pasigueño,Referral assistance,2,1,2,2,"Sa part ng DOTS service, pinaghintay ako nang matagal nang walang explanation kung bakit. Masyadong dismissive yung sagot sa concern ko. Sana mabigyan ito ng action.",negative
2026-02-14,Female,41,Pasigueño,Pharmacy/medicine assistance,4,4,3,4,Okay na okay yung serbisyo para sa akin. Malinaw yung instructions kaya alam ko agad kung ano ang susunod. May initiative silang i-guide ako kung saan susunod. Good job sa staff.,positive
2026-05-10,Female,54,City Government Employee,Medical consultation,1,2,2,2,Poor yung experience ko this time. Walang malinaw na update kung bakit delayed yung transaction. Marami pang kailangang i-improve.,negative
2026-04-03,Female,39,City Government Employee,Dental consultation,1,2,2,2,Hindi maganda yung tono ng staff nung nagtanong ako. Hindi malinaw kung saan dapat pumila at saan magsisimula. Mas okay sana kung may malinaw na queue at proper guidance.,negative
2026-06-22,Male,24,Non-Pasigueño,Vital signs screening,2,2,3,2,Sana ma-review yung process kasi nahirapan talaga ako. Ang daming idle time sa pagitan ng bawat step. Hindi maayos yung signage kaya napunta ako sa maling pila.,negative
2026-04-06,Male,67,Pasigueño,Laboratory request,2,1,1,1,Disappointed ako sa naging transaction. Walang maayos na direction kung ano yung next step. Hindi dapat ganito katagal yung simpleng transaction.,negative
2026-02-20,Male,36,Pasigueño,Health card/clearance,4,4,4,4,"Nung nag-process ako ng vaccine process, maayos yung queue kaya hindi nakakainip yung paghihintay. Madaling sundan yung steps na sinabi sa akin. Wala akong reklamo sa naging service.",positive
2026-03-29,Female,59,Pasigueño,Animal bite treatment,3,4,3,4,Kompleto yung information na binigay sa counter. Respectful yung pakikitungo kahit marami silang inaasikaso. Sana ma-maintain yung ganitong sistema.,positive
2026-01-15,Female,58,City Government Employee,Animal bite treatment,2,4,3,3,"Wala namang major problem sa transaction. Maayos naman yung actual service. Siguro ang pwede lang ayusin, medyo mabagal lang yung usad nung maraming tao. May konting inconvenience pero natapos din naman.",neutral
2026-03-31,Male,40,Pasigueño,Medical certificate,3,4,4,4,"Yung animal bite service ko, friendly naman yung nasa counter at hindi nakaka-intimidate magtanong. Nasunod naman agad yung sequence ng pila.",positive
2026-05-31,Female,25,City Government Employee,Laboratory request,3,2,3,3,"Regarding sa consultation process, okay naman. Okay naman yung customer handling, although medyo masikip lang sa waiting area. Sana mas mabilis nang kaunti sa susunod.",neutral
2026-02-18,Male,42,Non-Pasigueño,Laboratory request,4,4,3,4,Maganda yung naging proseso from start to finish. Nasagot nang maayos yung tanong ko tungkol sa requirements. Tinulungan ako agad nung hindi ko alam yung next step. Wala akong reklamo sa naging service.,positive
2026-01-28,Male,24,Pasigueño,Vital signs screening,4,3,4,4,Mas maayos yung transaction ko kaysa sa inaasahan ko. Maayos yung queue kaya hindi nakakainip yung paghihintay. Wala akong reklamo sa naging service.,positive
2026-05-11,Male,51,Non-Pasigueño,Nutrition counseling,2,2,2,2,"Para sa nutrition counseling, may kulang na requirement na saka lang sinabi nung nasa counter na ako. Parang ayaw sumagot nung staff sa follow-up question ko.",negative
2026-07-14,Male,31,Pasigueño,Dental consultation,3,2,2,2,Hindi naging maayos yung experience ko. Sobrang tagal bago ako natawag kahit matagal na akong naghihintay. Parang minamadali ako kahit hindi ko pa naiintindihan yung instruction. Kailangan talagang pagbutihin yung service.,negative
2026-05-04,Female,46,Non-Pasigueño,Maternal health consultation,3,4,3,3,"Sa medicine assistance mismo, natapos naman nang maayos. Okay naman yung customer handling; medyo mabagal lang yung usad nung maraming tao lang. Sakto lang, neither good nor bad.",neutral
2026-06-29,Female,28,Pasigueño,Animal bite treatment,2,3,2,2,Sana ma-review yung process kasi nahirapan talaga ako. Hindi maganda yung tono ng staff nung nagtanong ako. Marami pang kailangang i-improve.,negative
2026-03-24,Male,44,Pasigueño,Pharmacy/medicine assistance,4,4,4,3,Pleasant naman yung naging experience ko. Clear yung directions at hindi ako nalito sa process. Responsive yung staff kapag may clarification. Keep up the good service.,positive
2026-02-26,Male,37,Pasigueño,Wound care/dressing,2,3,3,3,"Okay lang naman yung process. Straightforward naman yung requirements. Siguro ang pwede lang ayusin, hindi pare-pareho yung explanation na narinig ko sa dalawang counter. May konting inconvenience pero natapos din naman.",neutral
2026-02-03,Female,39,Pasigueño,Maternal health consultation,4,4,3,4,Na-appreciate ko yung maayos na assistance. Sakto lang yung waiting time at mabilis yung actual transaction. Babalik ako nang hindi nag-aalala kung kailangan ulit.,positive
2026-04-04,Female,31,Non-Pasigueño,Maternal health consultation,2,3,4,3,"Average lang yung experience ko. Helpful naman yung nasa counter, pero medyo masikip lang sa waiting area. Fair lang yung rating ko.",neutral
2026-04-05,Female,36,Non-Pasigueño,Wound care/dressing,3,4,4,4,Smooth naman yung naging punta ko sa health office. Mabilis nila na-process yung request ko. Maayos sumagot yung staff sa mga tanong ko.,positive
2026-04-30,Female,56,Pasigueño,Maternal health consultation,1,2,2,2,Kailangan pang pagbutihin yung client handling. Hindi malinaw yung instructions kaya ilang beses akong nalito. Sana mabigyan ito ng action.,negative
2026-07-28,Female,23,Pasigueño,Laboratory request,3,4,3,4,Maayos yung naging experience ko today. Malinaw yung instructions kaya alam ko agad kung ano ang susunod. Very accommodating yung nag-assist sa akin. Sana ma-maintain yung ganitong sistema.,positive
2026-01-10,Female,57,Non-Pasigueño,Health card/clearance,2,2,1,2,"Yung consultation ko, matagal akong nakaupo bago may nag-assist sa akin. Hindi professional yung tono ng pakikipag-usap sa akin. Sana magkaroon ng clearer instructions at mas maayos na pila.",negative
2026-02-22,Female,59,Pasigueño,Health card/clearance,3,2,2,2,Hindi magandang experience yung naging punta ko. Hindi patient mag-explain yung staff. I hope maayos ito sa susunod.,negative
2026-03-31,Male,24,Pasigueño,Medical certificate,3,3,3,3,Okay naman pero matagal ang pila.,neutral
2026-05-18,Male,40,Non-Pasigueño,Nutrition counseling,3,2,3,3,"Okay naman yung flow kapag ikaw na yung nasa counter at natapos naman yung kailangan ko. Ang napansin ko lang, kulang lang ng mas malinaw na signage. Nothing serious, pero noticeable lang.",neutral
2026-05-03,Female,43,Pasigueño,Nutrition counseling,4,4,3,4,Okay na okay yung serbisyo para sa akin. Hindi pabalik-balik kaya mabilis matapos yung transaction. Responsive yung staff kapag may clarification.,positive
2026-01-08,Female,21,Non-Pasigueño,Laboratory request,3,4,3,4,Mas maayos yung transaction ko kaysa sa inaasahan ko. Nasagot nang maayos yung tanong ko tungkol sa requirements. Maayos yung pakikitungo sa akin mula umpisa hanggang matapos. Okay na okay para sa akin.,positive
2026-06-26,Male,32,Non-Pasigueño,Nutrition counseling,3,4,2,3,Sakto lang yung naging experience ko today. Kulang lang ng mas malinaw na signage; maayos naman yung pag-check ng documents naman kapag ako na yung inaasikaso. Okay naman basta may konting improvement.,neutral
2026-05-22,Male,47,Pasigueño,Family planning consultation,4,4,4,3,"Madaling sundan yung steps na sinabi sa akin. Maayos sumagot yung staff sa mga tanong ko. Overall, satisfied ako.",positive
2026-05-08,Female,52,City Government Employee,Medical consultation,4,3,3,4,Happy naman ako sa naging assistance. Hindi ako kinailangang magtanong nang paulit-ulit. Respectful yung pakikitungo kahit marami silang inaasikaso. Sana ganito lagi yung serbisyo.,positive
2026-05-28,Male,63,Pasigueño,Health card/clearance,2,3,2,2,Hindi consistent yung assistance at iba-iba yung sinasabi ng staff. Hindi straightforward yung process at maraming unnecessary na tanong. Kailangan talagang pagbutihin yung service.,negative
2026-03-26,Female,26,Pasigueño,Medical certificate,3,2,3,3,"Para sa screening, Maayos kausap yung staff, kaso medyo matagal yung checking ng requirements. May konting inconvenience pero natapos din naman.",neutral
2026-04-19,Female,29,Pasigueño,Vital signs screening,1,2,2,2,Hindi naging maayos yung experience ko. Matagal akong nakaupo bago may nag-assist sa akin. Hindi professional yung tono ng pakikipag-usap sa akin. Sana ayusin yung system para hindi maulit sa ibang client.,negative
2026-07-21,Male,65,Pasigueño,Referral assistance,3,4,4,4,"Nung nag-process ako ng referral request, hindi minadali yung pag-assist sa akin. Mabilis yung checking ng requirements at tuloy-tuloy yung process.",positive
2026-08-02,Male,67,Pasigueño,TB/DOTS consultation,3,2,2,2,Hindi ko nagustuhan yung naging flow ng service. Confusing yung sequence ng steps. Sana mas organized at respectful next time.,negative
2026-05-04,Male,42,Pasigueño,Health card/clearance,3,2,3,3,"Para sa clearance request, natapos naman nang maayos. Polite naman yung staff; kailangan ko pang ulitin yung tanong bago naging clear lang. May room for improvement pero acceptable naman.",neutral
2026-08-04,Male,47,Pasigueño,Referral assistance,3,4,2,3,"Medyo matagal lang bago natawag yung number ko, pero helpful naman yung nasa counter naman. Pwede pang ayusin nang konti yung flow.",neutral
2026-02-23,Male,60,Pasigueño,Animal bite treatment,3,3,4,3,"Normal lang yung naging transaction ko, nothing special. Sa referral request mismo, kulang lang ng mas malinaw na signage, pero natapos din naman at straightforward naman yung requirements. May room for improvement pero acceptable naman.",neutral
2026-03-29,Male,72,Pasigueño,Medical consultation,1,1,1,1,Hindi naging smooth yung pag-asikaso ko. Hindi maayos yung pakikitungo nung humingi ako ng clarification. Sana ayusin yung system para hindi maulit sa ibang client.,negative
2026-03-03,Male,48,Non-Pasigueño,Family planning consultation,3,4,4,4,Maayos at organized yung naging service. Hindi gaanong mahaba ang hintayan at mabilis natawag ang number ko. Ramdam na willing tumulong yung staff.,positive
2026-07-28,Female,32,City Government Employee,Maternal health consultation,3,4,2,3,"Yung DOTS service ko, okay naman. Nasagot naman yung tanong ko, although kailangan ko pang magtanong kung saan yung next counter. Nothing serious, pero noticeable lang.",neutral
2026-02-17,Female,28,Pasigueño,Pharmacy/medicine assistance,3,3,3,3,Decent naman yung naging service. Hindi agad malinaw kung saan kukunin yung form; nakuha ko naman agad yung tamang form naman kapag ako na yung inaasikaso. Pwede pang ayusin nang konti yung flow.,neutral
2026-02-27,Male,39,Non-Pasigueño,Vital signs screening,3,3,3,3,"Usual lang yung naging process. Para sa vital signs check, hindi agad malinaw kung saan kukunin yung form, pero natapos din naman at friendly naman yung nag-assist. Sakto lang, neither good nor bad.",neutral
2026-05-08,Female,24,City Government Employee,Referral assistance,4,4,4,3,"Regarding sa nutrition counseling, mabilis yung checking ng requirements at tuloy-tuloy yung process. Kompleto yung information na binigay sa counter. Sana ma-maintain yung ganitong sistema.",positive
2026-06-15,Male,51,City Government Employee,Medical certificate,3,3,2,3,"Yung screening ko, kumpleto naman yung information na binigay, kaso kailangan ko pang ulitin yung tanong bago naging clear. Manageable naman kaya okay lang.",neutral
2026-05-29,Male,43,Pasigueño,Maternal health consultation,3,4,3,4,Maganda yung naging proseso from start to finish. Straightforward yung process at walang confusing na instruction. Courteous yung staff at malinaw makipag-usap. Babalik ako nang hindi nag-aalala kung kailangan ulit.,positive
2026-06-03,Male,69,Pasigueño,Medical consultation,4,3,3,4,"Madaling sundan yung steps na sinabi sa akin. Okay yung attitude ng staff, polite at helpful. Okay na okay para sa akin.",positive
2026-08-06,Female,48,City Government Employee,Maternal health consultation,4,3,4,4,"Sa part ng certificate request, straightforward yung process at walang confusing na instruction. Konti lang yung waiting time nung pumunta ako. Good job sa staff.",positive
2026-02-16,Male,47,Pasigueño,Pharmacy/medicine assistance,4,3,3,4,"Sa wound care mismo, malinaw yung instructions kaya alam ko agad kung ano ang susunod. Walang unnecessary delay sa naging transaction ko. Sana ma-maintain yung ganitong sistema.",positive
2026-06-18,Male,38,Pasigueño,Medical consultation,2,1,2,2,Hindi magandang experience yung naging punta ko. Ang bagal ng usad ng pila at walang malinaw na update. Hindi visible yung process kaya kailangan pang magtanong nang paulit-ulit.,negative
2026-06-29,Male,32,Pasigueño,Pharmacy/medicine assistance,3,3,4,4,Ayos yung flow ng transaction ko. Mabilis nila na-process yung request ko. Magalang at approachable yung staff na nakausap ko.,positive
2026-02-19,Male,42,Pasigueño,Animal bite treatment,3,3,3,3,"Sakto lang yung naging experience ko today. May konting delay sa pila; kumpleto naman yung information na binigay naman kapag ako na yung inaasikaso. Nothing serious, pero noticeable lang.",neutral
2026-07-02,Male,20,Pasigueño,Laboratory request,2,3,4,3,"Sa part ng animal bite service, okay naman. Kumpleto naman yung information na binigay, although medyo masikip lang sa waiting area. Sakto lang, neither good nor bad.",neutral
2026-04-19,Female,38,Non-Pasigueño,Laboratory request,3,4,3,4,"Yung maternal health consultation ko, friendly naman yung nasa counter at hindi nakaka-intimidate magtanong. Within a reasonable time natapos yung kailangan ko.",positive
2026-04-19,Female,21,Pasigueño,Maternal health consultation,1,2,2,2,Hindi okay para sa akin yung naging service. Ang bagal ng usad ng pila at walang malinaw na update. Kailangan pang pagbutihin yung client handling. Mas okay sana kung may malinaw na queue at proper guidance.,negative
2026-03-29,Female,53,Pasigueño,Dental consultation,1,2,2,2,Medyo frustrating yung naging proseso. Kulang yung explanation kaya napabalik pa ako. Sana mabigyan ito ng action.,negative
2026-06-27,Female,43,Pasigueño,Health card/clearance,3,3,3,3,"Nagawa naman yung kailangan ko. Sa consultation mismo, medyo mahaba yung pila pero gumagalaw naman, pero natapos din naman at kumpleto naman yung information na binigay. Sana mas mabilis nang kaunti sa susunod.",neutral
2026-02-18,Male,39,City Government Employee,Nutrition counseling,3,3,4,4,Maayos yung naging experience ko today. Maaga akong dumating at mabilis din akong natapos. Hindi minadali yung pag-assist sa akin.,positive
2026-06-08,Male,46,Pasigueño,Pharmacy/medicine assistance,2,4,3,3,"Okay naman yung naging transaction ko. Regarding sa pharmacy service, medyo mabagal lang yung usad nung maraming tao, pero natapos din naman at maayos naman yung pag-check ng documents. May konting inconvenience pero natapos din naman.",neutral
2026-03-18,Female,43,Pasigueño,Wound care/dressing,2,3,4,3,"Sa part ng consultation, natapos naman nang maayos. Straightforward naman yung requirements; medyo mahaba yung pila pero gumagalaw naman lang. Fair lang yung rating ko.",neutral
2026-06-07,Female,39,Non-Pasigueño,Dental consultation,2,2,2,2,Stressful yung naging transaction ko. Matagal akong nakaupo bago may nag-assist sa akin. Kailangan pang pagbutihin yung client handling. Kailangan talagang pagbutihin yung service.,negative
2026-02-17,Female,23,Pasigueño,Wound care/dressing,2,1,1,1,Hindi malinaw yung instructions kaya ilang beses akong nalito. May mga nauna kahit mas late silang dumating kaya nakakalito yung pila. Mas okay sana kung may malinaw na queue at proper guidance.,negative
2026-06-02,Female,32,Pasigueño,Immunization/Vaccination,2,3,3,3,"Nakuha ko naman yung kailangan ko. Malinaw naman yung basic instructions. Siguro ang pwede lang ayusin, medyo mahina yung boses sa pagtawag ng number. Sana lang mas maging consistent next time.",neutral
2026-06-30,Female,43,Pasigueño,Referral assistance,2,3,3,3,"Normal lang yung naging transaction ko, nothing special. Kailangan ko pang ulitin yung tanong bago naging clear; organized naman yung pila naman kapag ako na yung inaasikaso. Pwede pang ayusin nang konti yung flow.",neutral
2026-04-03,Male,32,Pasigueño,Nutrition counseling,1,2,2,2,Hindi magandang experience yung naging punta ko. Masyadong mahaba yung waiting time para sa simpleng transaction. Walang maayos na direction kung ano yung next step.,negative
2026-07-18,Female,36,Pasigueño,TB/DOTS consultation,4,3,3,3,"Sa part ng family planning consultation, organized naman yung pila, kaso may ilang minuto na walang gumagalaw sa pila. Nothing serious, pero noticeable lang.",neutral
2026-03-09,Female,30,Pasigueño,Laboratory request,3,4,3,4,Mas maayos yung transaction ko kaysa sa inaasahan ko. Dire-diretso yung process kaya hindi nasayang yung oras ko. Friendly naman yung nasa counter at hindi nakaka-intimidate magtanong.,positive
2026-06-23,Female,43,City Government Employee,Wound care/dressing,4,3,2,3,"Natapos naman yung transaction ko nang maayos. Organized naman yung pila, pero hindi pare-pareho yung explanation na narinig ko sa dalawang counter. Pwede pang ayusin nang konti yung flow.",neutral
2026-07-06,Male,51,Pasigueño,TB/DOTS consultation,4,3,2,3,"Usual lang yung naging process. Regarding sa vital signs check, kailangan ko pang ulitin yung tanong bago naging clear, pero natapos din naman at nasagot naman yung tanong ko. May konting inconvenience pero natapos din naman.",neutral
2026-03-12,Male,28,Pasigueño,Medical certificate,3,4,2,3,"Okay naman overall, may ilang minor issue lang. Pwede pang mas mabilis yung process; organized naman yung pila naman kapag ako na yung inaasikaso. Okay naman basta may konting improvement.",neutral
2026-06-03,Female,48,Pasigueño,Pharmacy/medicine assistance,2,1,2,2,"Hindi naging convenient yung transaction ko. Mabagal na nga yung pila, ilang beses pa akong pinabalik sa ibang counter. Kailangan pang pagbutihin yung client handling. Sana ma-review yung workflow at customer service.",negative
2026-02-01,Female,37,Pasigueño,Wound care/dressing,3,3,4,4,"Happy naman ako sa naging assistance. Mabilis yung checking ng requirements at tuloy-tuloy yung process. Overall, satisfied ako.",positive
2026-03-31,Male,46,City Government Employee,Pharmacy/medicine assistance,2,1,1,1,May mga bagay sa service na kailangan talagang ayusin. Hindi efficient yung flow kaya nasayang yung oras ko. Parang ayaw sumagot nung staff sa follow-up question ko. Sana mabigyan ito ng action.,negative
2026-05-29,Female,36,Pasigueño,Medical consultation,3,4,2,3,"Nagawa naman yung kailangan ko. Maayos kausap yung staff. Siguro ang pwede lang ayusin, kailangan ko pang ulitin yung tanong bago naging clear. Sana mas mabilis nang kaunti sa susunod.",neutral
2026-07-30,Male,32,City Government Employee,Laboratory request,2,2,1,2,Poor yung experience ko this time. Hindi organized yung queue kaya mas humaba yung paghihintay. Hindi malinaw kung saan dapat pumila at saan magsisimula.,negative
2026-06-14,Male,62,Pasigueño,Pharmacy/medicine assistance,4,4,4,3,Mabilis akong nakapag-asikaso nung pumunta ako. Simple at understandable yung explanation ng process. Courteous yung staff at malinaw makipag-usap. Keep up the good service.,positive
2026-04-18,Female,41,City Government Employee,Pharmacy/medicine assistance,4,4,4,4,"Yung referral assistance ko, clear yung directions at hindi ako nalito sa process. Nasunod naman agad yung sequence ng pila. Babalik ako nang hindi nag-aalala kung kailangan ulit.",positive
2026-03-23,Male,37,Pasigueño,TB/DOTS consultation,2,3,2,2,"Regarding sa medicine assistance, hindi maganda yung tono ng staff nung nagtanong ako. Ang daming idle time sa pagitan ng bawat step. Please improve the process and client handling.",negative
2026-03-31,Male,45,Non-Pasigueño,Pharmacy/medicine assistance,3,4,4,4,Maaga akong natapos kaya okay yung experience ko. Maayos yung queue kaya hindi nakakainip yung paghihintay. May initiative silang i-guide ako kung saan susunod.,positive
2026-02-16,Male,49,Non-Pasigueño,Vital signs screening,1,1,2,1,"Sa laboratory request mismo, hindi maayos yung pakikitungo nung humingi ako ng clarification. Pinaghintay ako nang matagal nang walang explanation kung bakit. Needs improvement talaga.",negative
2026-06-24,Male,40,City Government Employee,Maternal health consultation,4,4,4,3,Maayos sumagot yung staff sa mga tanong ko. Clear yung directions at hindi ako nalito sa process. Overall smooth at convenient.,positive
2026-07-24,Male,47,Non-Pasigueño,Maternal health consultation,4,4,4,3,Sulit yung pagpunta ko dahil mabilis natapos yung kailangan ko. Simple at understandable yung explanation ng process. Maayos yung pakikitungo sa akin mula umpisa hanggang matapos. Overall smooth at convenient.,positive
2026-06-06,Male,36,Non-Pasigueño,TB/DOTS consultation,2,3,4,3,Nagawa naman yung kailangan ko. May konting waiting time sa pagitan ng steps; hindi naman ako pinabalik para sa kulang na requirement naman kapag ako na yung inaasikaso. Pwede pang ayusin nang konti yung flow.,neutral
2026-01-29,Female,70,Pasigueño,Referral assistance,2,3,3,3,"Hindi naman ako pinabalik para sa kulang na requirement at natapos naman yung kailangan ko. Ang napansin ko lang, may konting kalituhan sa sequence ng pila. Pwede pang ayusin nang konti yung flow.",neutral
2026-08-09,Female,38,City Government Employee,Health card/clearance,1,1,1,1,Hindi okay para sa akin yung naging service. Sobrang haba ng process kumpara sa dapat sana. Parang minamadali ako kahit hindi ko pa naiintindihan yung instruction. Sana ayusin yung system para hindi maulit sa ibang client.,negative
2026-03-21,Male,29,Pasigueño,Medical consultation,2,2,1,2,"Sa part ng consultation, hindi maayos yung pakikitungo nung humingi ako ng clarification. Ang tagal ng checking kahit kumpleto naman yung dala ko. Mas okay sana kung may malinaw na queue at proper guidance.",negative
2026-04-19,Female,35,City Government Employee,Nutrition counseling,3,3,4,4,Okay na okay yung serbisyo para sa akin. Konti lang yung waiting time nung pumunta ako. Wala akong reklamo sa naging service.,positive
2026-03-04,Female,50,Pasigueño,Medical consultation,3,3,3,3,"Maayos naman in general yung service. Maayos kausap yung staff. Siguro ang pwede lang ayusin, hindi agad malinaw kung saan kukunin yung form. Hindi naman siya malaking issue para sa akin.",neutral
2026-04-06,Female,50,Non-Pasigueño,Immunization/Vaccination,2,2,1,2,Nakakapagod yung naging process para sa simpleng transaction. Paulit-ulit akong naghintay sa magkakaibang counter. Hindi straightforward yung process at maraming unnecessary na tanong.,negative
2026-05-11,Female,65,Non-Pasigueño,Medical consultation,4,3,2,3,"Sa immunization mismo, nasagot naman yung tanong ko, kaso may konting delay sa pila. Fair lang yung rating ko.",neutral
2026-01-14,Female,32,Pasigueño,TB/DOTS consultation,3,4,3,3,"Maayos naman in general yung service. Helpful naman yung nasa counter, pero may konting waiting time sa pagitan ng steps. May room for improvement pero acceptable naman.",neutral
2026-05-10,Female,48,Pasigueño,Animal bite treatment,2,2,3,2,Hindi malinaw kung saan dapat pumila at saan magsisimula. Parang walang clear system sa pagtawag kaya mabagal ang pila. Needs improvement talaga.,negative
2026-01-16,Male,30,Non-Pasigueño,Medical consultation,3,3,4,4,Ramdam na willing tumulong yung staff. Kompleto yung information na binigay sa counter. Okay na okay para sa akin.,positive
2026-02-15,Male,54,Non-Pasigueño,Medical consultation,3,4,4,4,Maganda yung naging proseso from start to finish. Within a reasonable time natapos yung kailangan ko. Babalik ako nang hindi nag-aalala kung kailangan ulit.,positive
2026-07-13,Female,35,Pasigueño,Vital signs screening,3,3,4,4,"Yung screening ko, hindi gaanong mahaba ang hintayan at mabilis natawag ang number ko. Simple at understandable yung explanation ng process. Thank you sa maayos na pag-assist.",positive
2026-05-14,Male,39,Pasigueño,Wound care/dressing,4,3,4,4,"Sa part ng medicine request, hindi pabalik-balik kaya mabilis matapos yung transaction. Madaling sundan yung steps na sinabi sa akin. Wala akong reklamo sa naging service.",positive
2026-03-12,Male,32,Non-Pasigueño,Medical certificate,2,1,1,1,Hindi ko nagustuhan yung naging flow ng service. Parang ayaw sumagot nung staff sa follow-up question ko. Sana mabigyan ito ng action.,negative
2026-05-18,Female,52,Pasigueño,Medical certificate,4,3,2,3,"Decent naman yung naging service. Straightforward naman yung requirements. Siguro ang pwede lang ayusin, hindi agad malinaw kung saan kukunin yung form. Nothing serious, pero noticeable lang.",neutral
2026-01-12,Male,33,City Government Employee,Animal bite treatment,3,2,2,2,"Regarding sa health card process, parang walang willingness tumulong nung nalito ako sa process. Ang daming idle time sa pagitan ng bawat step. Sana ma-review yung workflow at customer service.",negative
2026-07-08,Female,36,Pasigueño,Referral assistance,4,4,4,3,Hindi ako kinailangang magtanong nang paulit-ulit. Magalang at approachable yung staff na nakausap ko. Sana ma-maintain yung ganitong sistema.,positive
2026-01-25,Male,34,Pasigueño,Maternal health consultation,4,3,3,3,"Okay naman yung flow kapag ikaw na yung nasa counter at natapos naman yung kailangan ko. Ang napansin ko lang, may ilang minuto na walang gumagalaw sa pila. Fair lang yung rating ko.",neutral
2026-07-16,Male,37,Pasigueño,Family planning consultation,2,2,1,2,Hindi okay para sa akin yung naging service. Matagal bago may sumagot sa concern ko sa counter. Hindi maayos yung pakikitungo nung humingi ako ng clarification. Sana ayusin yung system para hindi maulit sa ibang client.,negative
2026-02-21,Male,51,Non-Pasigueño,Medical consultation,2,2,1,2,Hindi malinaw kung saan dapat pumila at saan magsisimula. Matagal bago may sumagot sa concern ko sa counter. Sana ma-review yung workflow at customer service.,negative
2026-01-12,Male,58,Non-Pasigueño,Referral assistance,3,4,3,3,"Para sa counseling session, nasagot naman yung tanong ko, kaso medyo mahaba yung pila pero gumagalaw naman. Fair lang yung rating ko.",neutral
2026-06-09,Female,31,City Government Employee,Laboratory request,4,4,3,4,Happy naman ako sa naging assistance. Maayos ang pila at mabilis yung galaw sa counter. May initiative silang i-guide ako kung saan susunod.,positive
2026-05-27,Female,43,Pasigueño,Immunization/Vaccination,3,4,4,4,"Nung nag-process ako ng DOTS service, maaga akong dumating at mabilis din akong natapos. Straightforward yung process at walang confusing na instruction. Sana ganito lagi yung serbisyo.",positive
2026-03-26,Male,42,Pasigueño,Medical consultation,4,4,3,4,"Para sa health card process, maayos sumagot yung staff sa mga tanong ko. Hindi ako pinaghintay nang matagal bago maasikaso.",positive
2026-04-26,Male,52,Pasigueño,TB/DOTS consultation,1,2,2,2,"Sa part ng pagpapa-dental, parang ayaw sumagot nung staff sa follow-up question ko. Matagal bago may sumagot sa concern ko sa counter. I hope maayos ito sa susunod.",negative
2026-07-20,Male,36,Non-Pasigueño,Family planning consultation,3,4,4,4,"Nung nag-process ako ng maternal health consultation, respectful yung pakikitungo kahit marami silang inaasikaso. Hindi gaanong mahaba ang hintayan at mabilis natawag ang number ko.",positive
2026-03-29,Female,53,Non-Pasigueño,Health card/clearance,3,3,4,4,Maayos ang explanation kaya walang naging aberya. Courteous yung staff at malinaw makipag-usap. Overall smooth at convenient.,positive
2026-07-13,Female,33,Pasigueño,Nutrition counseling,1,1,2,1,"Sa nutrition service mismo, hindi helpful yung sagot at itinuro lang ako sa ibang counter. Matagal bago may sumagot sa concern ko sa counter. Hindi dapat ganito katagal yung simpleng transaction.",negative
2026-04-20,Female,31,City Government Employee,Health card/clearance,4,4,3,4,Sulit yung pagpunta ko dahil mabilis natapos yung kailangan ko. Sakto lang yung waiting time at mabilis yung actual transaction. Good job sa staff.,positive
2026-06-29,Male,27,Non-Pasigueño,Health card/clearance,3,4,2,3,"Organized naman yung pila at natapos naman yung kailangan ko. Ang napansin ko lang, pwede pang mas mabilis yung process. Hindi naman siya malaking issue para sa akin.",neutral
2026-02-10,Male,59,Pasigueño,Referral assistance,1,1,2,1,"Regarding sa referral process, sobrang tagal bago ako natawag kahit matagal na akong naghihintay. Hindi maayos yung pakikitungo nung humingi ako ng clarification. I hope maayos ito sa susunod.",negative
2026-03-08,Female,35,Pasigueño,Wound care/dressing,3,2,2,2,"Nung nag-process ako ng vital signs check, kailangan pang pagbutihin yung client handling. Mabagal na nga yung pila, ilang beses pa akong pinabalik sa ibang counter. Needs improvement talaga.",negative
2026-01-08,Female,63,City Government Employee,Health card/clearance,4,3,3,4,"Yung health clearance ko, clear yung directions at hindi ako nalito sa process. Hindi gaanong mahaba ang hintayan at mabilis natawag ang number ko. Keep up the good service.",positive
2026-06-08,Female,33,Non-Pasigueño,TB/DOTS consultation,1,2,1,1,Hindi naging convenient yung transaction ko. Parang ayaw sumagot nung staff sa follow-up question ko. Please improve the process and client handling.,negative
2026-06-04,Female,42,Non-Pasigueño,Dental consultation,2,3,3,3,"Sa part ng vaccination, okay naman yung flow kapag ikaw na yung nasa counter, kaso medyo mahina yung boses sa pagtawag ng number. Sakto lang, neither good nor bad.",neutral
2026-08-08,Female,41,Pasigueño,Animal bite treatment,2,3,3,3,"Sa part ng consultation process, okay naman. Nakuha ko naman agad yung tamang form, although may konting delay sa pila. Fair lang yung rating ko.",neutral
2026-07-19,Female,49,Non-Pasigueño,Animal bite treatment,1,1,2,1,"Yung animal bite service ko, may kulang na requirement na saka lang sinabi nung nasa counter na ako. Hindi consistent yung assistance at iba-iba yung sinasabi ng staff.",negative
2026-03-21,Female,32,Pasigueño,Medical certificate,3,3,4,4,"Yung medical certificate ko, ramdam na willing tumulong yung staff. Maayos yung queue kaya hindi nakakainip yung paghihintay.",positive
2026-01-31,Female,32,Non-Pasigueño,Vital signs screening,4,3,4,4,Maayos yung signage at guide kaya madaling sundan. Very accommodating yung nag-assist sa akin. Keep up the good service.,positive
2026-04-21,Male,31,City Government Employee,Referral assistance,3,4,3,4,"Regarding sa DOTS service, clear yung directions at hindi ako nalito sa process. Maaga akong dumating at mabilis din akong natapos. Okay na okay para sa akin.",positive
2026-08-05,Female,71,Pasigueño,Wound care/dressing,3,3,3,3,"Para sa pagpapatingin, natapos naman nang maayos. Nasagot naman yung tanong ko; may konting kalituhan sa sequence ng pila lang. Sana lang mas maging consistent next time.",neutral
2026-06-07,Male,56,Pasigueño,Dental consultation,2,3,4,3,"Okay naman yung customer handling at natapos naman yung kailangan ko. Ang napansin ko lang, medyo matagal lang bago natawag yung number ko. Overall okay pa rin naman.",neutral
2026-03-06,Male,35,City Government Employee,Nutrition counseling,2,3,2,2,Dapat mas malinaw yung listahan ng kailangan bago pumila. Ang bagal ng usad ng pila at walang malinaw na update. I hope maayos ito sa susunod.,negative
2026-04-22,Male,47,Pasigueño,Immunization/Vaccination,3,3,4,4,"Yung consultation process ko, okay yung attitude ng staff, polite at helpful. Hindi ako pinaghintay nang matagal bago maasikaso.",positive
2026-01-10,Male,35,Non-Pasigueño,Laboratory request,4,4,4,3,Pleasant naman yung naging experience ko. Efficient yung pila at hindi magulo yung tawagan. Babalik ako nang hindi nag-aalala kung kailangan ulit.,positive
2026-06-09,Female,37,Pasigueño,Referral assistance,3,3,3,3,"Okay lang naman yung process. Hindi naman ako pinabalik para sa kulang na requirement, pero pwede pang mas mabilis yung process. Pwede pang ayusin nang konti yung flow.",neutral
2026-03-20,Male,57,Pasigueño,Laboratory request,1,1,1,1,Poor yung experience ko this time. Matagal bago may sumagot sa concern ko sa counter. Walang malinaw na update kung bakit delayed yung transaction.,negative
2026-05-05,Male,34,Non-Pasigueño,Maternal health consultation,3,2,3,3,"Okay naman overall, may ilang minor issue lang. Kumpleto naman yung information na binigay, pero pwede pang mas mabilis yung process. Hindi naman siya malaking issue para sa akin.",neutral
2026-03-08,Male,35,City Government Employee,Medical certificate,4,4,4,3,Ayos yung flow ng transaction ko. Maayos ang pila at mabilis yung galaw sa counter. Nakakagaan kapag ganito kaayos yung serbisyo.,positive
2026-02-22,Female,35,Pasigueño,Family planning consultation,2,3,2,2,"Regarding sa maternal health service, masyadong mahaba yung waiting time para sa simpleng transaction. Masyadong dismissive yung sagot sa concern ko. I hope maayos ito sa susunod.",negative
2026-04-03,Male,35,Non-Pasigueño,Referral assistance,3,4,3,4,"Sa part ng screening process, okay yung attitude ng staff, polite at helpful. Walang unnecessary delay sa naging transaction ko.",positive
2026-01-06,Female,43,City Government Employee,Family planning consultation,3,4,3,4,Good experience overall. Madaling sundan yung steps na sinabi sa akin. Magalang at approachable yung staff na nakausap ko. Thank you sa maayos na pag-assist.,positive
2026-03-05,Male,33,Pasigueño,Health card/clearance,4,4,3,4,"Nung nag-process ako ng pagkuha ng certificate, alam ko agad kung saan pupunta dahil malinaw yung instructions. Konti lang yung waiting time nung pumunta ako. Overall smooth at convenient.",positive
2026-01-17,Male,36,Pasigueño,Immunization/Vaccination,4,3,4,4,Smooth naman yung naging punta ko sa health office. Simple at understandable yung explanation ng process. Very accommodating yung nag-assist sa akin. Wala akong reklamo sa naging service.,positive
2026-04-07,Female,35,Non-Pasigueño,Pharmacy/medicine assistance,4,4,4,4,Maayos naipaliwanag yung requirements bago ako pumila. Maayos sumagot yung staff sa mga tanong ko. Thank you sa maayos na pag-assist.,positive
2026-03-28,Female,64,Pasigueño,Maternal health consultation,4,4,3,4,May initiative silang i-guide ako kung saan susunod. Hindi ako kinailangang magtanong nang paulit-ulit. Overall smooth at convenient.,positive
2026-02-05,Female,27,Pasigueño,Vital signs screening,4,3,3,4,Good experience overall. Dire-diretso yung process kaya hindi nasayang yung oras ko. Responsive yung staff kapag may clarification.,positive
2026-05-19,Female,29,City Government Employee,Pharmacy/medicine assistance,3,3,4,3,"Nung nag-process ako ng health clearance, natapos naman nang maayos. Nasagot naman yung tanong ko; kailangan ko pang magtanong kung saan yung next counter lang. Manageable naman kaya okay lang.",neutral
2026-02-22,Male,49,Pasigueño,Pharmacy/medicine assistance,3,4,4,4,"Sa part ng wound care, mabilis yung checking ng requirements at tuloy-tuloy yung process. Clear yung directions at hindi ako nalito sa process. Thank you sa maayos na pag-assist.",positive
2026-01-07,Male,49,Pasigueño,Laboratory request,4,4,4,3,Straightforward yung process at walang confusing na instruction. Friendly naman yung nasa counter at hindi nakaka-intimidate magtanong. Thank you sa maayos na pag-assist.,positive
2026-01-05,Male,41,City Government Employee,TB/DOTS consultation,3,4,4,4,Pleasant naman yung naging experience ko. Malinaw yung instructions kaya alam ko agad kung ano ang susunod. Professional kausap yung staff at mahinahon sumagot. Overall smooth at convenient.,positive
2026-06-23,Female,41,Non-Pasigueño,Maternal health consultation,4,3,4,4,Naging convenient yung process para sa akin. Hindi ako kinailangang magtanong nang paulit-ulit. Maayos sumagot yung staff sa mga tanong ko. Thank you sa maayos na pag-assist.,positive
2026-05-13,Female,41,Pasigueño,Nutrition counseling,2,1,2,2,Disappointed ako sa naging transaction. Hindi maganda yung tono ng staff nung nagtanong ako. Sana ayusin yung system para hindi maulit sa ibang client.,negative
2026-03-27,Male,27,City Government Employee,Animal bite treatment,4,3,2,3,"Normal lang yung naging transaction ko, nothing special. Kumpleto naman yung information na binigay, pero pwede pang mas mabilis yung process. Pwede pang ayusin nang konti yung flow.",neutral
2026-05-20,Female,39,Non-Pasigueño,Wound care/dressing,2,1,2,2,"Sa part ng maternal health service, ang bagal ng usad ng pila at walang malinaw na update. Hindi consistent yung assistance at iba-iba yung sinasabi ng staff. Sana ma-review yung workflow at customer service.",negative
2026-03-12,Male,30,City Government Employee,Dental consultation,1,1,2,1,Medyo frustrating yung naging proseso. Parang walang willingness tumulong nung nalito ako sa process. Sana ma-review yung workflow at customer service.,negative
2026-01-21,Male,47,City Government Employee,Nutrition counseling,4,3,4,4,"Sa laboratory request mismo, patient mag-explain yung staff kahit may follow-up questions ako. Hindi gaanong mahaba ang hintayan at mabilis natawag ang number ko.",positive
2026-07-19,Male,45,Pasigueño,Medical consultation,4,3,4,4,"Regarding sa health clearance, maayos yung signage at guide kaya madaling sundan. Mabilis nila na-process yung request ko. Good job sa staff.",positive
2026-03-01,Female,67,Pasigueño,TB/DOTS consultation,3,2,2,2,"Sa part ng animal bite service, parang walang willingness tumulong nung nalito ako sa process. Sobrang tagal bago ako natawag kahit matagal na akong naghihintay. Needs improvement talaga.",negative
2026-02-04,Male,40,Pasigueño,Vital signs screening,3,4,3,4,Naging convenient yung process para sa akin. Nasunod naman agad yung sequence ng pila. Maayos sumagot yung staff sa mga tanong ko.,positive
2026-06-26,Female,61,City Government Employee,Medical consultation,4,3,4,4,"Sa part ng treatment assistance, respectful yung pakikitungo kahit marami silang inaasikaso. Konti lang yung waiting time nung pumunta ako.",positive
2026-04-05,Female,33,City Government Employee,Immunization/Vaccination,2,3,3,3,"Wala namang major problem sa transaction. Para sa dental service, may konting delay sa pila, pero natapos din naman at organized naman yung pila. May konting inconvenience pero natapos din naman.",neutral
2026-03-22,Female,20,Pasigueño,Pharmacy/medicine assistance,4,4,4,3,"Sa dental consultation mismo, magalang at approachable yung staff na nakausap ko. Walang unnecessary delay sa naging transaction ko.",positive
2026-02-03,Male,53,Pasigueño,Nutrition counseling,3,4,2,3,"Medyo mabagal lang yung usad nung maraming tao, pero nakuha ko naman agad yung tamang form naman. May konting inconvenience pero natapos din naman.",neutral
2026-03-20,Female,53,City Government Employee,TB/DOTS consultation,2,3,4,3,"Nagawa naman yung kailangan ko. Okay naman yung customer handling. Siguro ang pwede lang ayusin, may ilang minuto na walang gumagalaw sa pila. Manageable naman kaya okay lang.",neutral
2026-07-11,Female,59,Non-Pasigueño,Medical certificate,2,3,3,3,"Maayos naman in general yung service. Straightforward naman yung requirements. Siguro ang pwede lang ayusin, may konting kalituhan sa sequence ng pila. Sana lang mas maging consistent next time.",neutral
2026-06-05,Female,39,Pasigueño,Wound care/dressing,3,4,4,4,"Nung nag-process ako ng family planning service, responsive yung staff kapag may clarification. Konti lang yung waiting time nung pumunta ako.",positive
2026-03-22,Female,27,City Government Employee,Health card/clearance,2,3,4,3,"Medyo masikip lang sa waiting area, pero helpful naman yung nasa counter naman. Sana mas mabilis nang kaunti sa susunod.",neutral
2026-05-21,Female,21,Pasigueño,Animal bite treatment,1,1,2,1,Mas maayos sana kung mas respectful yung pakikitungo sa clients. Kulang yung explanation kaya napabalik pa ako. Sana magkaroon ng clearer instructions at mas maayos na pila.,negative
2026-04-21,Male,36,Pasigueño,Pharmacy/medicine assistance,2,3,3,3,Nakuha ko naman yung kailangan ko. May ilang minuto na walang gumagalaw sa pila; okay naman yung customer handling naman kapag ako na yung inaasikaso. Sana lang mas maging consistent next time.,neutral
2026-02-10,Female,28,Pasigueño,Laboratory request,2,2,1,2,Hindi naging smooth yung pag-asikaso ko. Pinaghintay ako nang matagal nang walang explanation kung bakit. Parang ayaw sumagot nung staff sa follow-up question ko. Sana mas organized at respectful next time.,negative
2026-07-17,Female,33,City Government Employee,Family planning consultation,3,2,3,3,"Nung nag-process ako ng pharmacy service, okay naman. Maayos naman yung pag-check ng documents, although medyo mabagal lang yung usad nung maraming tao. Okay naman basta may konting improvement.",neutral
2026-02-07,Female,28,City Government Employee,Medical consultation,4,3,3,3,"Maayos naman yung actual service at natapos naman yung kailangan ko. Ang napansin ko lang, may konting kalituhan sa sequence ng pila. May room for improvement pero acceptable naman.",neutral
2026-03-25,Female,31,Pasigueño,Maternal health consultation,3,3,4,4,"Good experience overall. Clear yung directions at hindi ako nalito sa process. Patient mag-explain yung staff kahit may follow-up questions ako. Overall, satisfied ako.",positive
2026-02-11,Female,33,Pasigueño,TB/DOTS consultation,4,3,2,3,"Regarding sa family planning service, friendly naman yung nag-assist, kaso medyo mahina yung boses sa pagtawag ng number. Sakto lang, neither good nor bad.",neutral
2026-06-07,Female,30,Non-Pasigueño,Family planning consultation,4,4,4,3,"Sa part ng referral process, madaling sundan yung steps na sinabi sa akin. Walang unnecessary delay sa naging transaction ko. Keep up the good service.",positive
2026-07-06,Male,21,City Government Employee,Pharmacy/medicine assistance,2,2,1,2,Hindi okay para sa akin yung naging service. Kulangan yung information tungkol sa requirements. Sana ayusin yung system para hindi maulit sa ibang client.,negative
2026-04-20,Female,39,Pasigueño,Dental consultation,4,3,3,3,Nakuha ko naman yung kailangan ko. Kailangan ko pang ulitin yung tanong bago naging clear; malinaw naman yung basic instructions naman kapag ako na yung inaasikaso. Sana lang mas maging consistent next time.,neutral
2026-01-24,Female,58,Pasigueño,Nutrition counseling,2,3,3,3,"Regarding sa referral request, okay naman. Organized naman yung pila, although kailangan ko pang magtanong kung saan yung next counter. Manageable naman kaya okay lang.",neutral
2026-05-15,Male,25,Pasigueño,Maternal health consultation,2,2,1,2,Hindi straightforward yung process at maraming unnecessary na tanong. Ang bagal ng usad ng pila at walang malinaw na update. Sana mabigyan ito ng action.,negative
2026-04-11,Male,42,City Government Employee,Medical consultation,2,1,2,2,Stressful yung naging transaction ko. Parang minamadali ako kahit hindi ko pa naiintindihan yung instruction. Kailangan talagang pagbutihin yung service.,negative
2026-03-28,Male,36,City Government Employee,Medical consultation,2,1,2,2,Hindi straightforward yung process at maraming unnecessary na tanong. Ang daming idle time sa pagitan ng bawat step. Sana ayusin yung system para hindi maulit sa ibang client.,negative
2026-01-07,Female,33,City Government Employee,Maternal health consultation,3,3,2,3,"Okay lang naman yung process. Polite naman yung staff. Siguro ang pwede lang ayusin, may konting kalituhan sa sequence ng pila. Fair lang yung rating ko.",neutral
2026-03-01,Female,25,Pasigueño,Wound care/dressing,3,4,3,4,Malinaw yung instructions kaya alam ko agad kung ano ang susunod. Patient mag-explain yung staff kahit may follow-up questions ako. Good job sa staff.,positive
2026-06-13,Male,26,Pasigueño,Medical certificate,2,3,4,3,"Yung dental service ko, maayos naman yung actual service, kaso kailangan ko pang ulitin yung tanong bago naging clear. Nothing serious, pero noticeable lang.",neutral
2026-06-19,Male,39,Non-Pasigueño,Dental consultation,4,3,3,3,Acceptable naman yung service para sa akin. Medyo matagal yung checking ng requirements; maayos naman yung actual service naman kapag ako na yung inaasikaso. Sana mas mabilis nang kaunti sa susunod.,neutral
2026-02-18,Male,23,Pasigueño,Referral assistance,1,1,1,1,Hindi naging maayos yung experience ko. Hindi maayos yung signage kaya napunta ako sa maling pila. Hindi dapat ganito katagal yung simpleng transaction.,negative
2026-07-15,Female,52,Pasigueño,Medical certificate,4,3,4,4,Hindi ako nahirapan sa buong proseso. Efficient yung pila at hindi magulo yung tawagan. Maayos sumagot yung staff sa mga tanong ko.,positive
2026-03-29,Female,26,Pasigueño,Medical consultation,3,3,4,3,"Kumpleto naman yung information na binigay at natapos naman yung kailangan ko. Ang napansin ko lang, hindi pare-pareho yung explanation na narinig ko sa dalawang counter. Sana lang mas maging consistent next time.",neutral
2026-02-07,Female,36,Pasigueño,Referral assistance,4,4,3,4,"Sa part ng immunization, hindi pabalik-balik kaya mabilis matapos yung transaction. Clear yung directions at hindi ako nalito sa process. Nakakagaan kapag ganito kaayos yung serbisyo.",positive
2026-06-22,Female,56,Pasigueño,Health card/clearance,1,2,2,2,Nakakapagod yung naging process para sa simpleng transaction. May mga nauna kahit mas late silang dumating kaya nakakalito yung pila. Hindi straightforward yung process at maraming unnecessary na tanong.,negative
2026-04-26,Female,28,Pasigueño,Nutrition counseling,4,3,3,4,"Sa vaccine process mismo, professional kausap yung staff at mahinahon sumagot. Within a reasonable time natapos yung kailangan ko.",positive
2026-06-17,Male,72,Pasigueño,Dental consultation,2,4,3,3,"Okay lang naman yung process. Okay naman yung flow kapag ikaw na yung nasa counter, pero may ilang minuto na walang gumagalaw sa pila. Sana lang mas maging consistent next time.",neutral
2026-02-22,Female,44,City Government Employee,Referral assistance,3,2,2,2,Hindi naging maayos yung experience ko. May kulang na requirement na saka lang sinabi nung nasa counter na ako. Please improve the process and client handling.,negative
2026-04-02,Female,34,Pasigueño,Animal bite treatment,3,3,3,3,"Nakuha ko naman yung kailangan ko. Pwede pang mas mabilis yung process; okay naman yung flow kapag ikaw na yung nasa counter naman kapag ako na yung inaasikaso. Sakto lang, neither good nor bad.",neutral
2026-05-05,Female,37,Pasigueño,Immunization/Vaccination,4,3,4,4,"Yung immunization ko, sakto lang yung waiting time at mabilis yung actual transaction. Maayos naipaliwanag yung requirements bago ako pumila. Good job sa staff.",positive
2026-02-05,Female,31,City Government Employee,Animal bite treatment,2,1,2,2,"Regarding sa referral process, confusing yung sequence ng steps. Hindi maayos yung pakikitungo nung humingi ako ng clarification.",negative
2026-01-06,Female,22,Pasigueño,Health card/clearance,2,1,1,1,Poor yung experience ko this time. Kulangan yung information tungkol sa requirements. I hope maayos ito sa susunod.,negative
2026-05-15,Female,53,Pasigueño,Animal bite treatment,2,3,4,3,"Acceptable naman yung service para sa akin. Friendly naman yung nag-assist, pero may konting delay sa pila. Okay naman basta may konting improvement.",neutral
2026-02-27,Male,20,Pasigueño,Immunization/Vaccination,4,4,4,3,"Sa part ng referral request, nasunod naman agad yung sequence ng pila. Maayos yung signage at guide kaya madaling sundan. Babalik ako nang hindi nag-aalala kung kailangan ulit.",positive
2026-02-09,Female,38,Pasigueño,Pharmacy/medicine assistance,2,2,2,2,Disappointed ako sa naging transaction. Walang maayos na direction kung ano yung next step. Sana mas organized at respectful next time.,negative
2026-04-26,Male,23,Non-Pasigueño,Maternal health consultation,4,4,3,4,"Yung bite treatment process ko, straightforward yung process at walang confusing na instruction. Maaga akong dumating at mabilis din akong natapos. Nakakagaan kapag ganito kaayos yung serbisyo.",positive
2026-07-12,Male,49,Pasigueño,Nutrition counseling,1,1,2,1,Medyo frustrating yung naging proseso. Matagal akong nakaupo bago may nag-assist sa akin. Dapat mas malinaw yung listahan ng kailangan bago pumila.,negative
2026-04-26,Female,31,Non-Pasigueño,Referral assistance,3,4,2,3,Okay lang naman yung process. Hindi agad malinaw kung saan kukunin yung form; Maayos kausap yung staff naman kapag ako na yung inaasikaso. Hindi naman siya malaking issue para sa akin.,neutral
2026-04-03,Female,33,City Government Employee,Referral assistance,3,3,4,3,"Maayos kausap yung staff at natapos naman yung kailangan ko. Ang napansin ko lang, hindi agad malinaw kung saan kukunin yung form. Pwede pang ayusin nang konti yung flow.",neutral
2026-04-22,Female,37,City Government Employee,Vital signs screening,4,3,2,3,"Medyo matagal yung checking ng requirements, pero straightforward naman yung requirements naman. Sana lang mas maging consistent next time.",neutral
2026-07-19,Male,54,City Government Employee,Immunization/Vaccination,2,2,1,2,Hindi ko nagustuhan yung naging flow ng service. Hindi efficient yung flow kaya nasayang yung oras ko. May kulang na requirement na saka lang sinabi nung nasa counter na ako.,negative
2026-05-10,Female,34,Pasigueño,Referral assistance,2,3,2,2,"Regarding sa consultation, hindi straightforward yung process at maraming unnecessary na tanong. Hindi approachable yung nakausap ko sa counter.",negative
2026-01-26,Male,54,Non-Pasigueño,Nutrition counseling,1,1,1,1,Parang ayaw sumagot nung staff sa follow-up question ko. Hindi malinaw yung instructions na binigay sa akin sa simula. Sana ma-review yung workflow at customer service.,negative
2026-01-20,Female,45,Pasigueño,Family planning consultation,4,3,2,3,"Regarding sa consultation process, friendly naman yung nag-assist, kaso kailangan ko pang ulitin yung tanong bago naging clear. Manageable naman kaya okay lang.",neutral
2026-08-06,Male,38,Pasigueño,TB/DOTS consultation,3,4,3,4,"Sa request para sa laboratory mismo, dire-diretso yung process kaya hindi nasayang yung oras ko. Madaling sundan yung steps na sinabi sa akin. Overall, satisfied ako.",positive
2026-02-10,Female,28,Non-Pasigueño,Health card/clearance,3,2,3,3,"Neutral lang ako sa experience ko. Sa health clearance mismo, pwede pang mas mabilis yung process, pero natapos din naman at organized naman yung pila. Hindi naman siya malaking issue para sa akin.",neutral
2026-04-11,Male,34,Pasigueño,TB/DOTS consultation,4,4,4,4,Straightforward yung process at walang confusing na instruction. Patient mag-explain yung staff kahit may follow-up questions ako. Thank you sa maayos na pag-assist.,positive
2026-02-04,Male,44,Pasigueño,Medical consultation,3,4,2,3,"Para sa wound dressing, natapos naman nang maayos. Okay naman yung customer handling; kulang lang ng mas malinaw na signage lang. Pwede pang ayusin nang konti yung flow.",neutral
2026-01-21,Female,33,Pasigueño,Animal bite treatment,1,2,2,2,Mas matagal at mas magulo kaysa sa inaasahan ko. Parang walang willingness tumulong nung nalito ako sa process. Kailangan talagang pagbutihin yung service.,negative
2026-06-06,Female,48,Non-Pasigueño,Maternal health consultation,2,2,1,2,Sana ma-review yung process kasi nahirapan talaga ako. Ang bagal ng usad ng pila at walang malinaw na update. Kulang yung explanation kaya napabalik pa ako.,negative
2026-01-14,Female,44,City Government Employee,Family planning consultation,4,4,3,4,Maayos yung naging experience ko today. Konti lang yung waiting time nung pumunta ako. Magalang at approachable yung staff na nakausap ko.,positive
2026-06-27,Male,53,Pasigueño,Pharmacy/medicine assistance,1,2,1,1,"Sa part ng immunization, hindi maayos yung pakikitungo nung humingi ako ng clarification. Ang bagal ng usad ng pila at walang malinaw na update. I hope maayos ito sa susunod.",negative
2026-05-22,Female,36,City Government Employee,Pharmacy/medicine assistance,4,4,4,3,"Para sa maternal health consultation, maayos ang explanation kaya walang naging aberya. Within a reasonable time natapos yung kailangan ko. Okay na okay para sa akin.",positive
2026-06-09,Male,47,Pasigueño,Referral assistance,3,3,3,3,"Sa part ng referral process, okay naman. Organized naman yung pila, although kailangan ko pang ulitin yung tanong bago naging clear. Pwede pang ayusin nang konti yung flow.",neutral
2026-04-21,Male,35,Pasigueño,Dental consultation,3,4,4,4,"Nung nag-process ako ng request para sa laboratory, alam ko agad kung saan pupunta dahil malinaw yung instructions. Walang unnecessary delay sa naging transaction ko. Good job sa staff.",positive
2026-05-19,Male,46,Pasigueño,Animal bite treatment,3,4,4,4,"Para sa consultation process, sakto lang yung waiting time at mabilis yung actual transaction. Kompleto yung information na binigay sa counter. Thank you sa maayos na pag-assist.",positive
2026-06-19,Male,36,Pasigueño,Referral assistance,4,3,3,3,"Straightforward naman yung requirements at natapos naman yung kailangan ko. Ang napansin ko lang, medyo mahaba yung pila pero gumagalaw naman. May konting inconvenience pero natapos din naman.",neutral
2026-05-08,Male,37,Pasigueño,Family planning consultation,2,2,3,2,Hindi ko nagustuhan yung naging flow ng service. Hindi malinaw yung instructions na binigay sa akin sa simula. Sana mabigyan ito ng action.,negative
2026-06-29,Male,55,City Government Employee,Dental consultation,3,4,4,4,Maganda yung naging proseso from start to finish. Within a reasonable time natapos yung kailangan ko. Tinulungan ako agad nung hindi ko alam yung next step.,positive
2026-05-18,Female,34,Pasigueño,Laboratory request,2,1,2,2,Medyo frustrating yung naging proseso. Halos walang movement yung pila for a long time. Hindi helpful yung sagot at itinuro lang ako sa ibang counter. Sana mas organized at respectful next time.,negative
2026-02-27,Male,60,Pasigueño,Vital signs screening,3,3,4,4,Maayos yung pakikitungo sa akin mula umpisa hanggang matapos. Malinaw yung instructions kaya alam ko agad kung ano ang susunod. Okay na okay para sa akin.,positive
2026-03-28,Female,41,Pasigueño,Immunization/Vaccination,4,4,3,4,Kompleto yung information na binigay sa counter. Ramdam na willing tumulong yung staff. Wala akong reklamo sa naging service.,positive
2026-06-01,Male,31,City Government Employee,Nutrition counseling,2,2,1,2,"Regarding sa pharmacy service, hindi ako nabigyan ng maayos na explanation nung may concern ako. Matagal bago may sumagot sa concern ko sa counter. Marami pang kailangang i-improve.",negative
2026-05-10,Male,30,Pasigueño,Laboratory request,3,4,3,4,Na-appreciate ko yung maayos na assistance. Maayos naipaliwanag yung requirements bago ako pumila. Maganda yung customer handling nila. Salamat sa maayos na assistance.,positive
2026-05-29,Female,55,Pasigueño,Laboratory request,4,4,4,3,"Sa pharmacy service mismo, maaga akong dumating at mabilis din akong natapos. Nasagot nang maayos yung tanong ko tungkol sa requirements. Thank you sa maayos na pag-assist.",positive
2026-06-29,Male,48,Pasigueño,Medical certificate,4,4,4,4,Okay na okay yung serbisyo para sa akin. Madaling sundan yung steps na sinabi sa akin. Respectful yung pakikitungo kahit marami silang inaasikaso. Salamat sa maayos na assistance.,positive
2026-05-19,Female,34,Pasigueño,TB/DOTS consultation,1,1,1,1,Hindi malinaw ang proseso at hindi magalang ang staff.,negative
2026-01-16,Female,35,Pasigueño,Pharmacy/medicine assistance,4,3,3,3,"May konting delay pero manageable naman, pero straightforward naman yung requirements naman. Nothing serious, pero noticeable lang.",neutral
2026-04-28,Male,67,Pasigueño,Vital signs screening,4,4,4,4,Magalang at approachable yung staff na nakausap ko. Kompleto yung information na binigay sa counter. Thank you sa maayos na pag-assist.,positive
2026-07-16,Male,64,Non-Pasigueño,Animal bite treatment,2,2,1,2,Hindi patient mag-explain yung staff. Iba-iba yung instruction na nakuha ko sa bawat counter. Kailangan talagang pagbutihin yung service.,negative
2026-04-04,Male,31,Pasigueño,Family planning consultation,4,4,4,3,Tinulungan ako agad nung hindi ko alam yung next step. Maayos naipaliwanag yung requirements bago ako pumila. Wala akong reklamo sa naging service.,positive
2026-05-13,Male,57,Pasigueño,Laboratory request,4,4,4,3,Ayos yung flow ng transaction ko. Maayos ang explanation kaya walang naging aberya. Maayos sumagot yung staff sa mga tanong ko. Salamat sa maayos na assistance.,positive
2026-07-21,Male,61,Non-Pasigueño,Pharmacy/medicine assistance,4,3,3,3,"Medyo mahaba yung pila pero gumagalaw naman, pero kumpleto naman yung information na binigay naman. Hindi naman siya malaking issue para sa akin.",neutral
2026-07-06,Male,30,Pasigueño,Family planning consultation,1,1,2,1,Hindi naging smooth yung pag-asikaso ko. May mga nauna kahit mas late silang dumating kaya nakakalito yung pila. Hindi ako nabigyan ng maayos na explanation nung may concern ako. Sana magkaroon ng clearer instructions at mas maayos na pila.,negative
2026-02-11,Female,43,Pasigueño,Health card/clearance,3,4,2,3,"Polite naman yung staff at natapos naman yung kailangan ko. Ang napansin ko lang, kailangan ko pang ulitin yung tanong bago naging clear. Pwede pang ayusin nang konti yung flow.",neutral
2026-07-16,Female,39,Non-Pasigueño,Health card/clearance,2,2,1,2,Hindi naging smooth yung pag-asikaso ko. Kulangan yung information tungkol sa requirements. Sana ayusin yung system para hindi maulit sa ibang client.,negative
2026-07-23,Female,44,City Government Employee,Health card/clearance,3,4,3,4,"Yung consultation ko, madaling sundan yung steps na sinabi sa akin. Walang unnecessary delay sa naging transaction ko. Thank you sa maayos na pag-assist.",positive
2026-06-30,Male,23,Pasigueño,Animal bite treatment,2,3,4,3,"Regarding sa consultation, natapos naman nang maayos. Maayos kausap yung staff; medyo mabagal lang yung usad nung maraming tao lang. Manageable naman kaya okay lang.",neutral
2026-05-05,Female,31,Non-Pasigueño,Pharmacy/medicine assistance,2,1,1,1,Poor yung experience ko this time. Hindi organized yung queue kaya mas humaba yung paghihintay. Hindi maayos yung pakikitungo nung humingi ako ng clarification. Hindi dapat ganito katagal yung simpleng transaction.,negative
2026-06-15,Male,42,Pasigueño,Laboratory request,4,3,4,4,"Nung nag-process ako ng family planning service, maganda yung customer handling nila. Dire-diretso yung process kaya hindi nasayang yung oras ko.",positive
2026-04-10,Male,39,Pasigueño,Medical certificate,2,3,4,3,"Nagawa naman yung kailangan ko. Nung nag-process ako ng wound dressing, kailangan ko pang magtanong kung saan yung next counter, pero natapos din naman at friendly naman yung nag-assist. May konting inconvenience pero natapos din naman.",neutral
2026-06-18,Female,28,Pasigueño,Referral assistance,3,3,2,3,"Maayos naman in general yung service. Para sa immunization, hindi agad malinaw kung saan kukunin yung form, pero natapos din naman at organized naman yung pila. Pwede pang ayusin nang konti yung flow.",neutral
2026-04-08,Female,36,Non-Pasigueño,Animal bite treatment,3,4,4,4,Hindi ako kinailangang magtanong nang paulit-ulit. May initiative silang i-guide ako kung saan susunod. Babalik ako nang hindi nag-aalala kung kailangan ulit.,positive
2026-06-10,Female,24,Pasigueño,Animal bite treatment,3,2,3,3,"Average lang yung experience ko. Kumpleto naman yung information na binigay, pero kailangan ko pang ulitin yung tanong bago naging clear. Sakto lang, neither good nor bad.",neutral
2026-08-10,Male,21,Pasigueño,Pharmacy/medicine assistance,4,4,4,3,Smooth naman yung naging punta ko sa health office. Maayos yung queue kaya hindi nakakainip yung paghihintay. Tinulungan ako agad nung hindi ko alam yung next step.,positive
2026-05-08,Male,33,Pasigueño,Referral assistance,3,2,2,2,"Sa part ng DOTS service, sobrang tagal bago ako natawag kahit matagal na akong naghihintay. Mas maayos sana kung mas respectful yung pakikitungo sa clients. Please improve the process and client handling.",negative
2026-01-16,Female,49,Pasigueño,Health card/clearance,2,3,4,3,"May good parts naman yung service pero may konting inconvenience. Yung referral request ko, kailangan ko pang magtanong kung saan yung next counter, pero natapos din naman at straightforward naman yung requirements. Nothing serious, pero noticeable lang.",neutral
2026-02-15,Female,39,Pasigueño,Medical consultation,2,2,1,2,"Para sa vaccine process, hindi visible yung process kaya kailangan pang magtanong nang paulit-ulit. Parang ayaw sumagot nung staff sa follow-up question ko.",negative
2026-01-29,Male,38,Non-Pasigueño,Health card/clearance,3,2,3,3,"Sakto lang yung naging experience ko today. Maayos naman yung actual service. Siguro ang pwede lang ayusin, medyo masikip lang sa waiting area. Sana lang mas maging consistent next time.",neutral
2026-07-21,Male,23,Pasigueño,Laboratory request,4,3,3,3,"May konting kalituhan sa sequence ng pila, pero Maayos kausap yung staff naman. Sana mas mabilis nang kaunti sa susunod.",neutral
2026-06-10,Male,49,City Government Employee,Wound care/dressing,1,2,2,2,"Sa part ng medicine assistance, parang walang willingness tumulong nung nalito ako sa process. Pinaghintay ako nang matagal nang walang explanation kung bakit. Hindi dapat ganito katagal yung simpleng transaction.",negative
2026-03-30,Male,41,Non-Pasigueño,Nutrition counseling,2,1,2,2,Hindi ako satisfied sa naging assistance. Kulang yung explanation kaya napabalik pa ako. Sana mabigyan ito ng action.,negative
2026-04-07,Male,33,Non-Pasigueño,Pharmacy/medicine assistance,2,2,1,2,Confusing yung sequence ng steps. Hindi organized yung queue kaya mas humaba yung paghihintay. Sana mas organized at respectful next time.,negative
2026-06-30,Male,57,Non-Pasigueño,Nutrition counseling,3,3,2,3,"Decent naman yung naging service. Nasagot naman yung tanong ko. Siguro ang pwede lang ayusin, may ilang minuto na walang gumagalaw sa pila. Overall okay pa rin naman.",neutral
2026-06-01,Male,62,Pasigueño,Maternal health consultation,2,2,1,2,"Sa maternal health consultation mismo, may kulang na requirement na saka lang sinabi nung nasa counter na ako. Naramdaman kong naiirita yung kausap ko nung nagtanong ulit ako.",negative
2026-06-25,Female,40,Pasigueño,Nutrition counseling,3,3,3,3,"Hindi naman bad, pero may pwede pang ayusin. Sa counseling session mismo, kailangan ko pang ulitin yung tanong bago naging clear, pero natapos din naman at nasagot naman yung tanong ko. Okay naman basta may konting improvement.",neutral
2026-05-10,Male,38,Pasigueño,Laboratory request,1,1,2,1,"Para sa pagpapatingin, hindi consistent yung assistance at iba-iba yung sinasabi ng staff. Ang tagal ng checking kahit kumpleto naman yung dala ko. Kailangan talagang pagbutihin yung service.",negative
2026-06-08,Female,28,Non-Pasigueño,Health card/clearance,2,2,3,2,Hindi professional yung tono ng pakikipag-usap sa akin. Hindi malinaw yung instructions na binigay sa akin sa simula. Sana ayusin yung system para hindi maulit sa ibang client.,negative
2026-04-04,Male,28,Pasigueño,Nutrition counseling,3,4,3,3,"Malinaw naman yung basic instructions at natapos naman yung kailangan ko. Ang napansin ko lang, medyo mabagal lang yung usad nung maraming tao. Sana mas mabilis nang kaunti sa susunod.",neutral
2026-06-29,Female,40,Pasigueño,Referral assistance,2,4,3,3,"Yung consultation ko, okay naman. Malinaw naman yung basic instructions, although medyo mahina yung boses sa pagtawag ng number. Hindi naman siya malaking issue para sa akin.",neutral
2026-01-25,Female,56,Pasigueño,Medical certificate,3,4,3,4,Naging convenient yung process para sa akin. Within a reasonable time natapos yung kailangan ko. Very accommodating yung nag-assist sa akin.,positive
2026-06-24,Male,24,Pasigueño,Family planning consultation,3,4,2,3,"Regarding sa pagpapatingin, natapos naman nang maayos. Nakuha ko naman agad yung tamang form; pwede pang mas mabilis yung process lang. Okay naman basta may konting improvement.",neutral
2026-01-23,Male,47,Pasigueño,Family planning consultation,1,2,2,2,Disappointed ako sa naging transaction. Masyadong dismissive yung sagot sa concern ko. Mas okay sana kung may malinaw na queue at proper guidance.,negative
2026-07-15,Female,67,Pasigueño,Referral assistance,3,4,4,4,"Regarding sa treatment assistance, magalang at approachable yung staff na nakausap ko. Hindi ako pinaghintay nang matagal bago maasikaso.",positive
2026-05-08,Female,43,Pasigueño,Pharmacy/medicine assistance,3,3,3,3,"Nakuha ko naman yung kailangan ko. Malinaw naman yung basic instructions. Siguro ang pwede lang ayusin, kailangan ko pang magtanong kung saan yung next counter. Sakto lang, neither good nor bad.",neutral
2026-07-13,Male,37,Pasigueño,Wound care/dressing,2,3,4,3,May good parts naman yung service pero may konting inconvenience. Mas okay sana kung mas visible yung instructions; helpful naman yung nasa counter naman kapag ako na yung inaasikaso. Sana mas mabilis nang kaunti sa susunod.,neutral
2026-06-12,Male,67,Pasigueño,Dental consultation,4,3,2,3,"Okay lang naman yung process. Malinaw naman yung basic instructions, pero medyo matagal yung checking ng requirements. Hindi naman siya malaking issue para sa akin.",neutral
2026-04-20,Male,34,Non-Pasigueño,Dental consultation,3,4,3,3,"Okay lang naman yung process. Sa certificate request mismo, may konting delay sa pila, pero natapos din naman at helpful naman yung nasa counter. May konting inconvenience pero natapos din naman.",neutral
2026-02-01,Female,48,Non-Pasigueño,Animal bite treatment,4,4,4,3,Malinaw yung instructions kaya alam ko agad kung ano ang susunod. Tinulungan ako agad nung hindi ko alam yung next step. Good job sa staff.,positive
2026-04-07,Female,36,Pasigueño,Referral assistance,1,2,1,1,Hindi visible yung process kaya kailangan pang magtanong nang paulit-ulit. May mga nauna kahit mas late silang dumating kaya nakakalito yung pila. Sana mas organized at respectful next time.,negative
2026-04-26,Female,37,Pasigueño,Medical consultation,4,3,2,3,"Pwede pang mas mabilis yung process, pero helpful naman yung nasa counter naman. Fair lang yung rating ko.",neutral
2026-01-09,Female,63,Pasigueño,TB/DOTS consultation,4,3,4,4,"Para sa referral assistance, straightforward yung process at walang confusing na instruction. Hindi ako pinaghintay nang matagal bago maasikaso. Babalik ako nang hindi nag-aalala kung kailangan ulit.",positive
2026-02-01,Female,42,Non-Pasigueño,Immunization/Vaccination,4,4,3,4,"Yung referral process ko, malinaw yung instructions kaya alam ko agad kung ano ang susunod. Maaga akong dumating at mabilis din akong natapos. Salamat sa maayos na assistance.",positive
2026-07-03,Male,46,Pasigueño,Wound care/dressing,4,3,4,4,"Sa part ng screening, maayos ang pila at mabilis yung galaw sa counter. Straightforward yung process at walang confusing na instruction. Nakakagaan kapag ganito kaayos yung serbisyo.",positive
2026-08-03,Female,49,Pasigueño,Family planning consultation,2,1,1,1,"Regarding sa consultation, ang tagal ng checking kahit kumpleto naman yung dala ko. Hindi ako nabigyan ng maayos na explanation nung may concern ako. Mas okay sana kung may malinaw na queue at proper guidance.",negative
2026-06-30,Female,50,Pasigueño,TB/DOTS consultation,4,4,4,4,"Nung nag-process ako ng screening, nasagot nang maayos yung tanong ko tungkol sa requirements. Maayos yung queue kaya hindi nakakainip yung paghihintay. Sana ma-maintain yung ganitong sistema.",positive
2026-02-26,Male,34,Non-Pasigueño,TB/DOTS consultation,3,3,2,3,"Hindi agad malinaw kung saan kukunin yung form, pero Maayos kausap yung staff naman. Overall okay pa rin naman.",neutral
2026-01-21,Male,34,Non-Pasigueño,Immunization/Vaccination,3,2,2,2,Hindi naging maayos yung experience ko. May mga nauna kahit mas late silang dumating kaya nakakalito yung pila. Hindi maayos yung pakikitungo nung humingi ako ng clarification. Hindi dapat ganito katagal yung simpleng transaction.,negative
2026-07-02,Male,31,Pasigueño,Referral assistance,1,2,2,2,May mga bagay sa service na kailangan talagang ayusin. Pinaghintay ako nang matagal nang walang explanation kung bakit. Hindi malinaw kung saan dapat pumila at saan magsisimula.,negative
2026-07-28,Female,21,Pasigueño,Maternal health consultation,3,4,3,3,"Sa dressing service mismo, natapos naman nang maayos. Hindi naman ako pinabalik para sa kulang na requirement; mas okay sana kung mas visible yung instructions lang. Overall okay pa rin naman.",neutral
2026-08-02,Female,24,Pasigueño,Family planning consultation,3,4,4,4,Maayos yung pakikitungo sa akin mula umpisa hanggang matapos. Straightforward yung process at walang confusing na instruction. Sana ganito lagi yung serbisyo.,positive
2026-07-30,Male,26,Pasigueño,Maternal health consultation,2,1,2,2,Disappointed ako sa naging transaction. Parang walang willingness tumulong nung nalito ako sa process. Kailangan talagang pagbutihin yung service.,negative
2026-04-27,Female,51,Pasigueño,Animal bite treatment,4,3,4,4,Maayos at organized yung naging service. Mabilis yung checking ng requirements at tuloy-tuloy yung process. Courteous yung staff at malinaw makipag-usap.,positive
2026-06-29,Male,62,Pasigueño,Dental consultation,2,2,2,2,Hindi malinaw yung instructions kaya ilang beses akong nalito. Sobrang tagal bago ako natawag kahit matagal na akong naghihintay. Mas okay sana kung may malinaw na queue at proper guidance.,negative
2026-01-19,Male,58,Pasigueño,Wound care/dressing,2,2,2,2,Medyo frustrating yung naging proseso. Matagal akong nakaupo bago may nag-assist sa akin. Walang malinaw na update kung bakit delayed yung transaction.,negative
2026-02-26,Male,25,City Government Employee,TB/DOTS consultation,4,4,4,4,"Sa nutrition service mismo, simple at understandable yung explanation ng process. Mabilis nila na-process yung request ko. Babalik ako nang hindi nag-aalala kung kailangan ulit.",positive
2026-04-18,Male,29,Pasigueño,Maternal health consultation,4,3,3,4,Maayos yung signage at guide kaya madaling sundan. Responsive yung staff kapag may clarification. Sana ma-maintain yung ganitong sistema.,positive
2026-02-13,Male,38,Pasigueño,Medical certificate,4,4,4,3,"Yung clearance request ko, maayos ang pila at mabilis yung galaw sa counter. Hindi ako kinailangang magtanong nang paulit-ulit. Babalik ako nang hindi nag-aalala kung kailangan ulit.",positive
2026-01-18,Female,60,Pasigueño,Dental consultation,2,2,1,2,"Nung nag-process ako ng medical certificate, ang daming idle time sa pagitan ng bawat step. Kailangan pang pagbutihin yung client handling. Marami pang kailangang i-improve.",negative
2026-07-26,Male,50,Pasigueño,Dental consultation,3,3,3,3,"Para sa certificate request, natapos naman nang maayos. Maayos naman yung actual service; pwede pang mas mabilis yung process lang. Nothing serious, pero noticeable lang.",neutral
2026-03-09,Female,38,Pasigueño,Nutrition counseling,1,1,1,1,"Yung laboratory request ko, hindi approachable yung nakausap ko sa counter. Matagal akong nakaupo bago may nag-assist sa akin. Please improve the process and client handling.",negative
2026-04-01,Male,36,Pasigueño,Referral assistance,3,4,3,3,"Normal lang yung naging transaction ko, nothing special. Para sa referral request, medyo mabagal lang yung usad nung maraming tao, pero natapos din naman at malinaw naman yung basic instructions. Fair lang yung rating ko.",neutral
2026-08-01,Female,67,Pasigueño,Medical certificate,3,4,3,4,"Medyo mabagal sa umpisa pero nung na-check na yung requirements ko, mabilis na yung sumunod na steps at maayos naman yung staff.",positive
2026-08-01,Male,58,Pasigueño,Wound care/dressing,2,4,3,3,"Mabait naman yung staff pero medyo matagal yung checking, kaya sakto lang yung overall experience ko.",neutral
2026-08-01,Female,22,City Government Employee,Wound care/dressing,2,2,3,2,Mabilis yung unang step pero mali yung instruction pagkatapos kaya napabalik din ako at mas natagalan.,negative
2026-08-02,Male,33,Non-Pasigueño,Vital signs screening,3,3,4,4,May pila pa rin pero hindi nakakainis kasi organized at malinaw kung kailan ka tatawagin.,positive
2026-08-02,Male,42,City Government Employee,Dental consultation,2,4,3,3,"Mabilis yung pila sa umpisa pero nagkaroon ng delay sa next step, so average lang para sa akin.",neutral
2026-08-02,Female,44,Non-Pasigueño,Health card/clearance,2,2,3,2,Maayos sana yung pila pero hindi helpful yung staff nung nagtanong ako tungkol sa kulang na requirement.,negative
2026-08-03,Male,20,Pasigueño,Nutrition counseling,4,3,4,4,Akala ko malilito ako sa process pero maayos naman akong ginabayan kaya naging madali yung transaction.,positive
2026-08-03,Male,25,Non-Pasigueño,Animal bite treatment,4,3,2,3,Maayos yung instructions pero medyo mahaba yung waiting time bago ako natawag.,neutral
2026-08-03,Female,35,Non-Pasigueño,Medical consultation,2,3,2,2,May staff na polite pero mali-mali yung directions kaya tatlong counter pa yung napuntahan ko bago naayos.,negative
2026-08-04,Male,28,Non-Pasigueño,Wound care/dressing,4,3,3,4,"Hindi agad ako natawag, pero nung turn ko na kumpleto yung explanation at hindi na ako pinabalik sa ibang counter.",positive
2026-08-04,Female,35,Non-Pasigueño,Medical certificate,3,2,3,3,"Okay naman yung service, may part na mabilis at may part din na medyo mabagal.",neutral
2026-08-04,Male,65,Non-Pasigueño,Immunization/Vaccination,2,1,2,2,"Hindi naman mahaba yung pila, pero kulang yung information kaya kailangan ko pang bumalik sa ibang araw.",negative
2026-08-05,Female,57,City Government Employee,Medical certificate,4,3,4,4,May konting delay sa verification pero nag-update naman yung staff at maayos nilang na-resolve yung concern ko.,positive
2026-08-05,Female,66,City Government Employee,TB/DOTS consultation,4,3,2,3,Helpful naman yung staff pero sana mas malinaw kung saan pipila pagkatapos ng first counter.,neutral
2026-08-05,Male,64,Non-Pasigueño,Medical consultation,2,2,2,2,Mabilis akong natawag pero hindi naipaliwanag nang maayos yung process kaya nagkamali ako sa form.,negative
2026-08-06,Male,57,Non-Pasigueño,Medical certificate,4,3,3,4,Matao nung pumunta ako pero maayos pa rin yung flow at respectful yung staff kahit busy sila.,positive
2026-08-06,Female,49,Pasigueño,Animal bite treatment,3,3,3,3,"Hindi naman ako nahirapan nang sobra, pero kailangan ko pa ring magtanong para malaman yung next step.",neutral
2026-08-06,Female,26,City Government Employee,Family planning consultation,2,1,2,2,"Okay sana yung waiting time, kaso hindi respectful yung tono nung staff nung humingi ako ng clarification.",negative
2026-08-07,Female,23,Pasigueño,Referral assistance,4,3,4,4,Hindi perfect yung waiting time pero very helpful yung assistance at malinaw yung next steps.,positive
2026-08-07,Female,22,City Government Employee,Pharmacy/medicine assistance,2,4,3,3,"Maayos naman yung actual assistance, although medyo matagal yung release.",neutral
2026-08-07,Female,18,Non-Pasigueño,Dental consultation,1,1,2,1,May mabilis na part pero overall hassle dahil paiba-iba yung sinasabi tungkol sa requirements.,negative
2026-08-08,Female,44,Pasigueño,TB/DOTS consultation,3,3,4,4,May isang requirement akong hindi sure pero mahinahon nila akong tinulungan at natapos ko rin agad yung process.,positive
2026-08-08,Male,39,Pasigueño,Immunization/Vaccination,4,2,3,3,Mabilis akong na-check pero may konting paghihintay bago na-process yung final step.,neutral
2026-08-08,Female,68,City Government Employee,Laboratory request,2,3,2,2,Hindi ako gaanong naghintay pero hindi rin na-resolve yung concern ko at pinasa lang ako sa ibang counter.,negative
2026-08-09,Male,29,Non-Pasigueño,Immunization/Vaccination,3,4,4,4,Medyo matagal yung unang pila pero after that mabilis na at maayos yung pakikitungo sa akin.,positive
2026-08-09,Male,58,Non-Pasigueño,Immunization/Vaccination,4,3,2,3,Polite naman yung staff pero hindi ganoon ka-clear yung signage para sa mga first-time na pupunta.,neutral
2026-08-09,Male,33,Pasigueño,Family planning consultation,1,1,2,1,"Mabilis yung checking pero saka lang sinabi na may kulang pala, kahit na-check na raw yung requirements ko kanina.",negative
2026-08-10,Female,64,Pasigueño,Wound care/dressing,3,3,4,4,May konting confusion sa simula pero agad naman akong tinulungan kaya naging smooth yung rest ng transaction.,positive
2026-08-10,Female,31,Pasigueño,Family planning consultation,3,3,3,3,Okay lang yung transaction ko; may konting delay pero hindi naman umabot sa point na sobrang hassle.,neutral
2026-08-10,Male,34,Non-Pasigueño,Health card/clearance,3,2,2,2,May ilang staff na maayos kausap pero hindi organized yung process kaya paulit-ulit akong pumila.,negative
2026-08-11,Female,65,Pasigueño,Health card/clearance,4,3,4,4,"Hindi mabilis lahat ng step, pero overall okay na okay dahil hindi ako pinabayaan at clear yung instructions.",positive
2026-08-11,Male,65,Non-Pasigueño,Animal bite treatment,2,3,3,3,May isang instruction na medyo confusing pero na-clarify naman nung nagtanong ako.,neutral
2026-08-11,Female,44,Pasigueño,Maternal health consultation,1,2,2,2,Hindi sobrang haba ng queue pero confusing yung directions at walang malinaw na taong matanungan.,negative
2026-08-12,Male,57,City Government Employee,Medical consultation,3,3,4,4,Nagkaroon ng slight delay sa release pero sinabi naman agad yung reason at naibigay din within a reasonable time.,positive
2026-08-12,Male,62,Pasigueño,Immunization/Vaccination,3,2,3,3,"Naging mabilis yung ibang part pero medyo mabagal yung verification, kaya neutral lang yung rating ko.",neutral
2026-08-12,Male,67,Non-Pasigueño,Maternal health consultation,2,1,2,2,"Mabilis sana matapos kung pare-pareho yung instructions, pero iba yung sinabi ng bawat counter.",negative
2026-08-13,Female,63,Non-Pasigueño,Pharmacy/medicine assistance,3,4,3,4,Maraming tao pero efficient yung staff kaya tuloy-tuloy naman yung queue at hindi ako sobrang natagalan.,positive
2026-08-13,Male,38,Pasigueño,Laboratory request,3,4,2,3,"Maayos naman yung flow kapag nasa counter ka na, pero matagal lang bago makarating yung turn mo.",neutral
2026-08-13,Male,64,Non-Pasigueño,Nutrition counseling,3,2,2,2,Friendly yung unang staff pero yung sumunod hindi maayos kausap at hindi malinaw mag-explain.,negative
2026-08-14,Male,21,Non-Pasigueño,Animal bite treatment,4,4,4,4,May hintay nang kaunti pero worth it naman dahil maayos yung service at kumpleto yung paliwanag.,positive
2026-08-14,Female,61,City Government Employee,Pharmacy/medicine assistance,3,2,3,3,Friendly yung nag-assist pero sana mas consistent yung information na binibigay sa bawat counter.,neutral
2026-08-14,Female,32,Pasigueño,TB/DOTS consultation,2,1,2,2,"May update naman tungkol sa delay, pero sobrang tagal pa rin at hindi reasonable para sa simpleng transaction.",negative
2026-08-15,Female,24,City Government Employee,Maternal health consultation,3,3,4,4,Hindi ko agad nakita yung tamang counter pero may staff na kusa akong ginabayan kaya mabilis din akong naka-adjust.,positive
2026-08-15,Male,63,Non-Pasigueño,Vital signs screening,3,2,3,3,"Hindi naman negative yung experience, pero may ilang bagay pang puwedeng gawing mas efficient.",neutral
2026-08-15,Male,20,Non-Pasigueño,Health card/clearance,2,3,2,2,Hindi ako pinaghintay nang matagal sa una pero napabalik ako dahil may requirement na hindi sinabi beforehand.,negative
2026-08-01,Male,44,Non-Pasigueño,Vital signs screening,4,3,4,4,May minor inconvenience sa pila pero professional at accommodating yung staff kaya satisfied pa rin ako.,positive
2026-08-01,Male,52,Non-Pasigueño,Immunization/Vaccination,4,2,3,3,Okay naman sila kausap pero medyo kulang yung explanation sa umpisa.,neutral
2026-08-01,Male,53,City Government Employee,Health card/clearance,2,3,2,2,Mabilis yung tawag ng number pero hindi organized yung actual processing kaya natambakan din sa loob.,negative
2026-08-02,Male,59,City Government Employee,Medical consultation,4,3,4,4,"Medyo nagtagal yung checking pero sigurado naman silang tama lahat bago ako pinatuloy, which I appreciated.",positive
2026-08-02,Female,49,Non-Pasigueño,Animal bite treatment,3,3,3,3,Mabilis yung release pero yung initial waiting time medyo mahaba.,neutral
2026-08-02,Male,34,Non-Pasigueño,Health card/clearance,2,2,1,2,Okay sana yung service kung hindi ako ilang beses pinapunta sa maling counter.,negative
2026-08-03,Female,66,Non-Pasigueño,Medical consultation,3,4,4,4,Hindi agad naging clear sa akin yung form pero patient yung staff at tinulungan nila akong punan nang tama.,positive
2026-08-03,Female,63,City Government Employee,Animal bite treatment,3,3,2,3,May malinaw na process naman pero kulang lang ng visible signs para alam agad kung saan pupunta.,neutral
2026-08-03,Female,37,Pasigueño,Family planning consultation,3,2,2,2,May signage naman pero hindi tugma sa actual na proseso kaya lalo lang akong nalito.,negative
2026-08-04,Female,37,Pasigueño,Health card/clearance,4,3,4,4,May waiting time pero comfortable naman yung process dahil maayos yung coordination ng mga counter.,positive
2026-08-04,Male,69,Non-Pasigueño,Animal bite treatment,2,4,3,3,Average lang yung naging visit ko; natapos naman lahat pero may kaunting inconvenience sa pila.,neutral
2026-08-04,Female,45,City Government Employee,Animal bite treatment,1,2,2,2,Hindi gaanong mahaba yung pila pero hindi professional yung pakikitungo nung nagtanong ako.,negative
2026-08-05,Male,44,City Government Employee,Dental consultation,4,3,4,4,Slightly delayed yung start pero mabilis nilang binawi at maayos yung naging service hanggang matapos.,positive
2026-08-05,Male,68,City Government Employee,Maternal health consultation,2,3,3,3,Maayos yung handling pero medyo matagal yung transition mula sa isang step papunta sa susunod.,neutral
2026-08-05,Female,52,Pasigueño,Vital signs screening,2,2,2,2,Mabilis silang sumagot pero hindi naman nasagot nang maayos yung concern ko kaya wala ring na-resolve.,negative
2026-08-06,Male,48,Pasigueño,Dental consultation,4,3,4,4,Hindi sobrang bilis pero consistent at maayos yung assistance kaya wala naman akong naging problema.,positive
2026-08-06,Female,22,Pasigueño,Family planning consultation,2,3,3,3,"May konting delay at may konting confusion, pero naayos naman bago matapos yung transaction.",neutral
2026-08-06,Female,59,Pasigueño,Animal bite treatment,2,2,1,2,"May staff na tumulong naman, pero sobrang gulo ng sequence at kailangan ko pang ulitin yung information ko.",negative
2026-08-07,Female,52,Pasigueño,TB/DOTS consultation,4,4,3,4,May konting pila sa labas pero pagpasok ko mabilis na yung process at friendly yung nakausap ko.,positive
2026-08-07,Female,36,Non-Pasigueño,Wound care/dressing,3,2,3,3,Hindi sobrang bilis at hindi rin sobrang bagal; reasonable lang yung naging waiting time ko.,neutral
2026-08-07,Female,31,City Government Employee,Family planning consultation,1,1,2,1,Mabilis yung isang transaction pero pinabalik pa rin ako dahil mali yung unang advice na ibinigay.,negative
2026-08-08,Male,57,Non-Pasigueño,Vital signs screening,4,3,3,4,"Although may ilang clients na nauna, organized pa rin at nasunod naman yung tamang sequence.",positive
2026-08-08,Female,27,Non-Pasigueño,Wound care/dressing,3,3,2,3,"Magalang naman yung staff, pero sana mas mabilis yung pag-verify ng requirements.",neutral
2026-08-08,Female,35,City Government Employee,TB/DOTS consultation,2,2,3,2,Hindi ako natagalan sa queue pero kulang yung explanation at muntik nang mali yung ma-process kong request.,negative
2026-08-09,Female,69,Pasigueño,Medical certificate,3,4,3,4,Nagkamali ako sa isang form pero hindi ako pinagalitan; maayos nila akong tinuruan kung paano itama.,positive
2026-08-09,Female,58,Non-Pasigueño,Laboratory request,3,2,3,3,Nakuha ko naman yung kailangan ko pero may ilang sandali na hindi ko alam kung ano yung next step.,neutral
2026-08-09,Male,56,Pasigueño,Animal bite treatment,2,1,2,2,May konting magandang part sa service pero hindi nito nabawi yung maling instructions at paulit-ulit na pagbalik.,negative
2026-08-10,Male,34,Non-Pasigueño,Wound care/dressing,4,3,4,4,Medyo matagal yung paghihintay pero malinaw naman ang updates kaya hindi ako nag-aalala kung ano na yung status.,positive
2026-08-10,Male,42,Pasigueño,Medical consultation,3,3,2,3,Mabilis yung consultation pero medyo matagal yung registration bago ako nakapasok.,neutral
2026-08-10,Male,52,City Government Employee,Maternal health consultation,2,2,3,2,Maayos yung waiting area pero sobrang bagal ng actual processing at walang malinaw na dahilan.,negative
2026-08-11,Male,57,Non-Pasigueño,TB/DOTS consultation,4,3,3,4,May maliit na delay sa isang counter pero mabilis naman yung follow-up at magalang yung staff.,positive
2026-08-11,Female,24,City Government Employee,Vital signs screening,2,4,3,3,"Okay naman yung assistance, although kailangan ko pang mag-follow up para malaman kung ready na.",neutral
2026-08-11,Male,30,Pasigueño,Nutrition counseling,2,3,2,2,"Mabilis sana yung service, kaso hindi maayos yung client handling at parang ayaw sumagot sa follow-up.",negative
2026-08-12,Male,52,City Government Employee,Medical consultation,4,4,4,4,Hindi instant yung service pero straightforward yung process at walang unnecessary na balik-balik.,positive
2026-08-12,Female,27,Pasigueño,Family planning consultation,3,4,2,3,Maayos naman overall pero may konting inconsistency sa instructions na natanggap ko.,neutral
2026-08-12,Male,23,Pasigueño,Laboratory request,3,2,2,2,"Hindi naman lahat ng staff masungit, pero yung naka-handle ng concern ko hindi talaga naging helpful.",negative
2026-08-13,Female,26,Non-Pasigueño,Referral assistance,4,4,3,4,May konting confusion sa queue number pero inayos agad ng staff at naging okay na yung rest ng visit ko.,positive
2026-08-13,Male,41,City Government Employee,Medical certificate,4,3,2,3,"Hindi ako pinabalik-balik, pero medyo matagal bago natapos yung final checking.",neutral
2026-08-13,Female,19,City Government Employee,Referral assistance,2,2,2,2,May update tungkol sa status pero mali naman yung information kaya naghihintay ako sa wala.,negative
2026-08-14,Female,48,Non-Pasigueño,Medical consultation,4,3,4,4,Busy yung office nung time na pumunta ako pero maayos pa rin yung treatment at mabilis sumagot sa questions.,positive
2026-08-14,Female,63,Non-Pasigueño,Laboratory request,3,2,3,3,Decent naman yung experience; may helpful staff pero may parts din na puwede pang mas organized.,neutral
2026-08-14,Male,35,Non-Pasigueño,Nutrition counseling,1,1,2,1,Mabilis yung registration pero sobrang tagal bago naasikaso yung actual concern ko at walang proper guidance.,negative
2026-08-15,Female,58,Non-Pasigueño,Nutrition counseling,3,4,3,4,"Nag-antay ako nang kaunti pero naging positive pa rin yung experience dahil malinaw, organized, at helpful yung service.",positive
2026-08-15,Male,21,City Government Employee,TB/DOTS consultation,2,4,3,3,May ilang delay pero manageable naman at natapos din yung kailangan ko without major problem.,neutral
2026-08-15,Male,41,Pasigueño,Medical certificate,2,1,2,2,"Natapos din naman sa huli, pero hindi acceptable yung dami ng balik at inconsistent na instructions.",negative
